Date,Open,Close,Volume,Return
,SPY,SPY,SPY,
1998-01-02,59.40796340756657,59.56,2360900,0.0
1998-01-05,59.73230825090759,59.69,4191800,0.002242553695691818
1998-01-06,59.36980999967966,58.74,3154900,-0.01597990703752139
1998-01-07,58.663973609027174,58.89,4424200,0.0025989058735507164
1998-01-08,58.79749045029185,58.38,3831000,-0.008746813631600459
1998-01-09,58.14885339239762,56.36,10258800,-0.034640440660677396
1998-01-12,55.630589459804774,57.39,12097900,0.01828017888254796
1998-01-13,57.767302126024596,58.19,5224900,0.01396293519379066
1998-01-14,58.41594995593278,58.45,3770400,0.004590262509755139
1998-01-15,58.30148076893409,57.97,2875400,-0.00832250403027579
1998-01-16,58.75932613028712,58.8,4374800,0.014315934914921558
1998-01-20,59.02639033876617,59.75,5091700,0.016222824713575612
1998-01-21,59.35074599245762,59.18,4699400,-0.009577962871029189
1998-01-22,58.70210558434854,58.65,4543400,-0.008865220797048656
1998-01-23,58.911971797383956,58.57,6350300,-0.0014634588591940778
1998-01-26,58.83567328123568,58.53,4362900,-0.0006512563992340237
1998-01-27,58.492250388958794,59.12,7044200,0.010103887658283739
1998-01-28,59.46520592299444,59.66,4268600,0.00903504477776429
1998-01-29,59.73228315542673,59.98,8007700,0.005436341613731965
1998-01-30,60.30462105927464,60.02,3649100,0.0006362461629025873
1998-02-02,60.99145085070564,61.01,5756300,0.016529466657022596
1998-02-03,61.04868552020291,61.47,2759600,0.007504715652765892
1998-02-04,61.220375184319344,61.39,3374000,-0.0012416242184926096
1998-02-05,61.84992125259703,61.35,5076200,-0.0006218013610906903
1998-02-06,61.6591562644142,62.04,5701200,0.011194227744521834
1998-02-09,62.097928930822256,61.83,2322200,-0.0033827688826582047
1998-02-10,61.92625123189539,62.42,3660400,0.009565301941242943
1998-02-11,62.32687677714247,62.37,4073200,-0.0009169729150462214
1998-02-12,62.09793481237091,62.63,5024700,0.004282502393627263
1998-02-13,62.384115773088794,62.27,2101300,-0.0057871447511582685
1998-02-17,62.765659588139236,62.57,3055500,0.004901794118520986
1998-02-18,62.460400406759675,63.15,3007400,0.009146085348182176
1998-02-19,63.03271751316913,62.81,3387800,-0.005287229850512221
1998-02-20,62.97554494416747,63.28,3707000,0.007442122426293496
1998-02-23,63.64325198611698,63.53,3227800,0.003918998010631336
1998-02-24,63.43338873426793,63.03,3386800,-0.007807939261509023
1998-02-25,63.33798728680575,63.81,3481800,0.012408994884244517
1998-02-26,63.75772707527514,64.18,3187600,0.0056805964790691554
1998-02-27,64.08204824830915,64.18,3442900,0.0
1998-03-02,64.25370850845714,64.04,4252300,-0.0020814646930258363
1998-03-03,63.814955288764985,64.41,3349200,0.005660350835728245
1998-03-04,64.15833649950932,63.99,4404100,-0.006516861013393882
1998-03-05,63.185355522529996,63.4,7268000,-0.009242974408826488
1998-03-06,63.8340046975465,64.67,6896300,0.020162619472528398
1998-03-09,64.4254184472201,64.44,3362800,-0.0035397478433975005
1998-03-10,64.84516067504883,65.06,5481900,0.009473569437385532
1998-03-11,65.3029963665376,65.36,3439600,0.004691627933322895
1998-03-12,65.3793091175168,65.63,3191300,0.004086427569565343
1998-03-13,65.83717563697051,65.38,2879400,-0.0037790470574886603
1998-03-16,65.83717197964428,66.09,3223600,0.010796558964417224
1998-03-17,66.12333354170322,66.28,4581900,0.0028867743710774274
1998-03-18,66.08519182787742,66.52,1944100,0.0037422921490488648
1998-03-19,66.5239793092217,66.7,2554800,0.002581017041134892
1998-03-20,67.0786636751802,67.27,3123300,0.008610907240684362
1998-03-23,67.17427988606957,67.12,4453100,-0.0022760028907096164
1998-03-24,67.38475939296207,67.69,3333600,0.008552207398219158
1998-03-25,68.20747040011359,67.44,4597600,-0.00367421184329475
1998-03-26,67.26994959982558,67.4,3333500,-0.0005677743111254241
1998-03-27,67.80565306642852,67.12,2611300,-0.004257840138516489
1998-03-30,67.11687068645436,67.08,3108700,-0.0005702987242223179
1998-03-31,67.44211700031742,67.31,5926500,0.0034226075214791596
1998-04-01,67.53782129549903,67.85,2929000,0.008101816561116859
1998-04-02,67.92046476441281,68.59,3920900,0.010855667976021222
1998-04-03,68.7813957419754,68.93,3787600,0.005020443276165354
1998-04-06,69.33629578695526,68.38,4550500,-0.008048031642730602
1998-04-07,68.4179168959067,67.92,5583700,-0.006715417074841579
1998-04-08,68.09265448810696,67.54,4854800,-0.005633940775101598
1998-04-09,67.69085121262,68.07,4481200,0.00793170962265699
1998-04-13,68.18833022778843,67.88,4350200,-0.0028100774107792104
1998-04-14,68.03526119362249,68.46,3279100,0.008455337294689835
1998-04-15,68.55184407909313,68.65,3867200,0.002794926113557139
1998-04-16,68.15005350301175,67.84,7177900,-0.011705794527219315
1998-04-17,67.78656788121815,68.74,5688800,0.013254854685553097
1998-04-20,68.57099217880011,68.72,3688300,-0.000278458849575447
1998-04-21,68.8388281040292,69.05,4573200,0.0047324546207125895
1998-04-22,69.10668053986717,69.24,2386100,0.002770808187192886
1998-04-23,68.95360377856663,68.57,5062000,-0.009671417733778997
1998-04-24,68.41790885086188,67.84,11039700,-0.010602452320563227
1998-04-27,66.96380983655841,66.56,14510200,-0.01889492647687252
1998-04-28,67.2125687146228,66.47,6511400,-0.0014366574366335705
1998-04-29,66.75335208506773,66.93,7703100,0.006907920261564504
1998-04-30,67.69086873206804,68.17,8684500,0.01858239764525238
1998-05-01,68.41787793415968,68.93,4008800,0.011226099938097756
1998-05-04,69.01100610850848,68.76,4537200,-0.002497626828410149
1998-05-05,68.57097685801345,68.28,5146400,-0.006955766292643495
1998-05-06,68.64749936351771,67.48,5526100,-0.011768111686559668
1998-05-07,67.65259783347697,66.94,6940400,-0.00793890823674448
1998-05-08,67.34645435861044,68.04,7951000,0.016290019744546136
1998-05-11,68.30308662311218,67.81,6336300,-0.0033744834462253737
1998-05-12,67.84394384029522,68.53,6045200,0.01072290825426192
1998-05-13,68.6092323976717,68.7,4441500,0.0025123793238572834
1998-05-14,68.28398167983578,68.36,4187500,-0.005012499322620267
1998-05-15,68.57096006016042,67.98,6716100,-0.00559767477081019
1998-05-18,67.7865215386668,67.71,4847200,-0.003940407136122315
1998-05-19,67.958724063399,68.17,5918700,0.006781722442794846
1998-05-20,68.6283920877736,68.82,5716600,0.009542957185231016
1998-05-21,68.80058489235407,68.38,6301500,-0.006394217156829418
1998-05-22,68.41789861100443,68.11,4862200,-0.003917698540388703
1998-05-26,68.62837245809395,67.02,6899300,-0.016011005038674142
1998-05-27,66.44724410262592,67.12,10202600,0.0014270414798247533
1998-05-28,67.26992875790893,67.42,4907600,0.004560798368197672
1998-05-29,67.72914633910818,66.75,4772600,-0.00993135207200957
1998-06-01,66.71513896076893,67.06,6092200,0.004586090633750484
1998-06-02,67.346472571622,67.12,6701100,0.0008553264951205453
1998-06-03,67.26993715500639,66.05,6445100,-0.015963590001482286
1998-06-04,66.27509725351517,67.27,6566300,0.018540762021599377
1998-06-05,67.57606230463301,68.57,8463200,0.019339446527995463
1998-06-08,68.53269558698771,68.49,4159900,-0.001115965629593707
1998-06-09,68.39877462958069,68.7,2725300,0.003072723955417578
1998-06-10,68.34133107138322,68.26,6186900,-0.006405569705266512
1998-06-11,68.22656202493344,66.98,8056600,-0.01877765265427478
1998-06-12,67.26997147513164,67.61,9779000,0.009426409368365585
1998-06-15,66.61946325903541,65.84,10234200,-0.02631582213699779
1998-06-16,66.37071650766549,66.85,7471500,0.015402133865422662
1998-06-17,67.44214628201958,68.25,12057700,0.020893089231772244
1998-06-18,68.07351811762696,67.94,3844600,-0.004485583283455052
1998-06-19,68.21337117720977,67.6,3549100,-0.005010455949470027
1998-06-22,67.71431814745074,67.93,5438300,0.004826440460658388
1998-06-23,68.2325541164182,68.73,5004600,0.01186796904097931
1998-06-24,68.88511884977876,69.65,8291900,0.013403914800506955
1998-06-25,69.95995936655649,69.54,5854800,-0.0016532050523032638
1998-06-26,69.59530925278875,69.83,4833100,0.004140569816311279
1998-06-29,70.17110895947279,70.08,5953400,0.003573354341067203
1998-06-30,69.95995818746728,69.6,4284800,-0.006847769200041487
1998-07-01,70.05593924901997,70.4,3489500,0.011583214326079894
1998-07-02,70.45900822023145,70.54,3503900,0.0019085022142679708
1998-07-06,70.49733774415377,71.25,3144400,0.010067206286979768
1998-07-07,71.23632176717122,71.11,4920700,-0.0018852387040951823
1998-07-08,71.16914951532983,71.63,6875000,0.007287515415898005
1998-07-09,71.41863279957511,71.15,6942500,-0.006699252076441176
1998-07-10,71.26512863490804,71.53,7849700,0.0053958051475251345
1998-07-13,71.59138057364926,71.55,6555100,0.0002678090626970775
1998-07-14,71.8217231365983,72.36,6983600,0.01126640091254627
1998-07-15,72.51268593339314,72.22,4977500,-0.0018567611569362263
1998-07-16,72.28239790875416,72.72,6315600,0.006909838298607696
1998-07-17,72.8581728857319,72.82,3539500,0.0013192321491890535
1998-07-20,72.934946513641,72.82,2338400,0.0
1998-07-21,73.08846574382208,71.55,5518600,-0.01739626502218261
1998-07-22,71.45702677632606,71.55,10417300,0.0
1998-07-23,71.43785729953743,70.13,15110900,-0.01984945717876263
1998-07-24,70.61255740205152,70.08,11540500,-0.0008207837010306696
1998-07-27,69.78721293723548,70.57,9600000,0.007120935266610173
1998-07-28,70.28625298759914,69.38,13693000,-0.016861410026535406
1998-07-29,69.84480506199925,69.12,7462400,-0.003872746519503756
1998-07-30,69.78723410881658,70.15,6821600,0.014995969246837992
1998-07-31,70.22865941253227,68.65,7680500,-0.021340951137205577
1998-08-03,68.65480627309466,68.37,10486500,-0.004193373236777376
1998-08-04,68.92353844642639,65.72,15091600,-0.038741937690569106
1998-08-05,66.29399726535772,66.62,21718400,0.013725964354262654
1998-08-06,66.40920493497427,66.91,13084400,0.004322236211548924
1998-08-07,67.36884244938487,67.02,12083800,0.0017206785653851586
1998-08-10,66.79305072204309,66.64,6273000,-0.005727222868913695
1998-08-11,65.58383064270019,65.64,14287100,-0.01497749231702572
1998-08-12,66.17885185535644,66.75,11158400,0.01695946337824039
1998-08-13,66.8314363659469,65.95,9073900,-0.012075775235306119
1998-08-14,66.5435408939321,65.18,8628500,-0.01164136030894003
1998-08-17,65.10403755654376,66.56,11290000,0.021201447343024427
1998-08-18,66.94661995184651,67.79,7603900,0.018454673276244282
1998-08-19,68.23255135598184,67.62,6258600,-0.002548528679078843
1998-08-20,67.36885639410711,67.22,7402800,-0.005960707553779976
1998-08-21,66.44758131590531,66.68,16685400,-0.007995305358826199
1998-08-24,67.10009002685547,67.1,7201700,0.006331749966760558
1998-08-25,67.79107721755494,67.25,9688300,0.002288701586809605
1998-08-26,66.50519807905336,66.87,9339700,-0.0057065898043714425
1998-08-27,65.71824473185713,63.72,24887800,-0.04707266638432417
1998-08-28,64.47064291436266,63.49,23735900,-0.00361492145709863
1998-08-31,63.722111731767654,58.96,22563100,-0.07134203224960078
1998-09-01,59.00050886060058,61.46,24748500,0.04231727175228306
1998-09-02,61.30372821943458,61.02,13843200,-0.007182824929566789
1998-09-03,59.96019337036674,60.54,17311300,-0.007864052947267774
1998-09-04,61.073427578372424,60.04,17783800,-0.008243227676747344
1998-09-08,61.95630788340152,63.26,14746500,0.0537081590905264
1998-09-09,63.107911551176606,61.73,12109700,-0.02427185344181959
1998-09-10,60.45921375303704,60.5,19889300,-0.01990062849261698
1998-09-11,60.30569097874131,62.46,20379800,0.032360824393188325
1998-09-14,63.184647417788774,63.53,10686800,0.017208704264814134
1998-09-15,63.18468266850835,63.91,8337900,0.0060428573435806765
1998-09-16,64.33631324768066,64.49,11024900,0.009009423038816688
1998-09-17,62.80081743352554,62.65,12945200,-0.028571783482780555
1998-09-18,63.09968898972861,62.93,7019200,0.0044545914332962955
1998-09-21,61.404697547900916,62.89,8834600,-0.0006122784749198473
1998-09-22,63.79311060297098,63.41,7270100,0.008269913577022336
1998-09-23,64.0242131135174,65.95,13688500,0.0400966863367862
1998-09-24,65.52659943632024,64.33,11129500,-0.024532515401581745
1998-09-25,63.561937620313905,64.26,10247400,-0.001197911286729414
1998-09-28,64.91023570812676,64.83,8847800,0.008993032121771494
1998-09-29,64.94877211915517,64.68,10618100,-0.002376492971841282
1998-09-30,63.79308551535267,62.71,7908400,-0.030375443771312738
1998-10-01,61.65510607942006,60.9,13335600,-0.028869566761853926
1998-10-02,60.94244644207649,62.08,14351800,0.019291668203825996
1998-10-05,61.38542936903681,60.83,12807200,-0.02016794071379413
1998-10-06,62.09808821640377,60.77,12621000,-0.0009500548590988256
1998-10-07,60.78835299576571,59.86,14348500,-0.014896568452238634
1998-10-08,58.28437638321342,59.54,20625000,-0.005470103116433256
1998-10-09,59.786772820218346,60.73,12708500,0.020058629733727518
1998-10-12,62.02106233759573,61.62,9508500,0.014589116751689835
1998-10-13,61.366175023345754,61.4,6256800,-0.003438680628334523
1998-10-14,60.98094649519366,61.98,8176900,0.009410212778593774
1998-10-15,61.71289787866204,65.31,20541100,0.05376054230251581
1998-10-16,65.4110368062865,65.33,16573900,0.00029471083412158094
1998-10-19,65.14134021315255,65.57,7915900,0.0035371229165979123
1998-10-20,66.29703415665671,65.95,14611600,0.005875783869364604
1998-10-21,65.87328970082899,65.72,9178400,-0.003504645057368805
1998-10-22,65.81548521266038,66.7,8277500,0.014946922705700416
1998-10-23,66.54742211617723,65.85,6237200,-0.01270557295864816
1998-10-26,66.39337779586738,66.34,5838600,0.0073127656946820885
1998-10-27,66.83634762452027,65.95,10089700,-0.005807764902431178
1998-10-28,65.68066540623771,65.83,5650600,-0.0017524960545991508
1998-10-29,66.00812772191344,67.43,9625600,0.02428354868814142
1998-10-30,67.87646037882024,67.8,9872800,0.005426967367596625
1998-11-02,68.30018993782598,68.96,6501400,0.017045204552244675
1998-11-03,68.78173263755887,68.45,6866000,-0.007262383964557029
1998-11-04,69.32106957085148,69.19,8233600,0.010692519460423267
1998-11-05,68.74322887777922,70.13,6841500,0.013641357512737429
1998-11-06,69.93744123569584,70.34,5224800,0.0030214040689793276
1998-11-09,70.22631888118687,69.84,6188700,-0.0071199585850409974
1998-11-10,69.64850616455078,69.65,14015200,-0.002757528447014379
1998-11-11,70.14930129953906,69.19,10922400,-0.006637113128547201
1998-11-12,69.2247438207518,69.11,5457400,-0.00111387051643963
1998-11-13,69.16697437856003,69.78,5524600,0.009754944593221904
1998-11-16,70.39966595793423,70.3,6023700,0.007452025284473196
1998-11-17,70.05296445663662,70.3,9058900,0.0
1998-11-18,70.45744747170176,70.73,4567700,0.006027367706869846
1998-11-19,71.05457257709544,71.34,5249300,0.008714995766607503
1998-11-20,71.71908465586802,71.88,5562000,0.007559404025222927
1998-11-23,72.40281097651776,73.58,7151300,0.023579194811874427
1998-11-24,73.34665106722125,73.12,5323700,-0.006282156063750377
1998-11-25,73.30812866645064,73.12,4393500,0.0
1998-11-27,73.63554684986131,73.65,4557900,0.0073758814332747225
1998-11-30,73.3562920244954,71.57,8705400,-0.02824224734757308
1998-12-01,71.57460805181489,72.5,8950600,0.012916794134796072
1998-12-02,72.24874719974996,72.29,7495500,-0.002922460865480314
1998-12-03,72.26800388283472,71.09,12145300,-0.01652017865848243
1998-12-04,71.88282112838601,72.96,10339500,0.026280728342293003
1998-12-07,72.76882989495539,73.31,4290000,0.004751755243509903
1998-12-08,73.0577271683734,72.98,10102600,-0.0044669149500268235
1998-12-09,73.15403906336824,73.12,5327900,0.0018475339660646295
1998-12-10,73.25031811138346,72.05,5966600,-0.01462101590907694
1998-12-11,71.76724018027713,72.19,8198200,0.0020055535800174162
1998-12-14,71.59384469252366,70.11,9521400,-0.028815974099938746
1998-12-15,70.68860879988995,71.92,9631500,0.025824757110083807
1998-12-16,72.19095965728393,71.82,7260000,-0.0013393626220871147
1998-12-17,72.24873643653349,72.97,6914700,0.015955924669909916
1998-12-18,73.1651539259319,73.28,4802400,0.004249273273062348
1998-12-21,73.7448980641458,74.31,8580700,0.013976635956248762
1998-12-22,74.45993107776455,74.63,5461100,0.00442134319463694
1998-12-23,74.94305897847427,76.2,7791000,0.020973565918170012
1998-12-24,76.1605518999843,75.87,1507100,-0.004311354270869039
1998-12-28,76.2185574649425,75.68,4203600,-0.0025467289978069463
1998-12-29,75.89001054030199,76.88,3935800,0.015832232353532705
1998-12-30,76.64367528839033,76.26,6810700,-0.008044470565304218
1998-12-31,76.25717163085938,76.26,6790500,0.0
1999-01-04,76.29581368281389,76.08,9450400,-0.0022808993935076183
1999-01-05,76.02526451198975,76.95,8031000,0.01143006756058873
1999-01-06,77.80319583550454,78.81,7737700,0.024108680558619477
1999-01-07,78.15104775313615,78.42,5504900,-0.004904382926783968
1999-01-08,79.27191828374994,79.0,6224400,0.007392928954488731
1999-01-11,78.96271256936512,78.25,7578300,-0.009540151505567418
1999-01-12,78.05440037687059,76.84,7768800,-0.0180295005499177
1999-01-13,74.45994465836638,76.3,10810600,-0.00704188431768793
1999-01-14,76.45044956271198,74.96,11400700,-0.017477066568749144
1999-01-15,75.67742610912227,76.91,7817700,0.026037423338296284
1999-01-19,77.48430988351761,77.42,6535100,0.006532389711925157
1999-01-20,77.97711203746597,78.04,6534400,0.007988148011492502
1999-01-21,77.65826966046255,75.97,6937500,-0.026497976430882586
1999-01-22,75.52285093534121,75.79,7522300,-0.0022893009552495958
1999-01-25,76.23787040845244,76.57,5700300,0.010198710681165846
1999-01-26,76.75964777600842,77.96,6047000,0.018172603814518018
1999-01-27,78.1510193927383,77.05,7399400,-0.011651497159057
1999-01-28,77.45532572839905,78.34,5961700,0.016804782241462757
1999-01-29,78.750145630854,78.94,6456800,0.007647187941814071
1999-02-01,79.58113486283636,78.48,9426800,-0.005875076795625933
1999-02-02,78.58590126510182,78.0,9194500,-0.006155945698809617
1999-02-03,77.72591007729503,78.79,10290700,0.01015831218444796
1999-02-04,78.76946611138453,77.61,7761100,-0.014962034006955505
1999-02-05,77.70660076958106,76.72,7516100,-0.01145392888979413
1999-02-08,77.35872477535749,76.88,8528400,0.0020148216329451962
1999-02-09,76.91423137073316,75.16,8985700,-0.022373230961793444
1999-02-10,75.52281995177817,75.64,6936700,0.0064284119056319255
1999-02-11,76.10257435892964,77.38,9181800,0.02299436410172362
1999-02-12,77.18476574534232,76.45,10676600,-0.011988254102160756
1999-02-16,77.14613674470391,75.99,6915500,-0.006066458906075378
1999-02-17,76.17989254192034,75.91,7858100,-0.0010170969682979925
1999-02-18,76.17990983354531,76.51,9048900,0.007892285801956334
1999-02-19,76.68231262575452,76.84,5312200,0.004293329732789175
1999-02-22,76.95291028917566,78.89,10695800,0.026660562111564312
1999-02-23,78.90476207733154,78.85,7770700,-0.000489860847603385
1999-02-24,79.05929664794556,77.46,7271000,-0.017647890979104575
1999-02-25,77.01089382411851,76.72,11633000,-0.009480190642009223
1999-02-26,77.14613063659823,76.41,9621300,-0.004030737142696306
1999-03-01,76.46976526363801,76.62,7607200,0.0027822031654312074
1999-03-02,76.99153512270395,75.95,9651500,-0.008827369545236552
1999-03-03,76.12188050451836,76.35,7881400,0.00534322994483083
1999-03-04,76.72100274034274,77.32,8256400,0.012655574233128908
1999-03-05,78.84673702151667,78.88,10703100,0.020119496792046387
1999-03-08,79.32985710656631,79.39,4802200,0.006492591357714073
1999-03-09,79.23323806755249,79.19,7893400,-0.0024341883088614402
1999-03-10,79.44584054121027,79.89,3950000,0.008785096770358658
1999-03-11,80.1995184318871,80.78,6583700,0.01112718242402333
1999-03-12,81.0111965013587,80.01,5286500,-0.009569129896473294
1999-03-15,80.35412125247919,81.15,5394400,0.014250970573448818
1999-03-16,81.08852308229085,80.84,4547500,-0.0038098809066693384
1999-03-17,80.81792328503667,80.49,4524100,-0.0043037114036837965
1999-03-18,80.25750510679076,81.78,3506300,0.016086588828374326
1999-03-19,82.02128031903003,80.39,5526700,-0.016997993771793007
1999-03-22,80.62649945676068,80.55,4603800,0.001927798928882396
1999-03-23,80.16159436630696,78.22,9713800,-0.028859734866997777
1999-03-24,78.6311853874261,78.67,6280900,0.005695683820982733
1999-03-25,79.38670201099056,80.28,6639600,0.020438397214739945
1999-03-26,79.73539176054469,79.7,6159700,-0.007239473515644246
1999-03-29,80.06470054679183,81.3,5863900,0.020174805683975228
1999-03-30,80.5490166907396,80.88,5401400,-0.00524165680984201
1999-03-31,81.30455035476164,79.58,7413600,-0.01604762092526979
1999-04-01,80.39405428288956,80.18,7683600,0.00754613730706466
1999-04-05,81.16896531422633,82.08,5791100,0.0236775771662896
1999-04-06,81.9437820510377,81.89,5381300,-0.00236096386070761
1999-04-07,82.25376116079613,82.54,6248600,0.00804385163475585
1999-04-08,82.56373473484575,83.59,5909100,0.012673334533662706
1999-04-09,83.33860103900615,83.61,4365800,0.00023155483642023356
1999-04-12,82.73806575021302,84.5,8213200,0.010657999134037643
1999-04-13,84.46214655659196,83.96,10071400,-0.006419455917253125
1999-04-14,84.34594349837644,82.54,11551700,-0.016843221542254372
1999-04-15,82.71868405830733,82.23,11150000,-0.003755065507301203
1999-04-16,82.38936551547894,81.54,6476200,-0.008480488002876041
1999-04-19,82.25376689572131,80.28,12487200,-0.015443028807218928
1999-04-20,80.4715298051716,81.29,9049600,0.012548167327398385
1999-04-21,81.24641858614407,83.61,5772200,0.028598747086597154
1999-04-22,83.76482028011229,84.4,6897400,0.00949994547812949
1999-04-23,84.22970022806307,84.19,4593100,-0.002525261199163298
1999-04-26,84.61710815848596,84.68,3606500,0.005752021485667891
1999-04-27,85.00458879592424,85.08,5147200,0.00480486146344683
1999-04-28,84.57842705850786,83.92,5544300,-0.013660927782746524
1999-04-29,84.03600510931979,83.28,9824300,-0.007617777954754934
1999-04-30,83.74539882380788,82.6,10991900,-0.008141728536798398
1999-05-03,82.71871388425261,84.11,10709700,0.01829310193862166
1999-05-04,83.76478516765845,82.91,10509300,-0.014279371514998918
1999-05-05,83.02867286339037,83.57,10032300,0.007944240329142982
1999-05-06,83.33859596007767,83.06,13507200,-0.006143148104361673
1999-05-07,83.37733346444588,83.69,8680700,0.007580095014586341
1999-05-10,83.59041373508121,83.27,5580100,-0.004976998940656729
1999-05-11,83.88103773274327,84.11,7000600,0.010120329284059482
1999-05-12,84.15223453947134,84.77,13865800,0.007830348052254354
1999-05-13,85.08205870540476,85.14,4485700,0.004341454168899306
1999-05-14,83.41611008620713,82.93,8370100,-0.025938006323405594
1999-05-17,82.83491199850536,83.18,6268100,0.0030362359358817592
1999-05-18,83.39670218655955,83.03,8218600,-0.0018630580346292724
1999-05-19,83.35794165644182,83.63,5052400,0.007232652765680303
1999-05-20,83.76478147451152,83.13,4670400,-0.006022383920360808
1999-05-21,83.14490036464893,82.66,6418200,-0.005592805641560061
1999-05-24,82.97052531428741,81.29,7952000,-0.016639638783182198
1999-05-25,81.4401415743569,79.97,15406400,-0.016205803378345873
1999-05-26,80.16158411293779,80.86,12575900,0.011143392178330824
1999-05-27,80.49090203232828,79.7,14515400,-0.014374787466876926
1999-05-28,79.96785224924622,80.71,8748000,0.012761249546357378
1999-06-01,80.66521912503106,80.43,6705300,-0.0034804750369660242
1999-06-02,80.43281904703385,80.51,6981900,0.0009641942001892279
1999-06-03,81.01394197637883,80.96,6076600,0.005533682686438723
1999-06-04,81.49825637641995,82.58,9787200,0.020100664948833558
1999-06-07,82.7187077330829,82.8,5299100,0.002580482803048012
1999-06-08,82.67993029214033,81.98,4895700,-0.009827259070297134
1999-06-09,82.07941597908764,81.91,7409700,-0.0009449435886172974
1999-06-10,81.4788687189885,81.15,7040700,-0.009224382632473827
1999-06-11,81.34326197771597,80.47,12824800,-0.008355244657678007
1999-06-14,81.01394058822038,80.55,6823500,0.0009629712569623194
1999-06-15,80.87837608362918,81.09,5700900,0.006734503282905813
1999-06-16,82.06005063170957,82.64,7865800,0.019111056626130107
1999-06-17,82.3699931256781,83.42,8162800,0.009376336613106329
1999-06-18,83.3570144852132,83.51,2875100,0.0011553468679279533
1999-06-21,83.60962676470658,83.71,4646400,0.0023268465747530165
1999-06-22,83.31815335638002,83.12,5862400,-0.0069639702085790844
1999-06-23,82.69638976979093,82.72,9629200,-0.0049086713251669245
1999-06-24,82.6186491944804,82.09,9176900,-0.007517251862433683
1999-06-25,82.4438081072211,81.89,4087000,-0.002484798649247999
1999-06-28,82.50209041117951,82.89,5028900,0.01221960310955672
1999-06-29,82.69637314530233,83.67,6956200,0.009376187912173872
1999-06-30,83.70672092298521,85.18,16856100,0.01811376973860157
1999-07-01,85.18348397791911,85.82,9939500,0.007527878676927724
1999-07-02,85.88299711732367,86.68,3772800,0.009961673766718304
1999-07-06,86.58248749463547,86.66,11221100,-0.00022427060343144234
1999-07-07,86.4659209877079,86.78,3230700,0.0013454852819334562
1999-07-08,86.4658845192448,86.84,7101500,0.0007832769621267666
1999-07-09,87.0487992364741,87.36,2976800,0.005929059145549642
1999-07-12,87.63173823488728,86.97,4436300,-0.004448138053409267
1999-07-13,86.66020965576172,86.66,6477600,-0.0035746379921323124
1999-07-14,87.04881288322186,87.15,4382500,0.005605293621371521
1999-07-15,87.53458558278344,87.7,3348600,0.006354621219575973
1999-07-16,87.826054364167,88.18,2281500,0.005428282134611662
1999-07-19,88.40897068473862,87.59,4287000,-0.006610841437318937
1999-07-20,87.12655494162078,85.8,7060100,-0.02051907612376125
1999-07-21,85.86356200583735,85.7,4793700,-0.0011324634543772305
1999-07-22,85.45556222739266,84.57,7804100,-0.013149956185804945
1999-07-23,84.96973555478822,84.41,4603000,-0.0019536394925300238
1999-07-26,83.86221465639811,83.78,4333400,-0.007366249623981913
1999-07-27,84.5617080590214,84.48,5908500,0.008348721671427084
1999-07-28,84.71714325860682,84.76,3955500,0.0032197632452655167
1999-07-29,83.90106653507519,83.57,7760600,-0.013984342080875956
1999-07-30,83.82333955926411,82.54,5994300,-0.012322772448062458
1999-08-02,82.54094694969854,82.74,6065500,0.0023543267814076785
1999-08-03,83.14327069688035,82.35,5445400,-0.004697317248041011
1999-08-04,82.52148083408483,81.22,6497900,-0.013685852085027261
1999-08-05,81.37510683322868,81.96,10322000,0.009091250673986195
1999-08-06,81.58883353916363,81.06,7537700,-0.010905754597528516
1999-08-09,81.20021660443027,80.89,5565900,-0.0021573143516273596
1999-08-10,80.75331249519665,80.0,9793300,-0.011049745121966659
1999-08-11,80.63675990515485,80.97,8003400,0.012145150108634262
1999-08-12,81.25850669154602,80.92,7036800,-0.0006003288381069005
1999-08-13,81.84144437942558,82.79,5857700,0.023172319144013187
1999-08-16,82.77410129297559,83.16,3927000,0.004458936510284062
1999-08-17,83.59019622165181,83.71,4808000,0.006542203459848794
1999-08-18,83.4444809709165,83.1,4355500,-0.007195750124298073
1999-08-19,82.30774083333102,82.42,6448100,-0.008183946886831883
1999-08-20,82.73525538405572,83.26,3663700,0.010137250624125294
1999-08-23,83.82333855861545,84.85,5637800,0.019136191119632162
1999-08-24,84.60055406567389,85.16,9279500,0.003663771380953529
1999-08-25,85.30005362837187,86.04,6005300,0.010266943578931764
1999-08-26,85.98016374860492,85.01,4322300,-0.011968811127061607
1999-08-27,85.10572289604106,83.98,6247400,-0.012115055376597073
1999-08-30,84.15364153662811,82.42,4652000,-0.018509778498069895
1999-08-31,82.65749645097753,82.11,11453700,-0.0037717333080575788
1999-09-01,82.65751501353559,83.12,6863900,0.012305007269037382
1999-09-02,82.15232391267186,82.14,10896300,-0.011804546383644365
1999-09-03,83.8622358879312,84.54,9160800,0.02921378307498479
1999-09-07,84.6005645083171,84.23,4560800,-0.003677693852314201
1999-09-08,83.84280243238256,83.82,6159600,-0.004843947343822319
1999-09-09,83.78449249267578,83.78,6177800,-0.00046382522745047616
1999-09-10,84.71715237530636,84.48,2934500,0.008348721671427084
1999-09-13,84.01764218470724,83.91,2320500,-0.006784855896766029
1999-09-14,83.35701751708984,83.36,3736000,-0.006599351739301373
1999-09-15,84.21197212685459,82.04,6984500,-0.015850689164178866
1999-09-16,82.38547667701022,82.36,15377600,0.003907802678238426
1999-09-17,82.69544983623184,83.4,8542300,0.012635195957537704
1999-09-20,83.51384484483418,83.28,2803900,-0.0014017014544230877
1999-09-21,82.46165240198431,81.53,9335200,-0.02105741658397975
1999-09-22,81.8381459080641,81.44,13009100,-0.0010752564402386477
1999-09-23,82.1888469796726,79.73,12204100,-0.02093592171051817
1999-09-24,79.6557388305664,79.66,13792900,-0.000977814640255259
1999-09-27,80.27929583673489,80.18,6970300,0.006605056760425665
1999-09-28,79.77266966004949,80.03,11063400,-0.0019442227952011226
1999-09-29,80.08439255324768,79.07,7580300,-0.011931359645882211
1999-09-30,79.46090059002626,80.28,7498900,0.015278924239302993
1999-10-01,79.77269328977324,80.1,11127100,-0.002184109543423962
1999-10-04,80.55209617906502,81.53,6341600,0.017757136990131928
1999-10-05,81.50684292624442,81.45,11976000,-0.0009564073820050867
1999-10-06,81.52634918184127,82.7,10308200,0.015311266258215106
1999-10-07,82.84163796574018,82.23,6535600,-0.005654641638666136
1999-10-08,82.14987085735987,83.47,9674300,0.015165383485209238
1999-10-11,83.29953043600763,83.34,4282000,-0.0016336389604886259
1999-10-12,83.00723780421626,82.05,8686100,-0.015431538180981974
1999-10-13,81.48736401896893,79.93,10469300,-0.02588486235887666
1999-10-14,80.11366051239258,79.91,10562200,-0.00024369072029939431
1999-10-15,78.56459059156813,77.86,14238700,-0.025603405665600598
1999-10-18,77.90212029309006,78.43,9758800,0.007257628721275111
1999-10-19,79.30502957246435,79.19,14392900,0.009689054513419837
1999-10-20,79.65577264975386,79.97,9759400,0.00984262494405952
1999-10-21,79.32451294189276,80.44,9105400,0.0058478243343871306
1999-10-22,80.90280385215553,81.12,8309600,0.008478488492477121
1999-10-25,80.63004384761498,80.71,8114300,-0.00504402387241909
1999-10-26,81.17562055517816,79.69,6256300,-0.012554453315324565
1999-10-27,80.04548268313596,81.14,5433300,0.018093006063997885
1999-10-28,82.57855871318387,83.9,10509700,0.03410171415503749
1999-10-29,84.70240825632193,85.42,10988600,0.018113724444316803
1999-11-01,85.11158087639393,84.53,4006500,-0.010492907184147082
1999-11-02,84.78037089606242,83.92,6516900,-0.007145690012009931
1999-11-03,84.79989297451567,84.49,7222300,0.006733662073982405
1999-11-04,85.26753090622496,85.13,7907500,0.007610600226042319
1999-11-05,86.4366175149207,85.97,7431500,0.009841725107426758
1999-11-08,85.42342266138049,86.05,4649200,0.0009070719396528926
1999-11-09,86.3586838495828,85.24,4533700,-0.009398009247100547
1999-11-10,84.95578191976632,85.87,6405600,0.007429858994775662
1999-11-11,86.16388139139444,86.36,4794100,0.005672941098912698
1999-11-12,86.82635065396059,87.14,11802900,0.00902492152280554
1999-11-15,87.19649672840669,87.34,2187500,0.0023470920775070514
1999-11-16,87.64472655237249,88.07,7544800,0.008366661792526875
1999-11-17,88.69690276749452,88.31,9459000,0.0026545490424123575
1999-11-18,88.81384401714249,88.93,4491000,0.007061236927303094
1999-11-19,88.79436554657785,88.85,4832100,-0.0008763477224225102
1999-11-22,88.81381247006479,88.83,4155400,-0.0002197298893700239
1999-11-23,89.06713532736725,88.05,5918000,-0.008773692714890036
1999-11-24,87.76162775481767,88.52,4459700,0.00531096701345013
1999-11-26,88.83331366423953,88.19,1693900,-0.0037420610052990577
1999-11-29,87.83953900728416,87.88,7348600,-0.0035354281179648117
1999-11-30,87.76160180132727,86.85,7682000,-0.011751619928163759
1999-12-01,86.86531034970957,87.55,6980200,0.008077534917700468
1999-12-02,87.68369708441,88.07,6698300,0.006009412288402016
1999-12-03,89.18403418468647,89.69,10045400,0.018362507760553815
1999-12-06,89.49579103385939,89.03,3138900,-0.007386568126919402
1999-12-07,89.33991634203919,88.31,10714200,-0.008097970219975048
1999-12-08,88.13186232100692,87.74,4611400,-0.006398579095728607
1999-12-09,88.42410762892243,88.17,6474700,0.004885248866574932
1999-12-10,88.71642799881586,88.46,5127300,0.003315386204203463
1999-12-13,88.19032737846005,88.62,4210800,0.0017621330779598043
1999-12-14,88.30721457771044,87.76,5739000,-0.009674856032515278
1999-12-15,87.52780903523045,88.23,6879100,0.005328654243571984
1999-12-16,88.65797383384738,88.62,5854900,0.004417181436665807
1999-12-17,89.38347188287067,89.19,4775400,0.006422297160596946
1999-12-20,89.11000084598254,88.54,4608700,-0.007227417325545105
1999-12-21,88.5044016765543,89.89,7981300,0.015220869204371379
1999-12-22,89.77409858852431,90.13,5377500,0.0026080810196646986
1999-12-23,90.64329284586589,91.56,5721700,0.015929460494854997
1999-12-27,91.5711264672429,91.43,2691000,-0.001386536216717582
1999-12-28,91.18047778654322,91.38,4084500,-0.0006407448828231743
1999-12-29,91.45391956132846,91.77,3001000,0.004275094954332648
1999-12-30,91.96179765671826,91.66,3641300,-0.001170517621698397
1999-12-31,91.78600889814662,91.81,3172700,0.0015983941312140981
2000-01-03,92.66497571918143,90.91,8164300,-0.00978747352311149
2000-01-04,89.71547826927335,87.35,8089800,-0.039106155566234535
2000-01-05,87.46920407158989,87.51,12177900,0.0017892643787909002
2000-01-06,87.27384543721776,86.1,6227200,-0.016071740568605608
2000-01-07,87.70356801525396,91.1,8066500,0.05807615991538917
2000-01-10,91.41492462158203,91.41,5741700,0.0034312975066335127
2000-01-11,91.14144273447742,90.32,7503700,-0.011966011839321111
2000-01-12,90.37960675440797,89.42,6907700,-0.0099485908802599
2000-01-13,90.30147476360716,90.63,5158300,0.013543036028989208
2000-01-14,91.59063440866733,91.86,7437300,0.013577317398120181
2000-01-18,90.84837641186638,91.14,6488500,-0.007867327209105768
2000-01-19,90.82885737321814,91.88,6157900,0.00814417647560095
2000-01-20,91.86413690339715,90.48,5800100,-0.015305844965525894
2000-01-21,90.94606935178393,90.28,6244800,-0.0021590282315455678
2000-01-24,91.04377916294014,87.72,7896900,-0.02834223536952707
2000-01-25,87.8305663348609,88.72,9942500,0.011355839586350669
2000-01-26,88.13331947377455,88.02,5158100,-0.007926134651070726
2000-01-27,88.66069256175648,87.66,10922700,-0.003994903457727794
2000-01-28,87.15664274185869,84.93,11916200,-0.03119431746362733
2000-01-31,84.89084569552635,87.23,10768700,0.02713941376552209
2000-02-01,87.35198840629764,88.09,8419900,0.00985189664337427
2000-02-02,88.30912546843197,88.17,6205900,0.0008870941271563737
2000-02-03,88.05515431504435,89.5,7997500,0.015063772980580037
2000-02-04,89.50062244021524,89.13,4925400,-0.004146441448456772
2000-02-07,89.10997352566605,88.99,5845800,-0.0015339338787186962
2000-02-08,89.98891720579732,90.2,4936400,0.01360791553077334
2000-02-09,90.30145680833195,88.31,8511500,-0.021004652720627903
2000-02-10,88.52395997710575,88.48,6690600,0.0019908684761993367
2000-02-11,88.66070078900937,86.69,9849800,-0.0203089492469839
2000-02-14,87.3715299637087,87.2,8528800,0.00585864668324354
2000-02-15,87.03945074821841,88.18,11078300,0.011312530957652278
2000-02-16,87.74267313977798,86.88,8845400,-0.014729963785911848
2000-02-17,87.78169725321108,86.43,7584200,-0.005171340214930598
2000-02-18,86.80505762254393,84.58,9409200,-0.02146876009019627
2000-02-22,84.50015785551149,84.36,16415400,-0.002540356643990549
2000-02-23,84.77364148591694,85.36,12119000,0.011808531678833667
2000-02-24,85.43773799363501,83.64,17375000,-0.02013763000459945
2000-02-25,84.50014763097474,83.34,10559900,-0.0036198276139649543
2000-02-28,83.3672165533509,85.09,13397800,0.02097723675943519
2000-02-29,85.04706874984457,85.91,8242500,0.009641952693808076
2000-03-01,86.02372537100557,86.53,6868000,0.007276060085577685
2000-03-02,86.6878677977414,86.59,7600200,0.0006774016414228257
2000-03-03,87.7817054356591,88.21,12770300,0.01872303142212406
2000-03-06,88.01609951694877,87.35,11967100,-0.009743169225454706
2000-03-07,87.50824583499602,85.66,20062000,-0.019342501675634005
2000-03-08,85.3009862647209,85.55,11808500,-0.001254371016298772
2000-03-09,85.78937435065525,88.06,5500900,0.02922447536770134
2000-03-10,87.62541565567547,87.59,7924600,-0.005324664151065028
2000-03-13,85.43771609679419,86.63,10540500,-0.010927675133652781
2000-03-14,87.05904119339758,85.4,8263900,-0.014204291504101407
2000-03-15,85.55494162670779,87.39,10300800,0.023329678197349102
2000-03-16,88.52401253119662,91.47,25601400,0.04671483396947229
2000-03-17,91.37302460015353,92.08,10272900,0.006608385122592653
2000-03-20,92.03885238667031,91.61,12502300,-0.005104049698861024
2000-03-21,91.19684075370313,93.49,13612600,0.020522104648792228
2000-03-22,93.72299399247846,94.06,8260000,0.0060743474073301496
2000-03-23,93.46843022138583,95.66,11654500,0.017072791862814185
2000-03-24,95.79876346300907,96.23,11462900,0.005936402636026239
2000-03-27,96.11206374801955,95.21,8798600,-0.01058225304614191
2000-03-28,94.78042975012606,94.66,6334400,-0.005759030989147873
2000-03-29,94.97625907114356,94.76,6747500,0.0010343610318142016
2000-03-30,94.09504063443107,93.17,9491900,-0.016738947742336197
2000-03-31,93.76217662782742,94.23,9249100,0.01134976468542126
2000-04-03,94.07547794058303,94.78,8508200,0.0058185448893297576
2000-04-04,95.09375688614794,94.08,19585500,-0.007438261607603414
2000-04-05,92.66554658503826,93.49,8387200,-0.00624427341995859
2000-04-06,94.15383437414826,94.3,6378500,0.008692911555745475
2000-04-07,94.97629544285275,94.9,6023600,0.006333563696715894
2000-04-10,95.0937245971351,94.53,9624200,-0.003921464270594144
2000-04-11,93.99714102349756,94.25,9006400,-0.0028998306575733768
2000-04-12,94.23211673833549,91.67,10779200,-0.027425898882129873
2000-04-13,92.41091176500767,90.39,12225800,-0.013886035961204302
2000-04-14,89.37557574580698,85.22,29604000,-0.05719250702306222
2000-04-17,84.71493299562172,88.2,23918200,0.03492704211142139
2000-04-18,88.08311885212397,90.53,11069200,0.026420429946896418
2000-04-19,90.55055933789916,89.69,6553700,-0.009301138691702127
2000-04-20,89.96304339193769,90.12,8537600,0.004803114334434699
2000-04-24,88.67064686860687,89.14,12893100,-0.010864134193801833
2000-04-25,90.62889448969305,92.84,14102000,0.0415199077084325
2000-04-26,92.72424726562501,91.79,7711100,-0.011284536968792613
2000-04-27,89.61061190252435,91.49,15595300,-0.0033064508621939437
2000-04-28,92.11721568422895,90.92,8743400,-0.006207048954081307
2000-05-01,91.84307865219019,92.16,7328300,0.013569048860927468
2000-05-02,91.17719188733196,90.32,9411900,-0.019975289598815227
2000-05-03,90.23726565969139,88.2,12630700,-0.023416687503801326
2000-05-04,88.98394385346656,88.87,5963600,0.0075485459841011515
2000-05-05,88.3964907203706,89.94,7862400,0.012120207388402804
2000-05-08,89.45394983487236,89.27,5064100,-0.007511528891402719
2000-05-09,89.64976430603593,88.55,5620300,-0.00800716275612956
2000-05-10,88.04395925944746,86.56,10293900,-0.022556620943037342
2000-05-11,87.80897010646281,88.53,7091100,0.02285072091070761
2000-05-12,88.8664327508772,89.49,5960800,0.010838254583421802
2000-05-15,89.45393665335875,91.04,4441300,0.01728690199357419
2000-05-16,91.84307100014023,91.92,8192200,0.00967994721781018
2000-05-17,91.29475204418499,90.96,5907200,-0.010438881032562075
2000-05-18,91.25554561199264,89.85,4325600,-0.012271702591165279
2000-05-19,89.33643660363737,88.44,6518400,-0.015693123128169728
2000-05-22,88.5139420393161,87.77,10839400,-0.007529007409350141
2000-05-23,88.00486360425533,86.48,7979200,-0.014724756594634458
2000-05-24,86.4773344152114,87.89,11081500,0.016303467023186302
2000-05-25,88.16150026185203,86.38,8278900,-0.017156293168412717
2000-05-26,86.98656077661376,86.48,4814000,0.0011338172908681443
2000-05-30,87.730697899534,89.3,5362700,0.03260861030491413
2000-05-31,89.33641829208942,89.49,6056500,0.002192256606886822
2000-06-01,90.04142816687143,91.06,8961600,0.017505827134219665
2000-06-02,93.33130784277633,92.65,8962200,0.01741913391788663
2000-06-05,92.41094387803122,92.2,6998100,-0.0048612875346333295
2000-06-06,91.88225364481586,91.78,4858900,-0.004460019167092932
2000-06-07,91.88220530397899,92.42,4919500,0.006933543202417125
2000-06-08,92.43048250206074,92.06,5723100,-0.0039203319858309715
2000-06-09,92.43053988438632,91.86,3085300,-0.002126587481808828
2000-06-12,92.0976116091553,90.79,3678900,-0.0117248115130284
2000-06-13,90.74643930358046,92.49,6558700,0.01876658795711994
2000-06-14,92.90048770586044,92.65,6420500,0.0016932615498881365
2000-06-15,92.82216073490602,92.84,5881200,0.002113760815133592
2000-06-16,93.15853588435219,92.08,5567900,-0.008216072492021276
2000-06-19,92.00037650764929,93.26,5106900,0.012789821701467252
2000-06-20,93.07997385983131,92.92,6480000,-0.003578075110779899
2000-06-21,92.29483214093787,92.88,3115000,-0.0004223457001365505
2000-06-22,92.6873860764401,91.47,7490500,-0.015215797803465825
2000-06-23,91.5881914642466,90.69,4863300,-0.008583469400147203
2000-06-26,91.31336394190876,91.85,5201300,0.012878525098518834
2000-06-27,91.69616699465124,91.18,4159500,-0.0073721422628429956
2000-06-28,91.47041766312871,91.43,5347700,0.0027985156587260196
2000-06-29,90.920831806793,90.57,6345700,-0.009445876670395204
2000-06-30,90.41045344027172,91.25,7420200,0.007585293910763902
2000-07-03,91.35261778464216,92.51,1436600,0.013766177804713564
2000-07-05,91.94144630926688,90.84,2748200,-0.018035613185859778
2000-07-06,91.03857736931043,91.55,5963200,0.007779372468321499
2000-07-07,92.13781237597202,93.02,3034800,0.0160808353614037
2000-07-10,92.88365776789313,92.86,2816100,-0.0016886661866433172
2000-07-11,92.6284911649133,93.06,5431600,0.0021138076191060673
2000-07-12,93.76695980350209,93.67,5883000,0.006538661735424611
2000-07-13,94.20864982055816,94.08,5356000,0.004401109391686031
2000-07-14,94.49323597427242,95.0,5341900,0.009805623744211234
2000-07-17,94.83673556829919,94.85,4208300,-0.0016529463208031503
2000-07-18,94.61102119807968,94.07,4262100,-0.008174487744140424
2000-07-19,93.8847730489754,93.32,8506800,-0.008033184472734378
2000-07-20,93.590338210743,94.61,4538900,0.013883022673270906
2000-07-21,94.06143406736008,92.77,5656900,-0.019502037681586204
2000-07-24,93.04071394325089,92.24,5628500,-0.005713291272912202
2000-07-25,92.80513818131497,92.53,4757100,0.003191848032697342
2000-07-26,92.3144048087701,91.63,12062500,-0.009758300863380809
2000-07-27,91.6667271890419,91.31,7652600,-0.0034267887870774727
2000-07-28,91.52931913229457,89.25,6229500,-0.022571002481403313
2000-07-31,89.78231367031178,89.82,5265500,0.006377405898728705
2000-08-01,90.21414695627062,90.37,3946600,0.006118867828530661
2000-08-02,90.37118375278173,90.82,7439800,0.004995723559325871
2000-08-03,89.74308086132436,91.45,4607100,0.00691615286099001
2000-08-04,91.90224774407078,91.94,3686600,0.005365891586948779
2000-08-07,92.15738989431647,93.04,4159800,0.011955233098914775
2000-08-08,92.64813173413528,93.39,3658700,0.003797694946030772
2000-08-09,93.67863557256851,92.61,5383800,-0.008407003088386933
2000-08-10,92.66777488375371,92.16,4193400,-0.0048746835360654606
2000-08-11,92.09850483535078,92.59,5089400,0.00468546991876484
2000-08-14,92.82480612074652,93.77,2966700,0.01272032337235407
2000-08-15,93.8062267147618,93.69,5564600,-0.0008375760675535249
2000-08-16,93.7866013433073,93.35,5191600,-0.0035616643836737794
2000-08-17,93.39404287350162,94.34,5652200,0.010513234668682925
2000-08-18,94.45397496870514,94.02,4626400,-0.0033294411135835755
2000-08-21,94.2380762021011,94.53,2380600,0.005428171965007111
2000-08-22,94.57172321757541,94.38,3075300,-0.001661586860647546
2000-08-23,94.1006613494892,94.75,5483200,0.003952068787193452
2000-08-24,94.9447329622416,95.04,4529000,0.0031078526989263278
2000-08-25,94.94469929529615,95.0,2822200,-0.0004134069063838064
2000-08-28,95.00360059036134,95.33,5518700,0.0034092469589979135
2000-08-29,95.12136762288202,95.35,3561900,0.0002058462413412343
2000-08-30,95.04286613456425,94.43,3964800,-0.009572680895566954
2000-08-31,94.88581507286659,95.69,4863100,0.013302630811438121
2000-09-01,96.25985724027039,95.79,3191200,0.001025883649629522
2000-09-05,95.3961795333298,95.02,3470800,-0.007991891821930719
2000-09-06,94.96439547445104,93.94,4322200,-0.011360763266782481
2000-09-07,94.37546511646727,94.75,4265500,0.008565960887450208
2000-09-08,94.3951024949476,94.1,3518200,-0.006836454606476083
2000-09-11,94.06139339831917,93.96,3937500,-0.0014603578752425683
2000-09-12,94.06144485730515,93.28,4769100,-0.007310925481921804
2000-09-13,92.96219209944643,93.52,7691600,0.0026300700724934956
2000-09-14,94.13989968412889,93.99,3397100,0.00503701032748638
2000-09-15,93.3138344157232,91.94,4085700,-0.021877449561109263
2000-09-18,92.17248568778987,91.09,5109300,-0.00920393321882984
2000-09-19,91.38534634099531,91.92,6588200,0.009073089516509869
2000-09-20,91.7395784001025,91.24,6508100,-0.007385725076155647
2000-09-21,90.97211880376868,89.85,5972300,-0.015205558387984541
2000-09-22,89.81108362071102,91.48,7791300,0.018177564855887063
2000-09-25,91.89697080509707,90.83,9726300,-0.0070982669854069425
2000-09-26,90.91307117092994,89.67,5302400,-0.012781542503510934
2000-09-27,90.40148415822594,90.15,7186200,0.005267123063316781
2000-09-28,90.1653000831604,91.31,7036400,0.012878766014987164
2000-09-29,91.60181471324154,90.44,9333600,-0.009482656838469827
2000-10-02,90.85403877803613,90.58,5517800,0.001522997181518937
2000-10-03,91.01147149738512,89.73,9347200,-0.009341652185492766
2000-10-04,89.96853909154413,90.48,6148900,0.008333443864354972
2000-10-05,90.30307469494063,90.8,4566900,0.003479850653704153
2000-10-06,90.59823599609591,88.83,10014900,-0.021673288413794012
2000-10-09,88.98465547561645,88.16,4508000,-0.007531805820252702
2000-10-10,88.21717575599646,86.7,6104700,-0.01651820655663816
2000-10-11,86.66262021089861,85.97,10346000,-0.008397424226731731
2000-10-12,86.4461281252579,83.83,12336900,-0.024948865310842727
2000-10-13,83.7108633205166,86.62,11778800,0.03333331513103932
2000-10-16,86.52485364640476,87.02,5659000,0.004543556916225988
2000-10-17,87.1742413083786,84.85,7831700,-0.02487552679780669
2000-10-18,83.51411207117404,84.54,10897300,-0.0037104772180637235
2000-10-19,86.17059293826529,87.73,8767300,0.03770864501123272
2000-10-20,87.13486862949476,88.1,7373500,0.004262538339319777
2000-10-23,88.11875279659638,88.49,5290000,0.00446700859289928
2000-10-24,88.76817511530139,87.9,5750700,-0.0066706285342230665
2000-10-25,87.37101684738222,85.84,9137600,-0.023505808904803027
2000-10-26,86.34772157603658,86.07,9345800,0.0027506703575737035
2000-10-27,86.82004913268455,87.71,9762900,0.01897637572630062
2000-10-30,87.17420162771818,88.49,10154100,0.008974016818746211
2000-10-31,88.7977075363094,90.02,7752400,0.017234382515525004
2000-11-01,89.57496043625932,89.71,6753600,-0.0033887324371014715
2000-11-02,90.14567733659392,89.86,11395100,0.0016456577630552527
2000-11-03,90.34240424760873,89.91,5187100,0.000546858914899806
2000-11-06,90.1456518838572,90.54,4042500,0.007004046631642558
2000-11-07,90.13574637371562,90.52,5231300,-0.0002180808948665236
2000-11-08,90.71631343802541,88.51,6123300,-0.022173247268674312
2000-11-09,88.15814014205813,88.18,10635300,-0.0037796000721286305
2000-11-10,87.52844556579869,86.03,8569500,-0.02432485585512545
2000-11-13,85.40316397498532,85.36,17285300,-0.0077772323960304535
2000-11-14,86.56418237232027,87.61,7668900,0.02627948203583852
2000-11-15,87.56781696365705,87.88,8837700,0.003145214672919394
2000-11-16,87.26273554905205,86.51,6684100,-0.01567476985980587
2000-11-17,86.46582023572621,86.04,6551100,-0.00534519861708882
2000-11-20,85.48190824504242,84.81,5458500,-0.01429393017818914
2000-11-21,84.93094561745035,85.25,7684300,0.005104712866085714
2000-11-22,84.59640908351221,83.21,5736900,-0.023892056598668776
2000-11-24,84.14379157180167,84.91,3411600,0.020456186070120674
2000-11-27,85.93450602087348,85.66,5992000,0.008806516311714585
2000-11-28,85.08834641979587,84.18,5336100,-0.01722948425374915
2000-11-29,84.61607868274984,84.03,6914100,-0.0018699382837894518
2000-11-30,83.43537739538115,83.3,11201600,-0.008665245794199694
2000-12-01,83.86831609860742,83.26,7587200,-0.0004722482267106587
2000-12-04,83.04184693040796,83.97,6996600,0.008508791165188878
2000-12-05,84.93092917833357,86.72,8883400,0.032809676743457805
2000-12-06,86.76098632108763,85.33,12888000,-0.015997407884854598
2000-12-07,84.93092313725897,84.16,6529100,-0.013720681559311054
2000-12-08,86.30837415797966,84.36,10276300,0.0023378559984046365
2000-12-11,86.50517870780044,87.29,6405600,0.03475651528655588
2000-12-12,87.01680203058451,86.92,5022900,-0.00428323822843657
2000-12-13,87.68590563254529,85.73,6070500,-0.013696558370938305
2000-12-14,85.56061544553592,84.64,7678400,-0.01274014195306361
2000-12-15,84.0860554415922,82.72,9065300,-0.022586722022223005
2000-12-18,83.41495139362505,83.83,7235400,0.013362030683365944
2000-12-19,83.67158997733637,82.12,9616600,-0.020366874035000038
2000-12-20,81.24376491131169,79.74,9994300,-0.02896270964733072
2000-12-21,79.58568579749723,80.3,14331500,0.006930147822105326
2000-12-22,81.4805807983107,82.7,10182900,0.029990138335990846
2000-12-26,82.6451493894899,83.59,4665300,0.010739811998401905
2000-12-27,83.2175952394524,84.2,4854100,0.00732030386297855
2000-12-28,83.88867325859667,84.46,8358700,0.003046973073398185
2000-12-29,84.67822508791505,82.86,8774600,-0.01892952467118869
2001-01-02,83.37551955399383,81.36,8737500,-0.018103430416838373
2001-01-03,81.04633623405739,85.27,19431600,0.048034447626919885
2001-01-04,85.23091834780068,84.35,9219000,-0.0107636885377691
2001-01-05,84.30319849650064,81.6,12911400,-0.032643142010615134
2001-01-08,82.0332590983112,82.23,6625300,0.007740562321166378
2001-01-09,82.77349051740626,82.01,5702400,-0.0026399743554891275
2001-01-10,81.48056350751317,83.45,8746100,0.01756852133565645
2001-01-11,82.80310663248507,83.53,7245100,0.000946835943417268
2001-01-12,83.80972794691722,83.38,7244000,-0.0018908759186088142
2001-01-16,83.37549207171841,83.91,8542200,0.006392183299138932
2001-01-17,85.17166811218726,84.29,7851400,0.004586814785099147
2001-01-18,84.28346879350153,85.13,8107000,0.009952398933718687
2001-01-19,86.02047064132842,84.65,7782500,-0.005680358322136314
2001-01-22,84.79664998853099,85.21,7050900,0.006645295607498269
2001-01-23,84.93482218071445,85.88,8463100,0.00787587060629713
2001-01-24,86.05993143251246,86.14,6199900,0.0029879820669551638
2001-01-25,86.05991488841657,85.92,10818300,-0.0025208150360713777
2001-01-26,85.36908084795688,85.82,7136800,-0.0011484704893075515
2001-01-29,85.5862289379012,86.28,6705900,0.005336118291748848
2001-01-30,86.0914843510255,87.04,7069100,0.008784133241524605
2001-01-31,86.78628603084644,86.55,9706900,-0.005660231652786063
2001-02-01,86.59678642212332,87.12,8239100,0.006641076754485997
2001-02-02,86.78628907756884,85.14,8276600,-0.022692363199711907
2001-02-05,85.1441064824948,85.77,4352900,0.007344802209247048
2001-02-06,85.45988664534707,85.52,7106700,-0.0029461031248173564
2001-02-07,85.09350264097067,85.07,5748700,-0.0051706468701647745
2001-02-08,85.14404843205163,84.08,5943300,-0.011656287227963413
2001-02-09,84.22817744670854,83.27,9913000,-0.009615445688079927
2001-02-12,83.18600334907913,84.23,5804400,0.011453655781803018
2001-02-13,84.44925562834398,83.54,6587600,-0.008174215139748253
2001-02-14,83.78604433271586,83.41,8400100,-0.001512094012301346
2001-02-15,83.90604658963113,84.22,5929800,0.009692441132521656
2001-02-16,82.74385149172222,82.36,6434900,-0.022048842988322992
2001-02-20,82.76913666178265,81.1,5760000,-0.015413782192363445
2001-02-21,80.78580163569404,79.35,10910800,-0.021575029458596906
2001-02-22,79.80675744824825,79.47,21281600,0.0015123081285504103
2001-02-23,79.0046077674218,78.93,20173000,-0.006755938736861866
2001-02-26,79.45934662347092,80.61,11503700,0.02128636063501732
2001-02-27,80.09101268597703,79.86,11415000,-0.009245784326679107
2001-02-28,80.05940513249296,78.29,14825800,-0.019693471985983813
2001-03-01,78.35400580755889,78.7,14672000,0.005244141926862955
2001-03-02,77.37496042108876,78.08,12564300,-0.007945577308044682
2001-03-05,78.41717981744182,78.79,5293200,0.009141955797121737
2001-03-06,79.80679206854917,79.64,6917000,0.010742662393913083
2001-03-07,80.15417252350603,80.2,6371700,0.007138092310628341
2001-03-08,79.96463936205622,80.29,6055000,0.0011020118636784204
2001-03-09,79.64884620352679,77.92,10020300,-0.029578087633654215
2001-03-12,77.27391115141718,74.58,13972900,-0.04280149469919925
2001-03-13,75.41688568778427,75.81,12888000,0.01642909955682237
2001-03-14,73.93253752067483,74.31,19883400,-0.019746847214138885
2001-03-15,74.81684486855495,74.33,10370300,0.00025533464084115387
2001-03-16,74.18229300269128,72.84,58514600,-0.02005717953828967
2001-03-19,73.3146426820036,74.32,10067800,0.020346202817234316
2001-03-20,74.66996473411331,72.33,15083900,-0.02684292724949766
2001-03-21,72.31398286287686,71.1,19004600,-0.0169874544250862
2001-03-22,70.94597249302409,70.38,28624800,-0.01015510859318458
2001-03-23,71.72496553343814,72.5,12861700,0.03023745923818777
2001-03-26,73.27663123404211,73.43,9943800,0.012753334652181758
2001-03-27,73.2260012424402,74.93,12880700,0.020442024770693124
2001-03-28,74.03665031858426,72.86,10953300,-0.027639445805957563
2001-03-29,72.64329477422038,73.14,12060300,0.003824506433637964
2001-03-30,73.18167162139036,73.9,9183600,0.010478547820357731
2001-04-02,73.65663285887128,72.33,10561000,-0.02133915134377007
2001-04-03,72.18730342418063,69.91,12836000,-0.03336246133437182
2001-04-04,70.02762360302768,70.2,14884300,0.004166866730978214
2001-04-05,71.75664956563799,72.86,21522800,0.037889441141746305
2001-04-06,72.1936264227099,71.76,14937800,-0.015211046808883077
2001-04-09,72.1999767175595,72.55,9034300,0.011121087771396532
2001-04-10,73.11827829249168,73.88,17873600,0.018243338876339443
2001-04-11,75.22729244942028,73.93,12722300,0.0006860212153325662
2001-04-12,73.6566180815334,75.27,9233200,0.018161371646716384
2001-04-16,74.91695888357012,74.48,7350000,-0.010517331186161494
2001-04-17,74.29630101805542,75.53,10924700,0.014115822019072022
2001-04-18,76.67128659951906,78.53,32481600,0.039744893934256176
2001-04-19,78.69164830865768,79.58,13809900,0.013306824733825051
2001-04-20,79.10328684550154,78.85,7626700,-0.009152782769820234
2001-04-23,78.3116112960554,77.42,8451800,-0.018152744924272546
2001-04-24,77.59598608509098,77.0,10044700,-0.005398617893902391
2001-04-25,76.89931161627615,78.01,8249000,0.013077661620410241
2001-04-26,78.36230697401565,78.36,10590400,0.0044653012953637106
2001-04-27,79.11593973793985,79.66,7938700,0.016650091321808835
2001-04-30,80.08497521698587,80.22,10766900,0.006996846649475197
2001-05-01,79.2109642570472,80.46,10578000,0.003078940543150166
2001-05-02,80.69295147557409,80.32,9572900,-0.001810518243424708
2001-05-03,79.88231750383497,79.3,9926200,-0.01269471539074063
2001-05-04,78.31164738366573,80.65,12145300,0.017011315413445693
2001-05-07,80.34464124144452,79.95,7185200,-0.008638341601881927
2001-05-08,80.34463764959976,79.91,6952600,-0.00047531052396276863
2001-05-09,79.32498149424043,79.58,9507400,-0.004200206902793546
2001-05-10,80.59796616921845,79.81,6872400,0.0029444448865245665
2001-05-11,79.79999001442422,79.26,7734400,-0.006903318271009207
2001-05-14,79.10330871650984,79.42,7914000,0.0019974041734975856
2001-05-15,79.51498191061559,79.79,9782200,0.004625285850216265
2001-05-16,79.06528275733275,81.67,14909000,0.023574752174986058
2001-05-17,81.6999410678719,81.79,11824600,0.0015508539692696832
2001-05-18,81.7569678220598,82.17,6683100,0.0045687791448318915
2001-05-21,82.2319796218608,83.38,11531500,0.01472180893458952
2001-05-22,83.49232327343492,83.27,8342700,-0.0012912037283587807
2001-05-23,82.99830844920899,81.86,12330800,-0.016960908065829394
2001-05-24,81.99766337579065,82.1,7902800,0.002940350806555303
2001-05-25,82.11164066554132,81.13,7425000,-0.011803030978879026
2001-05-29,81.20594688826202,80.48,9003900,-0.007962953088852198
2001-05-30,80.17363916805692,79.36,10041800,-0.014006570361028592
2001-05-31,79.43897942569602,79.77,9874200,0.005187553946888412
2001-06-01,79.92661281772482,80.26,8848300,0.0061925942135885315
2001-06-04,80.30664783419957,80.65,5623500,0.00481372012420378
2001-06-05,80.74363359617278,81.57,9115400,0.01146528557639881
2001-06-06,81.59234911368776,80.9,12064900,-0.008306883591957193
2001-06-07,80.46498933020331,81.19,7355300,0.0036010023050676576
2001-06-08,80.87662739951556,80.43,8170600,-0.00928341644159325
2001-06-11,80.24960705631317,79.86,7012200,-0.007086898211467352
2001-06-12,79.07796330544295,79.72,9364400,-0.0017443906044026791
2001-06-13,79.90764905228639,79.04,7629400,-0.008579293003096122
2001-06-14,78.64732161916928,77.27,12603000,-0.022435868045041607
2001-06-15,76.79409790643639,77.39,16821100,0.001610862310966299
2001-06-18,77.26406697138984,77.02,11368300,-0.00484236246956149
2001-06-19,77.72773902076734,77.35,7732300,0.0043711103928016914
2001-06-20,76.97195601604191,77.76,8787200,0.005255249775762749
2001-06-21,77.6261124761287,78.64,12259100,0.011353013158431846
2001-06-22,78.43275367505144,78.03,12212000,-0.007833674029791182
2001-06-25,78.29934820643,77.31,8406800,-0.009198538895688335
2001-06-26,76.78776886883992,77.2,8005800,-0.0013961335184055068
2001-06-27,77.23234095534453,77.16,10105100,-0.0005761531116517116
2001-06-28,77.48639391347336,77.58,10269300,0.005515273002849375
2001-06-29,77.99449956410942,77.87,9824200,0.0036839213026846895
2001-07-02,77.99450830697404,78.84,8522200,0.012479712176221458
2001-07-03,78.74393928089218,78.82,3303100,-0.00024202563749220474
2001-07-05,78.1659552326514,77.28,5517900,-0.019500508899571778
2001-07-06,77.04814735131659,75.61,11665900,-0.021613672255110794
2001-07-09,75.89221134104332,76.03,8339300,0.005459949706953404
2001-07-10,76.4003221960037,75.11,8630700,-0.012030014372554021
2001-07-11,75.00936561129024,75.19,15328600,0.001014530395231139
2001-07-12,75.89856040586692,76.97,12002800,0.023737239517614306
2001-07-13,76.74963537081763,77.64,10433800,0.008664006440367134
2001-07-16,77.34032474931001,76.67,6915300,-0.01251616996237126
2001-07-17,76.34313816882108,77.38,7469800,0.009360917624084086
2001-07-18,76.57180683273465,76.86,7709300,-0.006811906763055209
2001-07-19,77.60069553185937,77.53,10082900,0.008759185386527202
2001-07-20,76.9465274755946,77.07,6705800,-0.005979952413477485
2001-07-23,77.35935371616542,75.55,8065200,-0.019696868300401738
2001-07-24,75.58099172022895,74.82,12269000,-0.009667669017581315
2001-07-25,74.89502689187518,75.64,12088500,0.011035364355671096
2001-07-26,75.61908411381962,76.44,12898200,0.010495443512444025
2001-07-27,76.74328859215345,76.73,8478800,0.0038223623568771625
2001-07-30,76.97196023686564,76.76,8547700,0.00033140334551329254
2001-07-31,76.85122850228665,77.07,11918100,0.004136646812246347
2001-08-01,77.46732548886287,77.56,11940800,0.006263102987364766
2001-08-02,78.26762546091472,77.87,11070100,0.00409504663442406
2001-08-03,77.71502792955616,77.45,10816300,-0.005464834213114833
2001-08-06,77.07354243171496,76.41,8550100,-0.01344921340123928
2001-08-07,76.3875873221868,76.71,8865100,0.0039067285898541915
2001-08-08,76.29235226225389,75.28,15183800,-0.018547234117553213
2001-08-09,75.39045923257753,75.5,14118500,0.0029528470748094726
2001-08-10,75.45395280251961,75.77,11173300,0.0034485709836840073
2001-08-13,75.96206994215825,75.78,7431600,0.0002516440948929777
2001-08-14,76.3050712939209,75.75,13178100,-0.00041869727462207074
2001-08-15,75.72706833626636,75.1,8520600,-0.008636290023035453
2001-08-16,74.81883272409496,75.36,10734700,0.003467644226793354
2001-08-17,74.72354593087533,74.15,11604600,-0.016013703990365946
2001-08-20,74.18369537842153,74.84,10417400,0.009250722355788943
2001-08-21,74.81885552787675,73.56,14480800,-0.017058153146995103
2001-08-22,74.15193352542649,74.32,11752300,0.010360486733580032
2001-08-23,74.2853199175423,74.06,8744100,-0.0035889969727108673
2001-08-24,74.44411235714873,75.59,11687700,0.020754822723472177
2001-08-27,75.56195999883685,75.14,7425100,-0.005965250259935773
2001-08-28,75.12374116713097,74.04,12046600,-0.014622230448569362
2001-08-29,74.39328413485235,73.38,16180000,-0.00892160068054959
2001-08-30,72.94518936479858,71.97,17692600,-0.019213990687956706
2001-08-31,72.02422153944232,72.5,15985400,0.007324060056168813
2001-09-04,72.31004951052083,72.04,24473400,-0.006394855408329847
2001-09-05,72.21475219726562,72.21,21477100,0.0024683261833848835
2001-09-06,71.54786080922835,70.35,21653000,-0.02576961906882924
2001-09-07,69.87749073323306,69.05,33133900,-0.018506272465372398
2001-09-10,68.40396816836336,69.9,23408700,0.012233116334981808
2001-09-17,64.14854701367366,66.24,32388700,-0.05224931476675332
2001-09-18,66.2636218997264,66.09,22029200,-0.0023957715013063208
2001-09-19,66.11746974618428,64.75,42771800,-0.02018368514601021
2001-09-20,63.767504988463564,62.69,36210900,-0.031779811044088335
2001-09-21,60.10514034519005,62.02,49782100,-0.010789424863167585
2001-09-24,63.573203519346215,64.2,25549600,0.03515569304777855
2001-09-25,64.22985344964106,64.87,25466200,0.010427169300436079
2001-09-26,65.24991754493018,64.64,18587500,-0.003537515042995487
2001-09-27,64.54867806766461,65.2,20536800,0.00867978035034267
2001-09-28,65.65156888196437,66.58,21687200,0.021218134475170958
2001-10-01,66.23811287646755,66.47,20457400,-0.0016273482508069037
2001-10-02,66.30181849556551,67.31,19833100,0.012562896833526516
2001-10-03,66.68434181084496,68.44,32045800,0.016764717017189845
2001-10-04,69.0367849494565,68.49,32674100,0.0008384389183702101
2001-10-05,68.37374827025914,68.36,29796100,-0.0019548299504007494
2001-10-08,67.74898559685985,67.91,12970300,-0.006527969815003254
2001-10-09,67.96573312456238,67.55,15976300,-0.005350763071545361
2001-10-10,67.44935849359747,69.06,19987400,0.022272757561759615
2001-10-11,69.45754242284774,70.13,23006300,0.015509714355791182
2001-10-12,69.58505916589452,69.81,31360500,-0.0045453071789502975
2001-10-15,69.25352364483746,69.68,16873000,-0.001826796120918961
2001-10-16,69.9994346554189,70.12,15877100,0.006313022928258194
2001-10-17,70.80910150715079,68.63,28542300,-0.021274329381355872
2001-10-18,68.73712462737029,68.48,16510000,-0.002137224129944104
2001-10-19,68.21438506546177,68.44,21912500,-0.0006512859499594459
2001-10-22,68.40565027611515,69.79,17540600,0.01974863108486935
2001-10-23,70.10141244376254,69.43,22062500,-0.005115993717116352
2001-10-24,69.47669154909094,69.25,16065200,-0.002662133922247234
2001-10-25,68.50126912110504,70.49,27467900,0.01795222692074927
2001-10-26,70.09504938377542,70.33,18623300,-0.0022612083069424305
2001-10-29,70.22892004838769,68.5,18727500,-0.026015423907968516
2001-10-30,68.43754465554461,67.68,26178600,-0.01200477357537566
2001-10-31,68.15063980114209,67.45,28124200,-0.003391460688647485
2001-11-01,67.95939406989758,69.18,29806800,0.02561453111758727
2001-11-02,69.13239324906547,69.65,17575900,0.006819102973087077
2001-11-05,70.20340903251586,70.56,15929500,0.013089049682851517
2001-11-06,70.35007682804275,71.66,23245800,0.01554090692593757
2001-11-07,71.25534498137432,71.56,19716000,-0.0013346145348945848
2001-11-08,71.9566402918916,71.78,22563500,0.003118333335110135
2001-11-09,71.561335556227,71.86,15895800,0.0010651572935056475
2001-11-12,70.76446956264493,71.42,26068800,-0.006120951132508101
2001-11-13,72.3199812771027,73.03,15296200,0.022493544705504798
2001-11-14,73.42290116644263,73.1,17571300,0.0009605221629989114
2001-11-15,72.91289249377681,73.23,19470200,0.0018315280201972595
2001-11-16,73.36550747131996,72.91,18134900,-0.0044401178961265275
2001-11-19,73.26351571806912,73.81,13625400,0.012329635830891528
2001-11-20,73.55039650303415,73.19,16209700,-0.008378694584208812
2001-11-21,72.99575686851223,72.7,11470200,-0.006620195547312302
2001-11-23,72.70251824823916,73.75,6717100,0.014381176632566106
2001-11-26,73.79267154966342,73.91,13726000,0.0021611155618528333
2001-11-27,73.70974524986426,73.59,19261400,-0.004313633029337516
2001-11-28,73.14875099041156,72.26,20195500,-0.018105923368500698
2001-11-29,72.46025556386834,73.23,16354700,0.013499538791363008
2001-11-30,72.93201538306498,72.71,13680300,-0.00713852690683936
2001-12-03,72.45388717238686,72.28,15220400,-0.005962162617618172
2001-12-04,72.62601911909043,73.5,17239900,0.016935741045946084
2001-12-05,73.70336419236405,74.84,25204000,0.018300830126194212
2001-12-06,74.80631256103516,74.81,17972900,-0.000510498397505943
2001-12-07,74.52580237994495,74.31,18857800,-0.006647415969769699
2001-12-10,73.85641745396778,72.92,13862700,-0.018702678228121883
2001-12-11,73.25075926373398,72.77,20833300,-0.002011054153970959
2001-12-12,73.02762406927104,72.86,16171500,0.0011387590838891626
2001-12-13,72.32634963378904,71.44,19026700,-0.019426000713140157
2001-12-14,71.61235667230582,72.12,16721900,0.009548784095362972
2001-12-17,72.03311942751402,72.87,13925900,0.010342186998021807
2001-12-18,73.07864563463077,73.3,13663700,0.005949226205869795
2001-12-19,72.73438572616523,73.82,20143400,0.007044684788241495
2001-12-20,73.63328149470917,73.09,14867900,-0.009845491109240379
2001-12-21,73.58588411738867,73.53,14037700,0.006065195686744573
2001-12-24,73.45795963839328,73.39,5728800,-0.0019136073313861246
2001-12-26,73.34278807672968,73.8,10304800,0.005490807230056571
2001-12-27,73.75863546099562,74.24,9407300,0.006068408073097942
2001-12-28,74.39190694248376,74.21,10593800,-0.0005174992005274603
2001-12-31,74.30235968047184,73.12,14619500,-0.014654989831777043
2002-01-02,73.63706924611435,73.91,18651900,0.010761239753585228
2002-01-03,73.98254487321906,74.74,15743000,0.011339454405472793
2002-01-04,74.9548490160077,75.24,20140700,0.00667512587504171
2002-01-07,75.29390295920376,74.71,13106500,-0.00705652909174348
2002-01-08,74.71174882625265,74.54,12683700,-0.0023121491171771424
2002-01-09,74.64139902362318,73.93,16610300,-0.008152832262996679
2002-01-10,74.00810455901201,74.26,12823400,0.004413164221719779
2002-01-11,74.34074271872761,73.53,13708400,-0.00982092944574342
2002-01-14,73.34277884117772,73.07,12301100,-0.006264381966988752
2002-01-15,73.27883340066482,73.66,20219900,0.008142522864365453
2002-01-16,73.11886938681013,72.17,17067000,-0.020234980184590245
2002-01-17,72.77345018720405,72.72,17283400,0.00753445575306988
2002-01-18,72.28728981996045,72.38,17028000,-0.004574329176903036
2002-01-22,72.76705298976594,71.88,11689300,-0.006893762548858096
2002-01-23,72.05060272104535,72.43,12438900,0.007653672309728243
2002-01-24,72.69669099954035,72.66,12142800,0.003090753166747451
2002-01-25,72.36403872588383,72.64,12810700,-0.0002641894183527116
2002-01-28,72.86307528974729,72.84,10589200,0.002730923812886754
2002-01-29,72.83103009560593,70.55,27720800,-0.03144290509382308
2002-01-30,70.61761871065818,71.56,34711800,0.01441768158852419
2002-01-31,71.74352670213831,72.4,19909200,0.011710231289941087
2002-02-01,72.34484663695271,72.06,15838500,-0.004682858073467577
2002-02-04,71.79467676680575,70.27,24243400,-0.024856092711326494
2002-02-05,69.98431662633831,69.84,33614000,-0.006189965966804101
2002-02-06,70.14425744562993,69.54,29486000,-0.004305035592715001
2002-02-07,69.54932462031145,69.1,23445400,-0.006255779384728988
2002-02-08,69.49171344236794,70.43,19277800,0.019162606854710607
2002-02-11,70.4001249166633,71.29,18792400,0.012263027964097617
2002-02-12,70.98226908819416,71.07,13942500,-0.003140613572253703
2002-02-13,71.3148847759502,71.82,16781100,0.010621504445452068
2002-02-14,71.97380854277486,71.69,20453800,-0.0018701617995364739
2002-02-15,71.7435134829198,70.94,18366800,-0.010440804770616152
2002-02-19,70.46412565358506,69.57,15988100,-0.01920774298157324
2002-02-20,69.76041012589667,70.75,29242800,0.01682547776288268
2002-02-21,70.32337360835592,69.28,26288600,-0.020706775392272503
2002-02-22,69.31261335867966,70.14,26572900,0.01237276247905883
2002-02-25,70.20182626264226,71.3,17458700,0.016508782069000194
2002-02-26,71.39167827815515,71.15,22346500,-0.00206380524766836
2002-02-27,71.62198422264184,71.42,28597900,0.0038663513764494173
2002-02-28,71.53881644616803,71.1,23755400,-0.004478380079396271
2002-03-01,71.46845291999463,72.76,26273600,0.02330188281427792
2002-03-04,72.8630150160521,74.05,27184600,0.017671806080097774
2002-03-05,73.77778609184385,73.81,22718900,-0.0031967704643385275
2002-03-06,73.63066462859535,74.69,20143200,0.011874025391151122
2002-03-07,75.07643475853278,74.53,19330800,-0.0021410181026814135
2002-03-08,75.08919304675176,74.84,19930100,0.004205538543057941
2002-03-11,74.77577419451782,75.0,15621800,0.0021374417777251242
2002-03-12,74.27041994481584,74.95,17153600,-0.0005968247134869875
2002-03-13,74.60942141828772,74.23,17175300,-0.009644673667538961
2002-03-14,74.23200231749497,74.13,11168100,-0.0013787630003527784
2002-03-15,74.3997490608624,74.84,21220100,0.00952860655797605
2002-03-18,75.12465661382534,74.85,17548900,0.0001709671131453483
2002-03-19,75.25300036517753,75.35,17912000,0.006685944491972462
2002-03-20,74.73972641827528,73.93,17114500,-0.01881700342663062
2002-03-21,73.96987962745109,73.96,25846800,0.0004339375711921445
2002-03-22,74.09819443190821,73.8,15235400,-0.0021683341518353716
2002-03-25,73.83515406896854,72.89,17499600,-0.012430534579043528
2002-03-26,72.827925007196,73.31,19947600,0.005809214456493406
2002-03-27,73.15513789344863,73.5,19020300,0.0026257268361562502
2002-03-28,73.75819494963112,73.47,17532900,-0.00043637127597495606
2002-04-01,73.28344941333782,73.5,17711000,0.0004365617789954257
2002-04-02,73.12306678504646,73.1,15669500,-0.00549875555299062
2002-04-03,73.14228084530768,72.58,25658500,-0.007021692777483102
2002-04-04,72.23772311719947,72.28,23549000,-0.004153883411669113
2002-04-05,72.61625030564652,72.3,19404900,0.0001777453342113322
2002-04-08,71.41659314343693,72.45,16470100,0.0021301377503148977
2002-04-09,72.60978601621258,71.94,15122700,-0.006996557954646265
2002-04-10,71.91696069637734,72.76,17199300,0.011325755398552184
2002-04-11,72.42376197972571,70.95,25453700,-0.02486584114685786
2002-04-12,71.22410994082868,71.48,14950600,0.007505706866434592
2002-04-15,71.60903165593241,70.94,17394900,-0.007628889878902201
2002-04-16,71.66031326692092,72.62,15040900,0.02378526779789203
2002-04-17,72.74456793808409,72.47,12920100,-0.002119491410307983
2002-04-18,72.43017570541286,72.15,25204800,-0.0043383153212394054
2002-04-19,72.6226825279659,72.42,10499200,0.0036460299384293293
2002-04-22,72.09658532522027,71.21,13922900,-0.016655267464062984
2002-04-23,71.268968900719,70.9,16967000,-0.004324711409134263
2002-04-24,70.92897056235182,70.19,18902700,-0.01004310999720659
2002-04-25,70.06291088839649,70.23,25451500,0.0005486896285160636
2002-04-26,70.43498258555937,68.9,19769800,-0.019000996072958687
2002-04-29,69.24170255601209,68.56,17724400,-0.00493541590579738
2002-04-30,68.657909355876,69.2,19473500,0.009358229555178621
2002-05-01,69.26739660343004,70.04,24575600,0.012238355926350364
2002-05-02,69.99230734850856,69.77,15666800,-0.0038472837170505647
2002-05-03,69.67157605903122,69.02,18185500,-0.010849010906197831
2002-05-06,69.05568310582231,67.66,23630400,-0.01961348951932762
2002-05-07,68.06768256047218,67.43,21910000,-0.003508481140899078
2002-05-08,68.67716969861809,69.93,27917400,0.03720298055632032
2002-05-09,69.70364084090657,69.13,18085600,-0.011558542675165873
2002-05-10,69.26737725218143,67.82,18958900,-0.01884009696577993
2002-05-13,68.1446925996656,69.2,14677700,0.02033698114077742
2002-05-14,70.32592884630344,70.71,34201200,0.021785311611450142
2002-05-15,70.2489419157709,70.43,29535300,-0.0039012914355766037
2002-05-16,70.37726894498554,70.8,28092000,0.00519201846176176
2002-05-17,70.99314105681304,71.15,27823700,0.004892894258052838
2002-05-20,70.98031022842557,70.38,13833800,-0.010820561576272314
2002-05-21,70.64031115288778,69.74,16877200,-0.009115519473817946
2002-05-22,69.42778248244771,69.89,15844200,0.0022077803580191624
2002-05-23,70.09497929409213,70.63,13879800,0.010647904248878515
2002-05-24,70.55691556557213,69.73,11877000,-0.012806159520671767
2002-05-28,69.96024527764897,69.35,24236900,-0.0054288159541999725
2002-05-29,69.04283315897698,68.84,14773300,-0.007400594833082086
2002-05-30,68.35641864940925,68.65,18217900,-0.0027954018952696114
2002-05-31,68.90170227268325,68.79,19826300,0.0020556931006689982
2002-06-03,68.70280920704576,66.96,26056300,-0.026581009562166913
2002-06-04,66.81668074041397,67.12,25856200,0.0024911423328408677
2002-06-05,67.32991345709793,67.75,19695900,0.009366392374403842
2002-06-06,67.70841818999884,66.37,22998500,-0.02035805154289172
2002-06-07,65.2962374601124,66.3,24011600,-0.001159570352057382
2002-06-10,66.23289368180171,66.55,18759900,0.0038707957917005764
2002-06-11,66.8038517549206,65.41,19990700,-0.017158486182213606
2002-06-12,65.25133461616906,65.81,31266000,0.0060810789532523835
2002-06-13,65.52078813832931,65.15,21043900,-0.010040831090057933
2002-06-14,64.35316022256596,65.05,39267500,-0.0014774269630420944
2002-06-17,65.38604991542324,66.8,17647200,0.02682455303748732
2002-06-18,66.55368842765566,67.34,21628500,0.008164106781340497
2002-06-19,66.39964886328194,65.77,21540700,-0.023341083256653627
2002-06-20,65.60419468054278,64.93,25691000,-0.012777111167409538
2002-06-21,64.6814389559635,63.92,31190700,-0.015635832105449943
2002-06-24,63.48397415989947,64.25,37169700,0.005237475097015665
2002-06-25,64.57200997273641,62.81,33355000,-0.02244446193958316
2002-06-26,61.288638732059354,62.91,37913600,0.0016393206649334413
2002-06-27,63.4131555760377,64.01,31616400,0.01749918656238658
2002-06-28,63.88954183784693,63.71,28184200,-0.0047272014316762645
2002-07-01,63.85090802838064,62.47,20270200,-0.019502956887746725
2002-07-02,62.357354351530205,61.14,34213900,-0.021229979053191572
2002-07-03,60.915226361658455,61.49,30565800,0.005685303637965378
2002-07-05,62.30584730535548,63.93,19013500,0.03978705064321941
2002-07-08,63.722175615949595,63.14,19118600,-0.012486276915146033
2002-07-09,62.91743000012924,61.55,28620400,-0.025186261287892364
2002-07-10,61.803659376200116,59.31,50522500,-0.03640185953153707
2002-07-11,59.07401083434886,59.79,59476500,0.008141754011314228
2002-07-12,60.084770787705786,59.13,39018600,-0.010982932870174045
2002-07-15,58.9967569424029,59.45,77317200,0.0053345929437602635
2002-07-16,58.66200804292326,58.3,53282400,-0.01927625907987285
2002-07-17,59.52468301310442,58.42,48880600,0.0019876488086669752
2002-07-18,58.39161813631676,56.52,32656700,-0.032400137862923506
2002-07-19,55.85510032099054,54.54,77572600,-0.03519356786263683
2002-07-22,54.14259808237855,52.92,78134000,-0.02963092757400443
2002-07-23,53.1447323049429,51.47,74484100,-0.02737220528984563
2002-07-24,50.29917336654895,54.54,107022800,0.05966212156988826
2002-07-25,54.25204105745797,54.08,87176600,-0.008498446263373594
2002-07-26,54.496705865949274,55.11,41206800,0.019048014073648867
2002-07-29,56.3314761064471,57.79,53492900,0.04871444343126763
2002-07-30,57.503146974833285,58.55,47532200,0.01303295598596832
2002-07-31,58.25637952415194,58.69,44669900,0.0024192205834108194
2002-08-01,58.50747186233314,57.16,66571900,-0.02610773840963654
2002-08-02,56.975255431757006,55.87,51772900,-0.0224149728331674
2002-08-05,55.68122664398939,53.93,47191300,-0.03479691213290681
2002-08-06,54.870073249598235,55.75,64730000,0.03366390195465119
2002-08-07,56.569670570652406,56.72,43289400,0.01743847077130689
2002-08-08,56.92373778331269,58.55,48339800,0.032349343885597515
2002-08-09,58.00532889640983,58.77,41879200,0.0037388287279225274
2002-08-12,57.93450954956283,58.34,25841700,-0.007339266728891181
2002-08-13,58.037529295654494,57.28,49690500,-0.01820772697851447
2002-08-14,57.31003359573723,59.37,57423600,0.036528956586016736
2002-08-15,59.769280874225146,60.19,45551500,0.013879433915092942
2002-08-16,59.756418834066366,60.01,36517300,-0.0029944464808362437
2002-08-19,60.16844583956986,61.42,33669900,0.0233855929329565
2002-08-20,61.04402207709579,60.77,30508300,-0.010586637360202045
2002-08-21,61.198518994230255,61.64,39628900,0.014408131198502483
2002-08-22,61.47532656557834,62.24,38399800,0.009712441890176615
2002-08-23,61.81011041594336,60.9,33716400,-0.02151411426875305
2002-08-26,61.101964604455546,61.33,33830100,0.006977117090369633
2002-08-27,61.61051652784494,60.62,35335700,-0.011547915567371003
2002-08-28,60.0525665948932,59.29,38970600,-0.021877448330588578
2002-08-29,58.758547964481494,59.32,42965700,0.00043427135732065913
2002-08-30,59.02251332471326,59.09,30366700,-0.0039069385538687
2002-09-03,58.410925631620366,56.83,76586400,-0.03813451811879631
2002-09-04,57.046086358080764,57.64,51099500,0.01427268525535097
2002-09-05,56.96881840429081,57.16,67250900,-0.008488052040199756
2002-09-06,57.78000521130031,57.94,38622200,0.013742062992025073
2002-09-09,57.36155046835251,58.37,33998400,0.007333526325488338
2002-09-10,58.674880421273045,59.04,41416600,0.01147137293932432
2002-09-11,59.531117009527584,58.67,27711200,-0.006215972627156119
2002-09-12,58.42379513987508,57.59,43601700,-0.018435290068733345
2002-09-13,57.09756034752589,57.73,41131000,0.0024589210477017343
2002-09-16,57.496711296508614,57.87,28167600,0.0024535503858675867
2002-09-17,58.513912871368234,56.54,47609700,-0.022916616953307822
2002-09-18,56.01601329231569,55.98,54719400,-0.010019463456264588
2002-09-19,55.35935716466076,54.53,48510500,-0.025876755256783457
2002-09-20,54.915578322020345,54.55,46325600,0.0003320177613412856
2002-09-23,54.09429329067027,54.1,46893800,-0.008180339519196944
2002-09-24,53.311815849052955,53.23,69507000,-0.01613685897594097
2002-09-25,53.9132361546757,54.55,59294400,0.024784614200448418
2002-09-26,54.98025276020821,55.44,53638000,0.016360609104225876
2002-09-27,54.9673196844464,53.51,64648300,-0.03476036263413773
2002-09-30,53.02728047208032,52.89,73096400,-0.011601498695922974
2002-10-01,53.305363302053614,55.43,67198100,0.04805013766856603
2002-10-02,54.76684841156836,53.77,56749100,-0.029981334224460587
2002-10-03,53.7644857580102,53.23,55547000,-0.010102557957771152
2002-10-04,53.544634156431115,52.25,68483700,-0.018344934622793407
2002-10-07,51.772717425476074,51.17,53188000,-0.020668871908975706
2002-10-08,51.611098764114374,51.97,79531000,0.01567146643733852
2002-10-09,51.14545889954028,50.51,79956400,-0.028245055790414808
2002-10-10,50.401780751199304,52.14,76749000,0.03239421226348216
2002-10-11,53.09195058255533,54.42,82308300,0.04378047189688261
2002-10-14,53.80329443349733,54.73,40631900,0.005584584569990891
2002-10-15,56.25421448836627,57.36,82320300,0.04809214040345511
2002-10-16,56.52580970134921,55.97,62977800,-0.024239144162169213
2002-10-17,57.46992134942609,57.08,68534100,0.019872256981663172
2002-10-18,56.680995240858735,57.32,47448700,0.004192016656864084
2002-10-21,56.98494002432937,58.31,45859100,0.017260943715827315
2002-10-22,57.586364076571684,57.89,40966800,-0.007208333968455216
2002-10-23,57.40529521315382,58.33,54905800,0.007596144177288933
2002-10-24,58.68568385269224,57.14,54987400,-0.02039955869090515
2002-10-25,57.04315905921233,58.33,43672100,0.02082436657913722
2002-10-28,58.94435761449461,57.95,39416100,-0.006541419814569127
2002-10-29,57.605745200809814,57.28,59508200,-0.011605805232967281
2002-10-30,57.34706756747065,57.83,41688600,0.009709718789994604
2002-10-31,57.980808213107785,57.24,41620600,-0.010175635347275724
2002-11-01,57.13367264714837,58.38,51878900,0.019769739768553674
2002-11-04,59.36469100302943,58.93,49080600,0.009526796230032497
2002-11-05,58.74388749175703,59.4,37270800,0.007900952563925756
2002-11-06,59.80443277931035,60.17,65013100,0.012955847809088539
2002-11-07,59.50696376798022,58.69,51572000,-0.024505486040245827
2002-11-08,58.543436972317735,57.97,37905400,-0.012229785691309947
2002-11-11,57.88385919775046,57.08,33505100,-0.01550425750537976
2002-11-12,57.334164516841625,57.53,37724500,0.007930688963857957
2002-11-13,57.11429020215671,57.59,63891500,0.0010116929209278425
2002-11-14,58.24592989207182,58.67,31896800,0.018865097324310076
2002-11-15,58.20067702945438,59.11,39152100,0.007384771544297175
2002-11-18,59.591034157072755,58.51,28934800,-0.01006551510688869
2002-11-19,58.21359232093136,58.43,32806600,-0.0013266762857053749
2002-11-20,58.187748270018254,59.73,36688400,0.022244705601560222
2002-11-21,59.88200771801306,60.85,55128200,0.01862028877700528
2002-11-22,60.45112300095244,60.41,32513800,-0.007120181343343135
2002-11-25,60.41876752865525,60.45,33846400,0.0006419887139559322
2002-11-26,60.18596755477141,59.3,42284700,-0.019041523215842848
2002-11-27,59.830308043191316,60.97,37764000,0.028135472522128335
2002-11-29,61.30469414837871,60.77,19385700,-0.003182540419952695
2002-12-02,61.737983015087686,60.87,49911900,0.0015963192764090195
2002-12-03,60.302398050811746,60.06,34407700,-0.013385154002467314
2002-12-04,59.345299266173804,59.79,64040800,-0.0045228206648409985
2002-12-05,59.96608640518164,59.13,36724900,-0.011033359581360425
2002-12-06,58.27829748063673,59.51,49824100,0.006562911488472656
2002-12-09,58.89262054399938,57.88,36789600,-0.027491280738553447
2002-12-10,58.213634871845144,58.65,33319900,0.013408208883116446
2002-12-11,58.47230923410333,58.71,39201000,0.0008821101964602285
2002-12-12,58.97668613622497,58.7,34465600,-0.00011066207305343578
2002-12-13,58.14244302645988,57.77,36862200,-0.01575474622566775
2002-12-16,58.084281311404425,59.27,37098400,0.025857071320398495
2002-12-17,59.08664732320228,58.75,32353900,-0.008728575123976068
2002-12-18,58.407610865986065,58.07,35612600,-0.011557907255462574
2002-12-19,57.78038513581588,57.66,39264200,-0.007126099664364283
2002-12-20,57.96679138789194,58.48,31176900,0.014267951863410344
2002-12-23,58.22026955995554,58.5,22599300,0.0003339807036124576
2002-12-24,58.22023309736008,58.06,10937000,-0.0074433920536652876
2002-12-26,58.291738845105236,58.09,17485600,0.0004480592857329935
2002-12-27,57.810832583323034,56.78,22205700,-0.022486048744354115
2002-12-30,57.05050475280838,57.26,29968000,0.00835431445768875
2002-12-31,57.18048821601383,57.34,34036600,0.0013622287226462415
2003-01-02,57.739361010651685,59.18,44516300,0.0321885473767578
2003-01-03,59.07805542303918,59.36,32222600,0.003074470735386914
2003-01-06,59.2925126819503,60.41,40984500,0.01762469691226265
2003-01-07,60.37126163195957,60.26,38640400,-0.002474269847912214
2003-01-08,59.916351209609324,59.39,38702200,-0.014450778134891928
2003-01-09,59.66941866309668,60.31,34804900,0.015537945464384473
2003-01-10,59.75391006356201,60.48,37768900,0.0026938836280474554
2003-01-13,60.787167851494985,60.46,31649900,-0.00032252116809305953
2003-01-14,60.2348022319413,60.65,30733000,0.0032249271364219734
2003-01-15,60.787141118576336,60.05,33511800,-0.009965206467059784
2003-01-16,60.111320079311874,59.8,44812100,-0.004112185037844385
2003-01-17,59.13004726998227,58.92,35618300,-0.014779232346207594
2003-01-21,59.0520252939206,58.0,36826200,-0.015553368926452205
2003-01-22,57.68737275897814,57.3,42286500,-0.012100176011050623
2003-01-23,57.674386408239094,57.65,55919800,0.006124691132320281
2003-01-24,57.57040825481145,56.13,68633900,-0.026265370052500736
2003-01-27,55.711819249934955,55.37,57884400,-0.013660859245845147
2003-01-28,55.64682106793334,55.78,46929100,0.007394260666945485
2003-01-29,55.51038337107755,56.2,53712200,0.007573683012582988
2003-01-30,56.40067511322262,54.87,49845900,-0.023705070718464616
2003-01-31,54.68504715182729,55.93,55317000,0.019305556723982376
2003-02-03,55.978234849181405,56.04,39696000,0.001975139853161556
2003-02-04,55.43887030136153,55.48,43633400,-0.0098571848788378
2003-02-05,55.724817681295235,55.14,55270600,-0.006207333818635474
2003-02-06,54.82802810786532,54.88,53638000,-0.004714137160560683
2003-02-07,55.17894995641313,54.21,43165000,-0.012196532491023149
2003-02-10,54.23664604511686,54.59,45455900,0.00707240819981636
2003-02-11,54.828060390200235,54.22,46861000,-0.006903116492204542
2003-02-12,54.04169454239635,53.35,35873600,-0.01594234682709772
2003-02-13,53.38533235932106,53.52,57934100,0.003044873960478922
2003-02-14,53.52833751340371,54.69,59580900,0.02185866631405653
2003-02-18,54.93198768868079,55.65,39492700,0.01758706650211317
2003-02-19,55.4453718878241,55.35,31432000,-0.005255122525952172
2003-02-20,55.373885154296694,54.8,29280100,-0.009978897129328756
2003-02-21,54.83450942737341,55.35,60955800,0.010079479215537868
2003-02-24,55.19194994646721,54.46,30628600,-0.01620059842233612
2003-02-25,53.90523868233876,54.89,56770600,0.007995173349356843
2003-02-26,54.60057282408286,54.09,37787200,-0.014561558039941302
2003-02-27,54.39261255633332,54.81,51126000,0.013214637509294525
2003-02-28,54.893018179219666,55.17,43666800,0.006640160960775798
2003-03-03,55.40639167192868,54.65,42923100,-0.009540882166015563
2003-03-04,54.555073716998486,53.78,31440500,-0.015935414788703195
2003-03-05,53.684286335110514,54.23,43974700,0.008459401597235239
2003-03-06,53.85323732119937,53.78,41217700,-0.008388440411023823
2003-03-07,53.03443292241746,54.15,63538000,0.006888413448101316
2003-03-10,53.67778388518429,52.85,41014100,-0.02400386361386686
2003-03-11,52.94995417942745,52.33,48102700,-0.009837687965752462
2003-03-12,52.23510239128529,52.68,62459800,0.006706218158513355
2003-03-13,53.40484182970309,54.5,72117800,0.034542427525317
2003-03-14,54.717566645766844,54.67,63951800,0.00322008574155519
2003-03-17,54.23665991139948,56.39,88217500,0.031498559477955546
2003-03-18,56.63460704730174,56.73,50792300,0.005876797024877867
2003-03-19,56.719118526863916,57.16,49630800,0.007676120517499552
2003-03-20,56.75158724580522,57.28,67321600,0.0021596434376029983
2003-03-21,57.93953920420443,58.51,71165300,0.02134472379196639
2003-03-24,57.43060473597658,56.56,65398900,-0.0332329506586162
2003-03-25,56.59544254986164,57.1,61040100,0.009574304789903954
2003-03-26,57.1304636809524,56.82,45740800,-0.005027466390479685
2003-03-27,56.373621727586865,56.86,53120200,0.0008042669183243589
2003-03-28,56.4192899737596,56.58,32583000,-0.005048876017959669
2003-03-31,55.688505295145724,55.29,61119500,-0.022719665824917912
2003-04-01,55.62325259467246,56.14,53574000,0.01534096146341768
2003-04-02,57.11742971312315,57.5,50431200,0.024175096873051638
2003-04-03,57.98522496491594,57.22,48755500,-0.004766193327103707
2003-04-04,57.69811092729951,57.56,36250100,0.0059289247677338786
2003-04-07,58.94434877499985,57.45,69776200,-0.00192666390311802
2003-04-08,57.61332969266344,57.54,39712700,0.0015903482969674698
2003-04-09,57.65245739117425,56.78,55647300,-0.013153786213285557
2003-04-10,56.82384282532359,57.1,41812400,0.005515875575046181
2003-04-11,57.52197465484791,56.86,47730100,-0.004114146383439543
2003-04-14,57.07179200468518,58.04,36711700,0.02065443791237631
2003-04-15,57.965616009636946,58.58,49709800,0.009330052794865207
2003-04-16,58.6637911480461,57.58,51788000,-0.01704122096482974
2003-04-17,57.61330190630645,58.44,37403100,0.014844017638028228
2003-04-21,58.6312050894005,58.49,32052700,0.0010057777876713025
2003-04-22,58.13527302781214,59.6,59763600,0.018850129451737585
2003-04-23,59.77948802129224,60.14,44227100,0.009196152889474174
2003-04-24,59.72079000913595,59.61,49692400,-0.00889518658314592
2003-04-25,59.57074984685336,58.87,43917200,-0.012368195556613615
2003-04-28,59.009608913112814,59.89,46432900,0.01728887909752408
2003-04-29,60.11880127908623,60.1,52017100,0.0034860684967776834
2003-04-30,59.9687385559082,59.97,48709100,-0.002171231709846677
2003-05-01,59.975258865939026,59.96,50240400,-0.00010883915817905265
2003-05-02,59.74036005557885,60.82,50201500,0.0142544558613944
2003-05-05,60.98662112227181,60.7,35437800,-0.001930527117075309
2003-05-06,60.706028896063934,61.27,44401000,0.009458888244093133
2003-05-07,60.953964395320945,60.93,41413100,-0.005537297740430436
2003-05-08,60.36674831140134,60.32,40570700,-0.010065179482251496
2003-05-09,60.56900486037065,61.16,33608100,0.013845169055363149
2003-05-12,61.00614165071379,61.91,35662300,0.012268912312008107
2003-05-13,61.67820146247355,61.8,39253600,-0.0017914855724500134
2003-05-14,62.043587461809594,61.67,32195100,-0.002111626892868257
2003-05-15,61.91310353479514,62.06,43879200,0.006348657058631968
2003-05-16,61.913117450612546,61.9,38905000,-0.002523147291535466
2003-05-19,61.430281075891564,60.45,41606000,-0.02340058367883313
2003-05-20,60.56250435636249,60.33,55404600,-0.002050543644901759
2003-05-21,60.09923670409221,60.45,49333800,0.002054757013838282
2003-05-22,60.64727674393678,61.05,38421800,0.009929250407190171
2003-05-23,61.02574854048928,61.18,26155900,0.0020311957374632428
2003-05-27,60.87566269954217,62.25,43719200,0.01749112701141131
2003-05-28,62.53944605511568,62.42,37727100,0.0028298665894648245
2003-05-29,62.55905931904637,62.26,50844200,-0.002612513309303899
2003-05-30,62.57208264782376,63.26,52529500,0.01603389245002229
2003-06-02,63.6356146013912,63.52,50305500,0.0041259186120974345
2003-06-03,63.387677209241,63.78,38254500,0.00410890529867225
2003-06-04,63.720479289657725,64.7,49360700,0.014425224369119194
2003-06-05,64.32076004881108,65.02,46262400,0.0049415984336314
2003-06-06,65.50823006527739,64.76,60356800,-0.003914149444307458
2003-06-09,64.44470648252484,64.11,37808500,-0.010175170792671384
2003-06-10,64.24244254462887,64.76,29965900,0.01017813188714789
2003-06-11,64.69912212010226,65.44,37610200,0.010578529766974265
2003-06-12,65.73657887061908,65.65,36442000,0.00309114163794022
2003-06-13,65.64522656580455,64.96,48628300,-0.010436467923068737
2003-06-16,65.22113911076644,66.33,36326300,0.02109319047351721
2003-06-17,66.5978562435392,66.33,36801800,0.0
2003-06-18,66.08889218611561,66.27,35521000,-0.0008858931239303924
2003-06-19,66.31729145799758,65.26,43551700,-0.01525992105543994
2003-06-20,65.73833513025365,65.12,41545000,-0.002207090278982582
2003-06-23,65.12276894241658,64.45,34237500,-0.010257861910080712
2003-06-24,64.31732529326383,64.51,36213600,0.0010159378656093843
2003-06-25,64.52030373302328,63.87,47743400,-0.01004896079671247
2003-06-26,64.02919214972862,64.7,33477300,0.013021839569354876
2003-06-27,64.66441485217912,63.95,54208800,-0.011537879624966108
2003-06-30,64.31736325671314,63.93,33349000,-0.0003071411357958853
2003-07-01,63.6821516031098,64.52,51322800,0.009218079386096978
2003-07-02,64.67749937878017,65.33,34662100,0.012585125193202318
2003-07-03,64.87394706925355,64.66,30792800,-0.010323780522767168
2003-07-07,65.25373176565256,65.94,31391100,0.01984982832702098
2003-07-08,65.81032201626,66.24,30952500,0.004468557309230237
2003-07-09,66.08536384147564,65.86,36528500,-0.0056349692686208375
2003-07-10,65.37817015840466,65.02,49777700,-0.012725827281868995
2003-07-11,65.08348700851181,65.64,39976300,0.009466026821856488
2003-07-14,66.26873364064596,65.96,42114900,0.004888431301488749
2003-07-15,66.38660821734676,65.82,42573600,-0.002183992016319025
2003-07-16,66.01335506007246,65.43,39894200,-0.005870110588524935
2003-07-17,64.92631901388688,64.5,52253500,-0.01421168142121243
2003-07-18,64.84118605982879,65.16,35698100,0.010253798304352468
2003-07-21,65.12277756676563,64.36,34786000,-0.012360376591704858
2003-07-22,64.62509214593248,64.94,49968300,0.009055460874661803
2003-07-23,64.96560067543442,64.99,37275400,0.0007058487937481317
2003-07-24,65.47637689439425,64.49,40896200,-0.007557280998987337
2003-07-25,64.60546308962545,65.63,43241100,0.017666908187558228
2003-07-28,65.72521493338607,65.39,34382800,-0.003691623114549847
2003-07-29,65.57460677593055,65.09,53472100,-0.004606367406599143
2003-07-30,65.22101341171658,64.93,28363300,-0.002414234996245046
2003-07-31,65.46984805205477,65.08,54937200,0.0023193830394117043
2003-08-01,64.95253981479893,64.51,49321000,-0.008853865789888338
2003-08-04,64.37628665640365,64.51,55214100,0.0
2003-08-05,64.44176697172799,63.14,61415600,-0.02121626072799887
2003-08-06,63.31545471415724,63.51,50096900,0.005807900821071632
2003-08-07,63.629791922153366,64.17,43427400,0.010517945345464685
2003-08-08,64.38282219176756,64.36,27357300,0.0028567444146421206
2003-08-11,64.3435320583206,64.6,34631400,0.003764751014539769
2003-08-12,64.63817343467224,65.19,43285600,0.009122712368530905
2003-08-13,65.3650829412261,64.85,36152000,-0.005122331102463962
2003-08-14,64.89360669581185,65.03,35525100,0.002726165316857543
2003-08-15,65.06382048688633,65.23,12567000,0.0031209235268148117
2003-08-18,65.43708314710157,65.8,22873800,0.008632968830204923
2003-08-19,65.93472368178374,66.05,37437700,0.0037813467628675657
2003-08-20,65.67282543893981,65.78,21295300,-0.004064556515021134
2003-08-21,66.17050851614903,65.99,46494200,0.003185835206245269
2003-08-22,66.62889324146657,65.33,52040300,-0.00992349695944117
2003-08-25,65.29302477644907,65.44,23473000,0.0016034820469217337
2003-08-26,65.15550829935759,65.55,45065800,0.0018012188453497835
2003-08-27,65.51569085332419,65.57,18919500,0.00030003192348981855
2003-08-28,65.74488231993288,65.98,27402400,0.006191392504267368
2003-08-29,65.88236339097621,66.43,28706600,0.006748215700540072
2003-09-02,66.55687029292585,67.32,49419100,0.013407458182163934
2003-09-03,67.46707160504815,67.68,44912400,0.005447278542450862
2003-09-04,67.51288853078142,67.72,28381000,0.00048346545876576386
2003-09-05,67.40815225220038,67.34,31637300,-0.00560826088705324
2003-09-08,67.47357194277802,67.89,32632800,0.008265124837409932
2003-09-09,67.68971451035829,67.45,35053200,-0.006557942973832387
2003-09-10,67.13963273005638,66.77,45904900,-0.010097428088939653
2003-09-11,66.85807738123533,66.96,38396300,0.002942681137667602
2003-09-12,66.73366915071104,67.09,42524800,0.00185804758028274
2003-09-15,67.13308584360794,66.85,21312800,-0.0035142813310599097
2003-09-16,66.9431910552659,67.83,37892600,0.014595038939847482
2003-09-17,67.76175311552859,67.7,31885800,-0.001930542320079276
2003-09-18,67.70933187283367,68.5,30243600,0.011800630783994626
2003-09-19,68.54111785500943,68.15,34331600,-0.005086662167416822
2003-09-22,67.60773764301432,67.41,36677400,-0.010802803274382877
2003-09-23,67.43684934694909,67.67,32489200,0.003803349029622538
2003-09-24,67.78518082042298,66.46,41694700,-0.017778300934274016
2003-09-25,66.66118182433088,65.92,52673100,-0.008208060118745641
2003-09-26,66.02352529061969,65.7,42914700,-0.003291298873826509
2003-09-29,65.93152530654662,66.35,36771600,0.009805359434819305
2003-09-30,66.04981960955409,65.7,70764500,-0.009710147944062442
2003-10-01,65.89209394226606,67.1,65797600,0.02131132863897678
2003-10-02,67.00299422011294,67.34,44591500,0.0036243871901102676
2003-10-03,68.14674749802893,67.96,48806900,0.009174898116793395
2003-10-06,68.02185605695936,68.27,20226500,0.0045459107234548934
2003-10-07,67.87723347517753,68.53,42602900,0.0038512595573270136
2003-10-08,68.58058708391036,68.36,30920800,-0.0024938316573460684
2003-10-09,68.9421266288421,68.55,40066500,0.0026923534483662692
2003-10-10,68.54114502971436,68.74,22682800,0.00278095386071886
2003-10-13,68.83041018616255,68.96,23825600,0.0031562743731099463
2003-10-14,68.88955456201502,69.2,38484400,0.003526843554681136
2003-10-15,69.58635575601875,69.01,39021700,-0.002659541040085367
2003-10-16,68.81067232845417,69.29,32772200,0.0040001706857411
2003-10-17,69.32996077261429,68.53,32790300,-0.010909982978510646
2003-10-20,68.65949006759249,69.05,27657000,0.007481606293869181
2003-10-21,68.90265314214801,68.93,26729100,-0.0017144427436784904
2003-10-22,68.38336822366759,68.06,33914500,-0.012587973752179793
2003-10-23,67.63399379247724,67.94,45830500,-0.0018351231884309316
2003-10-24,67.59458580012094,68.09,51723600,0.002225939170914293
2003-10-27,68.19275337414825,68.12,32460200,0.0004824986662934627
2003-10-28,68.35054299954925,69.05,34956200,0.013606485973351345
2003-10-29,68.86983019981636,69.14,30955400,0.001332682001257135
2003-10-30,69.54034479608183,69.28,39123100,0.0020919791062510296
2003-10-31,69.28397978215213,69.22,25761600,-0.0009487743346411337
2003-11-03,69.51403775510225,69.67,37589300,0.00655249546600567
2003-11-04,69.6717930977087,69.52,31421600,-0.0021700560949152736
2003-11-05,69.34308929142037,69.57,33558800,0.0007559092447986249
2003-11-06,69.41543058012859,69.94,28392300,0.005291535024371408
2003-11-07,70.09906728548295,69.42,31723200,-0.007424830760742407
2003-11-10,69.50745377053221,69.14,25530800,-0.004071640385652442
2003-11-11,69.08016203430414,69.12,26558600,-0.0002854705110175715
2003-11-12,69.17221777044954,69.9,28000000,0.011222404409885867
2003-11-13,69.68493187173094,69.92,29714800,0.00028194639285450407
2003-11-14,69.94127573118764,69.32,49158500,-0.00846211858074819
2003-11-17,68.96183093747382,68.97,44382100,-0.005025668714389586
2003-11-18,69.17879587281011,68.26,41155000,-0.010387262562318256
2003-11-19,68.38339914264645,68.84,29827000,0.008474445554713439
2003-11-20,68.36368672814683,68.22,53578700,-0.00897623844304729
2003-11-21,68.52147426021988,68.5,30016000,0.004143772765754727
2003-11-24,68.81725444323085,69.41,28906400,0.013242062124623866
2003-11-25,69.50089309882715,69.67,37580000,0.003788269335573302
2003-11-26,69.95444159488278,69.92,33053600,0.0035850767770817527
2003-11-28,69.86241213611545,69.97,10507500,0.0007520108816803095
2003-12-01,70.237095311771,70.73,38699000,0.01080317800946018
2003-12-02,70.58548407246145,70.55,35352000,-0.002509293760495357
2003-12-03,70.76296883027733,70.44,39078600,-0.0015838921616748713
2003-12-04,70.44744486147688,70.73,36089500,0.0041060017810365945
2003-12-05,70.41455351799665,70.24,28824400,-0.006970643970446333
2003-12-08,70.16483012813515,70.71,32482900,0.00673943498195162
2003-12-09,70.92732297041486,70.16,43596100,-0.007716312962760541
2003-12-10,70.18452295415302,70.16,36915400,-9.362113841349107e-05
2003-12-11,70.12536545830915,70.95,45304000,0.011243309431065107
2003-12-12,70.97334350094069,71.09,34142200,0.0019457648429090924
2003-12-15,71.7621308009209,70.73,38693400,-0.0049938474434289
2003-12-16,70.78268638505308,71.1,32894200,0.005204441157638406
2003-12-17,71.03247618201846,71.32,23198800,0.003143475389218997
2003-12-18,71.35461259541827,72.12,29353100,0.011244743551192649
2003-12-19,72.18710857715375,71.92,41465100,-0.002783760929138901
2003-12-22,71.85027307268976,72.42,27611300,0.006978829716342672
2003-12-23,72.30597992573634,72.47,24741200,0.0006382683765251418
2003-12-24,72.332350441892,72.4,8055800,-0.0010030602390942445
2003-12-26,72.45785406935018,72.45,8308400,0.0007299721594709041
2003-12-29,72.7154251731095,73.42,22483700,0.013309036227679538
2003-12-30,73.36929078431916,73.43,19559500,0.0001801985863243427
2003-12-31,73.45512565596204,73.49,31501800,0.0008990642687047856
2004-01-02,73.79856392141629,73.46,38072300,-0.00044918024346041197
2004-01-05,73.76555797467714,74.26,27959800,0.010878536287630247
2004-01-06,74.07600516101705,74.33,20472800,0.0009787821964584165
2004-01-07,74.22786012159064,74.58,30170400,0.003375636646056668
2004-01-08,74.79585730192223,74.88,36438400,0.003984885340949207
2004-01-09,74.51842801987505,74.23,54084300,-0.008732237203532223
2004-01-12,74.33353948783835,74.78,31564100,0.007385506912702899
2004-01-13,74.69017847650777,74.34,54239700,-0.005829378397915752
2004-01-14,74.4722522852608,74.96,30112800,0.00835136938340253
2004-01-15,75.00719559159153,75.15,38408700,0.0024666966437414395
2004-01-16,75.31760542233812,75.44,31922700,0.003955014263636425
2004-01-20,75.64121289954798,75.42,29863000,-0.0002628311720803689
2004-01-21,75.37704854937324,76.02,30725000,0.007881141159136185
2004-01-22,76.04411511283561,75.82,29888500,-0.002606237184846316
2004-01-23,75.95162045125772,75.58,44245300,-0.003223442722157799
2004-01-26,75.54876309047569,76.53,30460600,0.012584359770267728
2004-01-27,76.44695257314768,75.74,35322800,-0.010270430646852624
2004-01-28,75.93843786889288,74.88,52621300,-0.011422695644562109
2004-01-29,75.00060126570185,74.95,60117100,0.0009703454166793968
2004-01-30,74.97418269595698,74.95,30984400,0.0
2004-02-02,75.09306872435901,75.27,38832400,0.004317989192098803
2004-02-03,75.11947071655901,75.15,25093500,-0.001667347119979623
2004-02-04,74.75623255220569,74.53,39332600,-0.008173594617078894
2004-02-05,74.74300500063691,74.75,37226800,0.002924040660799321
2004-02-06,74.90809462441277,75.59,37216000,0.011220728871748964
2004-02-09,75.733712518986,75.61,24851300,0.0002629316709725771
2004-02-10,75.47613661164038,75.85,27908100,0.0032319481031615194
2004-02-11,75.85256895513686,76.66,42965700,0.010622248646193322
2004-02-12,76.59227151850072,76.38,27814700,-0.0036185183183633507
2004-02-13,76.49324063848478,76.04,44739900,-0.004495874253763299
2004-02-17,76.5130445642236,76.72,23984300,0.00903315954591788
2004-02-18,76.74416546227354,76.39,28618000,-0.004390529074017269
2004-02-19,76.83008530215442,76.1,51146200,-0.0037170406779044596
2004-02-20,76.26867190712855,75.87,46728800,-0.0030378795093758404
2004-02-23,76.09695626956213,75.68,36357000,-0.0025243477787820767
2004-02-24,75.46949614638868,75.55,43953000,-0.001745728147676262
2004-02-25,75.59502757269244,75.87,31213600,0.004196791743677153
2004-02-26,75.69404559707874,75.91,29683000,0.0006087158699759065
2004-02-27,76.07710099043119,75.96,39312000,0.0006958838030832748
2004-03-01,76.23563577357767,76.72,33130800,0.009911758334278264
2004-03-02,76.57245980948113,76.27,38556400,-0.005854080000190942
2004-03-03,76.11673425122595,76.41,31346200,0.0018183027673672747
2004-03-04,76.42719542865683,76.61,21060000,0.002593745175919482
2004-03-05,76.22903706935688,76.86,55905600,0.003362069978621207
2004-03-08,76.83661904174402,75.93,39281600,-0.012201779604859575
2004-03-09,76.01771327360801,75.62,39746100,-0.004000736358970136
2004-03-10,75.76675484654555,74.35,67671800,-0.016768406798566615
2004-03-11,74.23448080315589,73.39,89134800,-0.01296896830256955
2004-03-12,73.79201258080857,74.35,54012200,0.013139372406829386
2004-03-15,74.14862836899478,73.44,57677200,-0.012258292111514746
2004-03-16,73.82500573087997,73.83,59832600,0.005305737487018458
2004-03-17,74.08917890844224,74.66,41607300,0.011181577589600034
2004-03-18,74.4325958766462,74.68,60014300,0.00026518926440277646
2004-03-19,74.50134915061153,73.61,48636200,-0.014333076660040578
2004-03-22,73.26197906565518,72.67,62752100,-0.012695788848941847
2004-03-23,73.06977282094043,72.55,54080200,-0.001732862446038319
2004-03-24,72.62572471344345,72.61,51584300,0.0008222931789103605
2004-03-25,72.95711428365935,73.57,49873600,0.013236039410322586
2004-03-26,73.54030715267915,73.59,37409500,0.0002697417852426387
2004-03-29,73.98440550802884,74.62,44113600,0.014050887305503412
2004-03-30,74.42843902528769,74.87,39059900,0.003374816819977422
2004-03-31,74.88572133103759,74.96,48517600,0.0011504340825216897
2004-04-01,74.93877774212474,75.41,45103800,0.0060128385033368925
2004-04-02,76.09198545521002,75.98,50987700,0.007558437818979691
2004-04-05,75.85999788547753,76.4,30251800,0.0054951614964953155
2004-04-06,76.10523328360108,76.15,28420900,-0.003209671437099937
2004-04-07,76.18475588705216,75.97,45890500,-0.00234998365951844
2004-04-08,76.48964487288471,75.8,46929700,-0.002267950338877056
2004-04-12,75.93954788054172,76.1,23085200,0.003934554204973573
2004-04-13,76.39023195076952,75.03,56210300,-0.014021900271264487
2004-04-14,74.63389301058021,75.15,62322300,0.001589805397041122
2004-04-15,75.19059777439038,74.87,61602500,-0.003792421086657116
2004-04-16,75.14421974617782,75.44,47059200,0.0077020704352348535
2004-04-19,75.25689352795628,75.44,28277600,0.0
2004-04-20,75.60814793461529,74.18,53299400,-0.016779568372824905
2004-04-21,74.36216781326752,74.67,50177300,0.006701484972134741
2004-04-22,74.5477195260384,75.72,62071500,0.014022908719345306
2004-04-23,75.83348829909376,75.79,29395700,0.0009629337509236002
2004-04-26,75.88649912462382,75.69,35515200,-0.0013992743422247544
2004-04-27,75.70758160760276,75.75,43485500,0.0008760617120004976
2004-04-28,75.4822212160705,74.77,50165800,-0.012948644028108913
2004-04-29,74.70678788500938,74.12,69687600,-0.00877502575082989
2004-04-30,74.34227320688228,73.54,48681400,-0.007779587415053579
2004-05-03,73.81205471520343,74.33,33758000,0.010724469705505113
2004-05-04,74.39531316125733,74.27,51185100,-0.0008021594563668577
2004-05-05,74.50133958100893,74.75,34405000,0.006424892885065869
2004-05-06,74.24287102797757,74.1,54997000,-0.008600637264943867
2004-05-07,73.71263249571247,72.88,60950000,-0.01654631321439004
2004-05-10,72.53295653307464,72.13,75279400,-0.010275846228609442
2004-05-11,72.5461781822948,72.74,48300600,0.00845309771506364
2004-05-12,72.61907037237027,73.2,90830500,0.006377934049474732
2004-05-13,72.74501271771224,72.9,57393700,-0.004164559616424479
2004-05-14,72.87094397239785,72.93,54123100,0.00045474459262107025
2004-05-17,72.16840676879005,72.31,55020400,-0.008542487890409567
2004-05-18,72.56607440707336,72.67,30193100,0.005041413874967038
2004-05-19,73.23548308130916,72.42,54804100,-0.0034654099407050998
2004-05-20,72.53954790995249,72.65,38082900,0.003202710921337948
2004-05-21,72.88418954960538,72.78,47480400,0.001733232017232078
2004-05-24,73.25535851386792,73.08,40961500,0.0041893551194196466
2004-05-25,72.83782207938228,74.13,48668000,0.014328530536144246
2004-05-26,74.00427238125566,74.39,35977000,0.003486581185717652
2004-05-27,74.58751514585497,74.81,45306900,0.005613176740095094
2004-05-28,74.71344875345501,74.8,23367200,-8.852624405375487e-05
2004-06-01,74.5344965547897,74.7,41044700,-0.001329133200341781
2004-06-02,74.91224783585547,74.98,39774200,0.003726035769412217
2004-06-03,74.7664366953838,74.29,38688300,-0.00919300112896504
2004-06-04,74.87911987304688,74.88,32739500,0.007940237685422069
2004-06-07,75.17735739123141,76.02,31643800,0.01522381654350946
2004-06-08,75.80036132184216,76.13,32846500,0.001395026139678679
2004-06-09,75.89312268899452,75.42,36737600,-0.009316015410501866
2004-06-10,75.5816311995637,75.79,21711000,0.004921437377774618
2004-06-14,75.43581973324974,75.04,34633000,-0.009881950739739409
2004-06-15,75.48885378438766,75.57,37445000,0.007066005029585876
2004-06-16,75.55514526367188,75.56,26633400,-0.00017516584469967622
2004-06-17,75.45571979790695,75.44,28402400,-0.0014913415550827924
2004-06-18,75.34534185487313,75.58,31799800,0.001886757153208407
2004-06-21,75.66463536278378,75.3,25284000,-0.00378417313243129
2004-06-22,75.25221565925355,75.68,37334000,0.00503527917449631
2004-06-23,75.57150226776754,76.33,35580000,0.008613849947244123
2004-06-24,76.20341199618375,76.09,35272100,-0.0031374250964621986
2004-06-25,76.1036544397366,75.72,32837900,-0.004807931407339927
2004-06-28,76.17684194001406,75.47,40824500,-0.0034255680977246517
2004-06-29,75.51831158827916,75.78,28418100,0.00414280704141734
2004-06-30,75.87751824863925,76.18,52230600,0.005354730643003736
2004-07-01,75.99722814658814,75.13,57734700,-0.013883097171465408
2004-07-02,75.27219320707096,75.09,34615100,-0.0005311319488154886
2004-07-06,74.74669673084064,74.43,38698200,-0.008770366474612379
2004-07-07,74.37416867971045,74.65,29839800,0.0029490487731398396
2004-07-08,74.37420468143932,74.13,45291100,-0.006950141034684942
2004-07-09,74.31430011327343,74.32,27412900,0.00260175953006736
2004-07-12,74.18127599434948,74.35,35691300,0.000447677109112421
2004-07-13,74.44732667832832,74.41,26752000,0.0007153882453667659
2004-07-14,74.00833793996073,74.18,54089400,-0.0030391493498896915
2004-07-15,74.32760056260223,73.7,38403500,-0.006456487233635344
2004-07-16,74.21456802433272,73.64,40871200,-0.0008116715070900504
2004-07-19,73.66910201387923,73.33,39592800,-0.0042455450008603846
2004-07-20,73.52272386595635,74.26,46679800,0.01269907031073525
2004-07-21,74.3808099178206,72.89,56241100,-0.018452161534519562
2004-07-22,72.74450732164516,73.09,72477100,0.002738345832710154
2004-07-23,72.91740174946837,72.48,49610500,-0.008373499037849785
2004-07-26,72.63139699990379,72.34,49679100,-0.001926970492066915
2004-07-27,72.53824602020546,73.02,51295100,0.009378922078387752
2004-07-28,72.87087686099471,73.24,65862300,0.0030068417483002374
2004-07-29,73.52939985610084,73.55,52200500,0.0042687558780425405
2004-07-30,73.38307243594387,73.73,41581700,0.002442050064827006
2004-08-02,73.29656029720049,73.88,38263100,0.0020745456007329466
2004-08-03,73.78883915396143,73.31,40948800,-0.007742271127467726
2004-08-04,73.09703260269816,73.3,40763200,-9.095756881449812e-05
2004-08-05,73.36310799236846,72.11,50772000,-0.016333885026252104
2004-08-06,71.59371733403782,71.07,74729000,-0.01429891612226597
2004-08-09,71.18793064746059,71.17,37476300,0.0014035105044845064
2004-08-10,71.38086680851914,72.09,55870600,0.012897629660453491
2004-08-11,71.62702895740637,71.95,52933200,-0.0020292459047066558
2004-08-12,71.62696526375244,71.16,50015900,-0.01091064530482444
2004-08-13,71.24119434789834,71.3,41634700,0.0019634921684923423
2004-08-16,71.2677751021408,72.04,45731900,0.01035506330109448
2004-08-17,72.33872808309211,72.45,40701600,0.005632603843091166
2004-08-18,72.1857263128433,73.19,43165400,0.010283573369032961
2004-08-19,73.04382754211176,72.98,39881600,-0.0029081076347988732
2004-08-20,72.9107751327295,73.49,44870900,0.007018298049132232
2004-08-23,73.53605625794494,73.3,33745100,-0.0025343595073882286
2004-08-24,73.59592665464065,73.4,30453100,0.001361261165432781
2004-08-25,73.38968934673845,73.9,38551400,0.0067961178166986436
2004-08-26,73.80875308235265,73.9,26629500,0.0
2004-08-27,73.96840870240584,74.13,24902900,0.0031504778780540033
2004-08-30,73.98173689167719,73.52,26726500,-0.00825451601031757
2004-08-31,73.60923866842403,73.91,44125300,0.005247502406147353
2004-09-01,73.80209047814385,74.05,52778300,0.0018893723604735957
2004-09-02,73.99503424904223,74.89,42736600,0.011319286596761735
2004-09-03,74.72009417180124,74.58,30480500,-0.004085881240176281
2004-09-07,74.85979608092204,75.07,37338800,0.0066002393967798945
2004-09-08,74.91299101395165,74.89,32963100,-0.002481218603031743
2004-09-09,74.87971118979456,74.82,34314800,-0.0008884919659787327
2004-09-10,74.84643541868685,75.21,27900600,0.005156224969503187
2004-09-13,75.37194311829587,75.45,44398100,0.0032727853004757
2004-09-14,75.36532317069168,75.6,28048900,0.002028087243850063
2004-09-15,75.36530665586778,75.03,38295000,-0.007566648781780927
2004-09-16,75.06596913057037,75.26,23911700,0.003014127138552869
2004-09-17,75.44525619347768,75.58,33683000,0.004251682146513502
2004-09-20,75.25822227783775,75.12,37149400,-0.006009829531213096
2004-09-21,75.31164251626025,75.45,40920800,0.004356468986271178
2004-09-22,75.14463105398082,74.51,49042100,-0.01248256633992384
2004-09-23,74.54352239824777,74.11,44068700,-0.005378149195412574
2004-09-24,74.25625203300571,74.45,34981100,0.0045960014457988585
2004-09-27,74.20952087849102,73.98,39355100,-0.0063696512867756905
2004-09-28,74.08261090857259,74.33,41662900,0.004785508637038083
2004-09-29,74.28297302285478,74.7,33325700,0.005032050647115094
2004-09-30,74.5101059479683,74.65,43536700,-0.000714900382716821
2004-10-01,74.98437267853716,75.91,62824300,0.016911518069156584
2004-10-04,76.21338772418426,76.04,33082400,0.0016715500611756973
2004-10-05,76.04638091965778,76.08,36910600,0.0005268555881909887
2004-10-06,75.99295271775568,76.6,42297800,0.006848223648604046
2004-10-07,76.40043208799521,75.78,39388800,-0.010725164461054093
2004-10-08,75.57882585920993,75.15,51872600,-0.00828589999573115
2004-10-11,75.33170551892316,75.46,20229100,0.00408883604413135
2004-10-12,74.94425497257322,75.16,41754700,-0.0038953494015274703
2004-10-13,75.47863567767237,74.5,54212600,-0.008797414937192882
2004-10-14,74.59693099715238,73.9,64082200,-0.008068968193851056
2004-10-15,74.15610157289763,74.32,63482200,0.005604078328670603
2004-10-18,74.06924082348043,74.6,43535100,0.003774535584907257
2004-10-19,74.82404124045472,73.97,55851900,-0.008416714667696557
2004-10-20,73.7285696095672,73.82,57118500,-0.001987050803004764
2004-10-21,74.00244014888445,74.3,53218300,0.006514773447892974
2004-10-22,74.26963992779369,73.47,48752400,-0.011236728036475907
2004-10-25,73.30777330503619,73.38,43990900,-0.0011820831788618147
2004-10-26,73.56161008737871,74.5,54337400,0.015292423437292646
2004-10-27,74.39653937850791,75.4,73896000,0.012013439814986038
2004-10-28,75.33170191425587,75.63,54413300,0.003012457819923986
2004-10-29,75.55880368532151,75.61,48820200,-0.00017674833307257387
2004-11-01,75.85269999420098,75.82,36720900,0.0027385699440207745
2004-11-02,75.92616697663236,75.85,56210000,0.00035229167698092034
2004-11-03,76.83458781011561,76.8,76960200,0.012593638511062322
2004-11-04,76.6675974656939,77.85,55350300,0.013654516581059095
2004-11-05,78.1838067097932,78.34,63287200,0.006262777541104381
2004-11-08,78.13710597532749,78.22,33863800,-0.0014487948979357013
2004-11-09,78.20388317501553,78.07,44658100,-0.001964211728740395
2004-11-10,78.19051488780553,78.13,45265400,0.0007699728002881212
2004-11-11,78.27068370333862,78.72,37863200,0.007608946568928632
2004-11-12,78.7983561269145,79.35,55583700,0.007890583138515872
2004-11-15,79.38694427046495,79.54,35297900,0.002457007654483201
2004-11-16,79.29316542782165,78.97,40028700,-0.007159011057586873
2004-11-17,79.29986662641141,79.44,54494000,0.005938286913345747
2004-11-18,79.40703676035396,79.55,31854300,0.001349060430838822
2004-11-19,79.52092614136734,78.66,54276500,-0.011116696249999669
2004-11-22,78.49591070612934,79.04,37560200,0.004768989030772497
2004-11-23,79.0051006695457,79.16,41968800,0.0015261963087498387
2004-11-24,79.2328407897568,79.35,29724800,0.0023692231151437593
2004-11-26,79.39362954381394,79.29,15487700,-0.0007598939821453765
2004-11-29,79.58121049442059,78.92,61460800,-0.004562734935093848
2004-11-30,79.05197203897106,78.98,53685200,0.0006791808263366672
2004-12-01,79.1591572498265,79.88,49898300,0.01136648060958434
2004-12-02,79.78892177223155,79.94,60163500,0.0008391036634491922
2004-12-03,79.92958332152267,79.89,49067900,-0.0006707201270436114
2004-12-06,79.86257934570312,79.86,33030500,-0.00033558514723441846
2004-12-07,80.05017018438326,79.12,52047200,-0.009311171801231755
2004-12-08,79.19264556496441,79.58,43895100,0.0058423682058375
2004-12-09,79.14575243366511,79.86,60922800,0.0035356597360833852
2004-12-10,79.668333775148,79.94,47828600,0.0010070934072925475
2004-12-13,80.23107335247992,80.64,38541000,0.008715257928536113
2004-12-14,80.51244541369074,80.92,41500700,0.0034892485636415227
2004-12-15,80.86081915812692,80.98,46699200,0.0007452040453341802
2004-12-16,80.87418733650048,80.93,51641800,-0.0005794960522950143
2004-12-17,80.40812825307309,80.39,70761900,-0.006669718381289158
2004-12-20,80.6033451353622,80.41,47187400,0.0002513881389212269
2004-12-21,80.50234885688239,81.03,33094200,0.00770027795648609
2004-12-22,81.02737802008922,81.23,31500700,0.0024090269167591494
2004-12-23,81.35719261738123,81.29,25646100,0.0007456638972815899
2004-12-27,81.5793261856408,81.12,29944100,-0.002069859979894506
2004-12-28,81.20237651009862,81.57,23422900,0.005476087940558871
2004-12-29,81.49855308589296,81.69,22650600,0.001485548731227082
2004-12-30,81.71393501771485,81.53,21076900,-0.0018953232038350087
2004-12-31,81.6466400678019,81.36,28648800,-0.0021462416254841576
2005-01-03,81.8216394692267,80.97,55748000,-0.004715832812248522
2005-01-04,81.08123863034739,79.98,69167600,-0.012219405647445947
2005-01-05,79.92351724061434,79.43,65667300,-0.006900538217752827
2005-01-06,79.72158856764885,79.84,47814700,0.005084267795897768
2005-01-07,80.07829030615027,79.72,55847700,-0.0014337364894967397
2005-01-10,79.65424926198253,80.1,56563300,0.004728276051622071
2005-01-11,79.85618603716705,79.55,63099700,-0.00689068234357304
2005-01-12,79.69466443383824,79.81,72720500,0.0033002993288049343
2005-01-13,79.85618829999291,79.17,55537500,-0.00801234176903598
2005-01-14,79.40521836038039,79.59,42032500,0.0052712162623944625
2005-01-18,79.4590825821411,80.41,57391700,0.010402793583087488
2005-01-19,80.3879249462315,79.57,54378900,-0.010463239621412934
2005-01-20,79.35138981549782,79.09,72049300,-0.006089921671969534
2005-01-21,79.28404651072506,78.6,63160400,-0.006128104254366384
2005-01-24,78.81288478850506,78.45,58441900,-0.0019693652567862596
2005-01-25,78.69174415237003,78.67,68245000,0.0028315037886619265
2005-01-26,78.96771888813727,78.91,57195100,0.0029946748513354216
2005-01-27,78.88022149954436,79.04,55878800,0.0017060643941895215
2005-01-28,79.08214747336363,79.04,60738900,0.0
2005-01-31,79.39174912495434,79.53,52532700,0.006216215537942382
2005-02-01,79.59368704995812,80.04,49841200,0.006347412356757731
2005-02-02,80.13884753027446,80.28,52468900,0.003026862186547241
2005-02-03,80.1388799833955,80.07,48837100,-0.0025987204924767804
2005-02-04,80.09852598426517,80.93,50024600,0.010676273906181866
2005-02-07,80.93985264155158,80.82,45412000,-0.0013313610862065728
2005-02-08,80.88602412585121,80.91,39263500,0.0011662343713831902
2005-02-09,81.05432791537865,80.31,55279400,-0.007486547918602371
2005-02-10,80.54274430781226,80.6,45858600,0.003603639892897803
2005-02-11,80.56966564678488,81.29,53133000,0.008601985846968585
2005-02-14,81.23604148684804,81.23,32432100,-0.0007451082969249789
2005-02-15,81.31007805141482,81.53,43852700,0.0037287891072019796
2005-02-16,81.39758568298829,81.59,55523000,0.0006605475947982775
2005-02-17,81.59953423494032,80.93,58124000,-0.008084893769169654
2005-02-18,80.93313025145589,81.03,47723300,0.001330324053778531
2005-02-22,80.70426634112746,79.83,80697600,-0.014868517519652236
2005-02-23,80.05140487757882,80.4,68292600,0.007167474977965993
2005-02-24,80.26007719741264,80.93,68563600,0.0066138286608541375
2005-02-25,80.95332112494013,81.73,60899900,0.009896330841614676
2005-02-28,81.54566133210697,81.2,69381300,-0.0065880373607749565
2005-03-01,81.32352289067009,81.6,47294400,0.004973748590083815
2005-03-02,81.28316842813048,81.56,64226500,-0.000494604741155813
2005-03-03,81.888945251922,81.59,61230800,0.0004125304872657498
2005-03-04,82.15141747368452,82.61,56168500,0.01245627554051243
2005-03-07,82.56200493402072,82.65,43442400,0.0004888368702506973
2005-03-08,82.5687704556032,82.34,44362000,-0.0037457643452860623
2005-03-09,82.0975730590306,81.42,73263600,-0.011117856562425366
2005-03-10,81.57932246252628,81.61,65149000,0.002232379405365359
2005-03-11,81.65334337694465,81.03,57976500,-0.007011119926209952
2005-03-14,81.18219237543691,81.54,36336400,0.006229933602295956
2005-03-15,81.72740776187685,80.87,62438500,-0.008254806024736827
2005-03-16,80.5697136695902,80.18,74874200,-0.00848965888900799
2005-03-17,80.30716342429785,80.34,62584200,0.002014222879927585
2005-03-18,80.487466874866,80.1,60232000,-0.002968919033900952
2005-03-21,80.2171643280131,79.8,61244300,-0.0037119131725484866
2005-03-22,79.98740367647159,78.99,92472400,-0.01016099507122048
2005-03-23,79.0278792960229,79.06,70817300,0.0008558119589603397
2005-03-24,79.37250207676942,79.16,51932500,0.001196494644144952
2005-03-28,79.3454653062481,79.27,46765500,0.0014511569448982797
2005-03-29,79.15623590041504,78.74,71160300,-0.006649326010810586
2005-03-30,78.9129711018806,79.86,62002100,0.014159485126543192
2005-03-31,79.86577262252368,79.71,64575400,-0.0018615151214068648
2005-04-01,80.16311299067642,79.35,95255300,-0.004492814033966064
2005-04-04,79.30493325100038,79.49,71581200,0.0017032253598381342
2005-04-05,79.58871996601184,79.87,46853900,0.0047604421720064405
2005-04-06,80.04143730029563,80.14,53268200,0.003468611075845507
2005-04-07,80.01444138301301,80.58,46734600,0.005396651351609494
2005-04-08,80.5279730336486,79.74,63772900,-0.010399514599050863
2005-04-11,79.93335372376903,79.8,44945000,0.0007630604128563423
2005-04-12,79.66304765416155,80.21,86144800,0.005165445904175225
2005-04-13,80.11580321622226,79.26,65949000,-0.01179425714214244
2005-04-14,79.33192897065076,78.23,96119800,-0.013043754463709867
2005-04-15,78.21020527194707,77.14,128677300,-0.013993121005392739
2005-04-18,77.11546639215118,77.37,100035200,0.00306557414829034
2005-04-19,77.77769203072151,77.99,64930100,0.007947671583672156
2005-04-20,77.96693515003177,76.9,107735900,-0.013949805002673177
2005-04-21,77.56825775877839,78.39,86952200,0.019420118835149935
2005-04-22,78.21019629159471,78.1,88845800,-0.003792962061717642
2005-04-25,78.29128788668272,78.61,52284100,0.006576130971628791
2005-04-26,78.35886295915374,77.85,72626000,-0.009713761172984836
2005-04-27,77.61553281981755,78.15,84131900,0.0039060742762737632
2005-04-28,77.89261312551109,77.17,72481500,-0.012537495628804796
2005-04-29,77.75745338003742,78.22,103993800,0.01357252809505316
2005-05-02,78.43320098805587,78.66,56026400,0.005615655713055778
2005-05-03,78.43320963255867,78.79,86000300,0.0017182972222558046
2005-05-04,78.82514239241607,79.4,81055700,0.007718734930775906
2005-05-05,79.51437954988431,79.37,96906700,-0.0003406343428217218
2005-05-06,79.6900995290938,79.12,67415400,-0.0031497065076793174
2005-05-09,79.20351306720725,79.62,43750500,0.006233884348283203
2005-05-10,79.30491560739948,78.79,74613500,-0.010354283802111452
2005-05-11,79.01433800970754,79.22,91647400,0.005488731851570616
2005-05-12,79.27787047215102,78.35,95086800,-0.011003152535086547
2005-05-13,78.58861648979514,78.2,85267000,-0.0019835893063591126
2005-05-16,78.18314945248075,78.93,49207000,0.009332647504301628
2005-05-17,78.66295237433998,79.45,61071800,0.006678363081860317
2005-05-18,79.79818071792242,80.27,77944900,0.010290722093369675
2005-05-19,80.42663226043645,80.61,61768100,0.004209267916999382
2005-05-20,80.64292137162022,80.49,46345500,-0.0014244348211752689
2005-05-23,80.55504409145324,80.94,51047900,0.005540188259486989
2005-05-24,80.71044141444219,80.75,50654100,-0.0023379215149105237
2005-05-25,80.64961472945056,80.69,47608800,-0.0007531986614378594
2005-05-26,80.94694094491089,81.12,43256200,0.005359664855717261
2005-05-27,81.12938965843088,81.26,24596100,0.0016659603686894897
2005-05-31,81.14293111502353,80.74,43377200,-0.0064030075244445595
2005-06-01,80.76446909115444,81.43,69611000,0.008536418499202059
2005-06-02,81.2442905756238,81.6,39704500,0.0021582046256076737
2005-06-03,81.46052093023174,81.19,60999400,-0.005051424887203337
2005-06-06,81.05508642422456,81.12,36046400,-0.0009153556764315285
2005-06-07,81.35239838027078,81.18,66501300,0.0007495280296583307
2005-06-08,81.37945143256005,81.03,46881200,-0.0018310162422099374
2005-06-09,80.91315638544157,81.41,56653300,0.004753161123791427
2005-06-10,81.46726599486864,81.22,36465300,-0.002324057594645379
2005-06-13,81.04834604079873,81.48,49383200,0.003161881731984506
2005-06-14,81.392957293192,81.67,33857100,0.002321941854261267
2005-06-15,81.87272335030798,81.83,53195600,0.0019028175787498824
2005-06-16,81.80515761825063,82.03,46564500,0.002560274707154475
2005-06-17,82.46099926086562,82.34,51529400,0.0037052847343124196
2005-06-20,82.14889542066283,82.37,41019400,0.0003294935352644579
2005-06-21,82.43381297752019,82.41,39879800,0.0005761458749484749
2005-06-22,82.55593219906689,82.48,46310100,0.0008231735004786689
2005-06-23,82.31168322081611,81.32,62185600,-0.014065965657721002
2005-06-24,81.33472274957535,80.72,58572500,-0.007341455355428961
2005-06-27,80.7173149810578,80.84,48183800,0.0014287374996100333
2005-06-28,81.00905534530875,81.52,41174200,0.008392769692331381
2005-06-29,81.6672003916056,81.3,42316500,-0.0026629629334988802
2005-06-30,81.56538637541503,80.86,62288800,-0.005424885386639322
2005-07-01,81.04296560377485,81.1,49737500,0.0029367493538916545
2005-07-05,80.90727478833004,81.75,51549000,0.008031457128401476
2005-07-06,81.68074995930408,81.06,52363600,-0.008382121090823702
2005-07-07,80.2559634558586,81.38,103268800,0.0039335970790017605
2005-07-08,81.3957685787971,82.31,64491200,0.011421186789451143
2005-07-11,82.3185026807222,82.73,49688300,0.005110689746614883
2005-07-12,82.76630416210996,82.95,51871100,0.0026244255178742293
2005-07-13,82.95628485325392,83.06,41182300,0.0013905909629889912
2005-07-14,83.43795731312017,83.39,63638800,0.003920100849829744
2005-07-15,83.30904389542559,83.34,56075900,-0.0005696168078128672
2005-07-18,83.11232267893206,83.01,56598400,-0.00398849168646187
2005-07-19,83.25479501655687,83.47,59165700,0.005476014164606191
2005-07-20,83.17335172756427,83.75,69477000,0.0034138212823835445
2005-07-21,83.82466493359556,83.26,101110900,-0.005833044175669322
2005-07-22,83.3701180262232,83.82,52607100,0.00668224038728682
2005-07-25,83.72970042712035,83.58,57301600,-0.002833195630037366
2005-07-26,83.6076013817642,83.68,42758800,0.0012178852593620615
2005-07-27,83.79078488836302,83.99,43181600,0.0036484820890418934
2005-07-28,84.10286550174169,84.52,47880700,0.006300816239213303
2005-07-29,84.4081830201225,83.95,62358100,-0.00666288913380364
2005-08-01,84.01467966349054,83.89,40418200,-0.0007271922934701802
2005-08-02,84.0417989750554,84.39,45147400,0.005984376996470919
2005-08-03,84.29963428211387,84.62,36837200,0.0026531922696992893
2005-08-04,84.28606063035238,83.94,50855600,-0.008018037496310138
2005-08-05,83.75684360690519,83.37,53595500,-0.006789648859876873
2005-08-08,83.55334536926999,83.21,47616000,-0.0018712443335558993
2005-08-09,83.49226035055952,83.72,47170000,0.006033167568836317
2005-08-10,84.00788571144784,83.68,72863700,-0.0004863825640827324
2005-08-11,83.6346990247316,84.01,58570200,0.003972735098322744
2005-08-12,83.83829155684718,83.49,54776900,-0.006137364570480752
2005-08-15,83.60077875040828,84.01,36208500,0.0061752644195425255
2005-08-16,83.75002938281212,82.92,71942100,-0.013002904892690847
2005-08-17,82.90200963506476,82.91,62275100,-8.1064404150899e-05
2005-08-18,82.80702294904866,82.9,53388600,-8.180714843564196e-05
2005-08-19,83.20050161551653,83.09,39842100,0.0022911556752669426
2005-08-22,83.16658133245146,83.09,69912000,0.0
2005-08-23,83.1123008947375,82.94,55168600,-0.001878059628530937
2005-08-24,82.73237851411666,82.2,79104600,-0.008916640464431747
2005-08-25,82.33208034382146,82.49,35631100,0.003631825626331686
2005-08-26,82.42027562798188,81.93,61956800,-0.006826278513384132
2005-08-29,81.69432132622464,82.56,56179200,0.007701302975092084
2005-08-30,82.26424683035063,82.13,74160200,-0.0052590793321471985
2005-08-31,82.22350287439228,83.17,102945200,0.012638932575700368
2005-09-01,83.12587536223556,83.11,74578700,-0.0007340739572632149
2005-09-02,83.3497809370176,82.96,47653400,-0.0017959558082687455
2005-09-06,83.22087347778825,83.93,57251300,0.011695405713327167
2005-09-07,83.878963895816,84.07,41749700,0.001697482030444064
2005-09-08,83.89932881464601,83.79,39068700,-0.003308804978707891
2005-09-09,84.01465339610606,84.54,43093900,0.008906705719871733
2005-09-12,84.43532316778165,84.37,33017600,-0.0020061472271460934
2005-09-13,84.21820565519388,83.9,58427500,-0.005548906903049655
2005-09-14,83.95358114801314,83.59,57694600,-0.0036393139018954246
2005-09-15,83.8518365339769,83.55,73156900,-0.00048663701332651854
2005-09-16,84.0112070591106,84.15,75424100,0.007111171985572762
2005-09-19,84.127021620331,83.87,53355300,-0.0033200421637556987
2005-09-20,83.94306304812694,83.16,84480300,-0.008448924564895433
2005-09-21,82.9823428371232,82.38,94469100,-0.00934055897664221
2005-09-22,82.41002225625988,82.68,84597200,0.003556560837897793
2005-09-23,82.60759166152664,82.74,59368100,0.0008238840744907439
2005-09-26,83.13903405081523,82.84,70415400,0.0011526541565440862
2005-09-27,82.79836446622446,82.82,66150800,-0.00024664058121715016
2005-09-28,83.07772007991348,82.9,58620500,0.000987174197278451
2005-09-29,82.8187832957214,83.58,66607700,0.008136523447619837
2005-09-30,83.54784671565824,83.83,47824200,0.0030981288353471026
2005-10-03,83.77952163545669,83.53,50994800,-0.0035758969637865734
2005-10-04,83.66369218579796,82.59,60776300,-0.011256097475212168
2005-10-05,82.61441102609842,81.51,106052100,-0.013116589732855566
2005-10-06,81.61280851750112,81.22,140941800,-0.003594521366496517
2005-10-07,81.5583135651924,81.5,75661400,0.0034398098100241192
2005-10-10,81.5446575828207,80.81,52677000,-0.008444506605239765
2005-10-11,81.07455086946699,80.69,75629800,-0.001432999394813117
2005-10-12,80.66568644391373,80.06,100510400,-0.007853380370539065
2005-10-13,80.03206704346537,80.01,99052900,-0.0005952239141642224
2005-10-14,80.48174092591509,80.86,88651000,0.01055916860838324
2005-10-17,80.94506190708294,81.16,68109300,0.003707767704932863
2005-10-18,81.04047185355968,80.28,74996900,-0.01083008157320886
2005-10-19,80.05933258784631,81.61,116563800,0.016635727063565975
2005-10-20,81.41521554812915,80.18,131966700,-0.01761580367716431
2005-10-21,80.59762116587926,80.49,96579500,0.003909611420690018
2005-10-24,80.69980715969642,81.74,71308400,0.015491191209086264
2005-10-25,81.5719223022461,81.57,76594500,-0.0020008903009746115
2005-10-26,81.42882444457196,81.33,80855800,-0.002923643784790153
2005-10-27,81.21762248119329,80.47,66623100,-0.010638958491392958
2005-10-28,80.69296738192284,81.63,72322000,0.014394452172199923
2005-10-31,81.96027673002547,81.85,77698900,0.0027543852712872408
2005-11-01,82.15788997646568,82.1,66365100,0.002996996385670636
2005-11-02,81.87853459043914,82.96,74012300,0.010457354407451325
2005-11-03,83.22761257861589,83.31,84897600,0.004270911814564515
2005-11-04,83.39794933172796,83.2,59156000,-0.0013085732842249564
2005-11-07,83.37752442111939,83.28,46765400,0.0009829222418549222
2005-11-08,83.07772615781727,83.28,42152800,0.0
2005-11-09,83.17994797461547,83.39,57666800,0.001309184463550439
2005-11-10,83.3570734003913,84.04,79048100,0.007761764212647737
2005-11-11,84.04522662186943,84.32,34867000,0.0034050577004172133
2005-11-14,84.3450510571254,84.28,45092200,-0.0005652972623978458
2005-11-15,84.18151498012305,83.97,69592500,-0.003638307841942967
2005-11-16,84.05885038822056,84.14,51133000,0.002028319792726885
2005-11-17,84.27007819009062,84.92,55717500,0.009312617751969121
2005-11-18,85.21036193849802,85.26,72437200,0.0039314782563073525
2005-11-21,85.27167420723308,85.69,50021200,0.00503465610207976
2005-11-22,85.5510297980297,86.06,66438800,0.004293928897751487
2005-11-23,86.02120877706504,86.55,50854700,0.0057803442584698494
2005-11-25,86.5185664691516,86.62,15270000,0.0007868039075047406
2005-11-28,86.70256455958668,86.01,54498500,-0.0070789268948929784
2005-11-29,86.29375627205583,85.91,51738900,-0.0011090919638866437
2005-11-30,85.95985415363924,85.45,56007200,-0.0053933673472559285
2005-12-01,85.86447905483215,86.32,65468200,0.010206741994383872
2005-12-02,86.37548295756855,86.43,46699400,0.0012627422108284492
2005-12-05,86.32783028060547,86.25,59273400,-0.002127985995032722
2005-12-06,86.56627531260541,86.41,57935200,0.0018956260125995161
2005-12-07,86.37546640674117,85.91,66816500,-0.005835311252800457
2005-12-08,86.00074447002928,85.85,62608600,-0.0006342928070378617
2005-12-09,85.95988482630085,86.08,50744500,0.0026192959840010133
2005-12-12,86.33457886170208,86.16,48389900,0.0009492900090728451
2005-12-13,86.13703224047441,86.74,88630900,0.00680166328605436
2005-12-14,86.66166906316657,87.08,64375000,0.003927302509948438
2005-12-15,87.10455425039598,86.83,55900300,-0.002894792912181643
2005-12-16,87.18271284939487,86.55,46238300,-0.0032185403953134406
2005-12-19,86.80598525593967,86.11,48733000,-0.0051440264830494575
2005-12-20,86.21007762392914,86.19,46603200,0.0009547894439414506
2005-12-21,86.45663022493594,86.33,51806900,0.001589001148442959
2005-12-22,86.51827336795513,86.78,32247900,0.005236860676350874
2005-12-23,86.84020462303978,86.83,27977300,0.0005524764731532628
2005-12-27,86.9635020621226,85.94,44499500,-0.010176684307330652
2005-12-28,86.12782293314645,86.13,30764300,0.002231393836396034
2005-12-29,86.11416128464039,85.75,32788900,-0.004452851607161246
2005-12-30,85.48398828501857,85.29,44645600,-0.005431790463195529
2006-01-03,85.7511029871536,86.79,73256700,0.017588641645885028
2006-01-04,86.89501599749819,87.2,51899600,0.004735855465815897
2006-01-05,87.09366576065305,87.25,47307500,0.0006284885467302548
2006-01-06,87.68958679186179,87.98,62885900,0.00832156513664084
2006-01-09,87.96357279913892,88.2,43527400,0.0025693420123928945
2006-01-10,87.94299813417872,88.29,44960800,0.0010091700663914516
2006-01-11,88.37452987216724,88.57,49598900,0.0031807748128951374
2006-01-12,88.41564421135253,88.22,40509200,-0.003943765869598437
2006-01-13,88.06630329524728,88.14,44856700,-0.0009318835176734819
2006-01-17,87.81283686123192,87.9,52066600,-0.002720096017441831
2006-01-18,87.38819859755837,87.55,75067600,-0.003973709618455112
2006-01-19,87.76494016526173,87.89,81530400,0.0038335811179333046
2006-01-20,87.86765890388781,86.29,114957800,-0.018237302648700715
2006-01-23,86.44977770222607,86.59,67017400,0.003572275513241019
2006-01-24,86.73748694407338,86.68,53008800,0.001028634451861965
2006-01-25,87.01830435964301,86.76,87747700,0.0008689740613927466
2006-01-26,87.16216379536017,87.24,71294000,0.005526776611836537
2006-01-27,87.44301925095512,88.05,65771200,0.00926520379958884
2006-01-30,87.9772720336914,87.98,33709600,-0.0007781401877605676
2006-01-31,87.89506018306037,87.33,72937000,-0.007318826396581102
2006-02-01,87.552569421446,87.94,63561000,0.006980367977142521
2006-02-02,87.74435809515215,86.92,83626900,-0.011605323737200024
2006-02-03,86.70322644775949,86.49,86040400,-0.004964323995628184
2006-02-06,86.60731157967997,86.72,45511900,0.0026132328111247993
2006-02-07,86.56620421386592,85.95,71208100,-0.008846788862164279
2006-02-08,86.20317047694803,86.73,59422200,0.009085087670399172
2006-02-09,86.93610652708072,86.59,62023300,-0.0016582580874499042
2006-02-10,86.6004734995879,86.74,64508700,0.0018194391062835713
2006-02-13,86.71691705371782,86.59,52308700,-0.0018161347596794553
2006-02-14,86.62100690327003,87.5,90964400,0.010600221938264376
2006-02-15,87.45667767072045,87.81,85471300,0.003522589009630428
2006-02-16,87.90875753070074,88.47,61017900,0.0074883966342789154
2006-02-17,88.39510130447084,88.23,40342600,-0.0027097281932721984
2006-02-21,88.43620476268732,88.01,46456300,-0.0024841379817243103
2006-02-22,88.20327732182034,88.55,42326700,0.006070035429561527
2006-02-23,88.54580261564863,88.42,43423200,-0.0014693426688391353
2006-02-24,88.43618544382394,88.64,36777400,0.0025563437579521064
2006-02-27,88.63481936553444,88.68,35858600,0.00038636849932194295
2006-02-28,88.49783941505109,87.83,74394800,-0.009500959783724117
2006-03-01,88.08684026944061,88.61,48641600,0.008889987597830551
2006-03-02,88.29233213498263,88.61,60642300,-7.714263673530564e-05
2006-03-03,88.13477419058316,88.2,73402500,-0.004638472761037793
2006-03-06,88.45675521712691,87.79,57478400,-0.004581628796545667
2006-03-07,87.57998759291424,87.66,61780800,-0.0015605125071727066
2006-03-08,87.47038254557687,87.84,66692400,0.0021098148167491004
2006-03-09,87.8676775728323,87.25,56313600,-0.006706098980318598
2006-03-10,87.47724723738649,88.08,60490800,0.009499142634041613
2006-03-13,88.2512611995211,88.24,45479100,0.0018664641401202609
2006-03-14,88.16221999621283,89.17,69877300,0.01047882603118766
2006-03-15,89.14855259695787,89.57,53398900,0.004455244518665635
2006-03-16,89.73763286075913,89.75,65526400,0.002064968744796003
2006-03-17,89.86754613890038,89.83,47286800,0.0008350981270051072
2006-03-20,89.84002800343127,89.68,45538500,-0.0016078193188197032
2006-03-21,89.65436438967208,89.12,87102700,-0.006287739431300343
2006-03-22,89.06296349558335,89.66,51605700,0.006096378095124866
2006-03-23,89.57872024003063,89.48,46704200,-0.002071037461365388
2006-03-24,89.39305664208055,89.54,43209200,0.0007686901707080196
2006-03-27,89.42053127997757,89.41,32523000,-0.0014595173095941494
2006-03-28,89.35177296694663,88.86,82079900,-0.006152755544182376
2006-03-29,88.99421237762502,89.42,61505700,0.0062687169688240285
2006-03-30,89.47558054524377,89.26,70571700,-0.0017689467049880614
2006-03-31,89.41366020761487,89.28,62925600,0.0002307731558852666
2006-04-03,89.44804123187993,89.21,61624700,-0.0007703481503654741
2006-04-04,89.21423359997974,89.79,54809300,0.00639809206595876
2006-04-05,89.81940994964626,90.09,50607200,0.0034467164421851937
2006-04-06,89.98443792915985,90.0,57906200,-0.0010688581052334944
2006-04-07,90.12888207945312,89.08,80180900,-0.01016238900490507
2006-04-10,89.22109985351562,89.22,41496500,0.0015436312194447854
2006-04-11,89.2967799270614,88.46,72799400,-0.008478169186792894
2006-04-12,88.55403034013904,88.63,43033700,0.0018652479926895005
2006-04-13,88.43025674110778,88.51,51051800,-0.0013188579470079231
2006-04-17,88.59533805135945,88.48,64167700,-0.0003881378588443951
2006-04-18,88.66409970129989,89.88,92531800,0.015855677028070447
2006-04-19,89.91568642005029,90.05,87269000,0.0019125834272422093
2006-04-20,90.08759868816077,90.18,86005500,0.0013745126850983613
2006-04-21,90.56210180556553,90.19,72342600,0.0001523729914854055
2006-04-24,90.01193903279633,90.03,52546400,-0.0018299737570952601
2006-04-25,90.11507938644802,89.65,84359800,-0.004125137883132068
2006-04-26,89.7437687911879,89.67,67262400,0.00023053019732843794
2006-04-27,89.33114327921601,90.11,124478600,0.004831255310479898
2006-04-28,89.94316905956393,90.41,55854400,0.003357812052443787
2006-05-01,90.41083059408409,89.67,64990300,-0.008138510969108448
2006-05-02,90.09444688684897,90.35,49063500,0.007514964631682108
2006-05-03,90.1907513039122,90.01,60821300,-0.003729371145303917
2006-05-04,90.14261412702035,90.34,42921400,0.0035907637933634273
2006-05-05,90.80969572713417,91.13,62588200,0.008830943452891926
2006-05-08,91.12603011948026,91.02,30016700,-0.0012073698282951684
2006-05-09,91.06410107593952,91.2,29864000,0.0019638657091360923
2006-05-10,91.05726514178356,91.15,64378200,-0.0005273556984907168
2006-05-11,91.12601998928679,90.05,80626900,-0.012071049460074978
2006-05-12,89.64745407576828,88.88,91726500,-0.013058717717929436
2006-05-15,88.56778755810554,89.06,84029300,0.0020118774335116107
2006-05-16,89.2348742158026,88.93,62137600,-0.0014669201915057384
2006-05-17,88.48531021587122,87.23,144789500,-0.019023850444145785
2006-05-18,87.5775165194008,86.79,87906300,-0.005045786226690718
2006-05-19,87.24745060243237,87.41,124309400,0.007052000825582994
2006-05-22,86.84165724763399,86.74,110852800,-0.007632395749146648
2006-05-23,87.46062317977555,86.08,92006500,-0.007610703115290218
2006-05-24,86.42904681550874,86.77,168405000,0.0079886811948775
2006-05-25,87.2818333171566,87.84,78977900,0.01236490000743018
2006-05-26,88.03139749870135,88.29,62989700,0.005088673746761918
2006-05-30,88.00388822052717,86.72,72419900,-0.017759894460699033
2006-05-31,87.07550832927028,87.69,86926200,0.01118166184231284
2006-06-01,87.59813734252722,88.53,73721700,0.009567679072384427
2006-06-02,88.88414978796197,88.71,91702600,0.002097756613005153
2006-06-05,88.60906606571096,87.42,86105100,-0.014573747199465026
2006-06-06,87.48124681463355,87.21,130498600,-0.0024386838106758013
2006-06-07,87.2749885022853,86.55,108599400,-0.00749097551093858
2006-06-08,86.3603046961475,86.48,204957200,-0.000874596274918038
2006-06-09,86.89673386414523,86.2,94972200,-0.003180575542043651
2006-06-12,86.56662061282405,85.27,95815900,-0.010849841884324696
2006-06-13,85.09497620678245,84.28,185688800,-0.011613620886210652
2006-06-14,84.47605256446701,84.93,163566400,0.007751912720868059
2006-06-15,85.23935680777595,86.73,134057000,0.02121418951743892
2006-06-16,86.5417380863447,86.1,94253500,-0.0072866235852615535
2006-06-19,86.61768136018915,85.42,95804400,-0.007862471174778896
2006-06-20,85.65759034949481,85.71,65494700,0.0033964106366564106
2006-06-21,85.65068749686839,86.35,75008200,0.00741409049259989
2006-06-22,86.30686349817962,85.97,74566100,-0.004399864709262791
2006-06-23,85.87863948285832,85.95,54107000,-0.0001603649113763872
2006-06-26,86.02366099485491,86.33,37899600,0.004419396561977429
2006-06-27,86.34831189936652,85.59,69780200,-0.008640571422814713
2006-06-28,85.78194662420553,86.17,62368100,0.0067794845491595535
2006-06-29,86.47955683906581,87.91,110634800,0.02020008126215056
2006-06-30,88.09585133985254,87.92,54227800,7.836870209199098e-05
2006-07-03,88.01988681996566,88.28,23914000,0.004085700698407413
2006-07-05,87.92314084722973,87.77,69653400,-0.005712573963256862
2006-07-06,87.86102275008771,88.03,50100300,0.002912378141682881
2006-07-07,87.85410130512072,87.45,81626500,-0.006513085758012571
2006-07-10,87.68142361665794,87.62,60964100,0.0018956263540654827
2006-07-11,87.45347071515495,88.01,73640800,0.004414585276362404
2006-07-12,87.8264842705758,87.07,82561300,-0.010674001940160216
2006-07-13,86.65223109274409,85.65,102405700,-0.016263488866635534
2006-07-14,85.74046880166902,85.32,103242500,-0.0038709631444794335
2006-07-17,85.31909498047831,85.19,81159000,-0.0014575763027780964
2006-07-18,85.45034465479638,85.63,122771000,0.005107978687964421
2006-07-19,85.77502542197011,86.82,133565300,0.013874763257385903
2006-07-20,87.11502771534347,86.22,112259800,-0.006842444333464259
2006-07-21,86.44500758589119,85.62,101560000,-0.007049740964734874
2006-07-24,85.95457809536764,87.18,92884000,0.018233046040337042
2006-07-25,87.01833198254221,87.49,95480700,0.0035658381763212788
2006-07-26,87.43965895225728,87.61,84525800,0.0013419979069053678
2006-07-27,87.98536415332615,87.52,87257100,-0.0009458642713945364
2006-07-28,87.7504912665834,88.4,82137000,0.010022612922743646
2006-07-31,88.1787774283782,88.31,49593100,-0.0010154714839450962
2006-08-01,87.95770125901727,87.87,65225600,-0.004928047329712304
2006-08-02,88.12347599883068,88.47,64770900,0.00675989639803265
2006-08-03,87.95771382784837,88.7,63693800,0.0026547570548891564
2006-08-04,89.15957405198907,88.55,96294200,-0.0017133167024639961
2006-08-07,88.34452819824219,88.34,45377300,-0.002339865104941552
2006-08-08,88.4757498589267,88.01,90901300,-0.0038312554935474585
2006-08-09,88.53790002509271,87.71,78910600,-0.0033750811651017676
2006-08-10,87.43277618697095,87.98,69322300,0.0030717981718826337
2006-08-11,87.84028873091137,87.73,47482200,-0.002826602443807835
2006-08-14,88.15800596837141,87.8,57839000,0.0007871176042055783
2006-08-15,88.58626605535821,88.85,68143000,0.011958236241185194
2006-08-16,89.32536652237623,89.59,71737600,0.008318518703614997
2006-08-17,89.50498410728366,89.82,70992800,0.0025446974172440573
2006-08-18,89.92629426011578,90.27,58288400,0.005075372453628102
2006-08-21,89.9193929393383,89.88,42133600,-0.004284789319077831
2006-08-22,89.78814180918383,89.88,60839900,-7.715558836063341e-05
2006-08-23,89.9193782863929,89.63,66592100,-0.002766610528603275
2006-08-24,89.78813262826851,89.55,57983000,-0.0008478970858422086
2006-08-25,89.54638769684409,89.66,41756000,0.0012342894959220807
2006-08-28,89.55329441967632,90.09,52681500,0.004776209825810174
2006-08-29,90.13351543429697,90.2,61817800,0.0011500991612261036
2006-08-30,90.39598606093422,90.25,50052200,0.0006126646573272332
2006-08-31,90.38219505166892,90.24,37510300,-0.0001529244454333556
2006-09-01,90.58250549609743,90.78,48794500,0.005970630295575763
2006-09-05,90.838073597092,90.95,52348300,0.0019023077479076722
2006-09-06,90.56175887287839,90.15,53795600,-0.00881022051010949
2006-09-07,89.83650800228801,89.73,86269400,-0.004597069226608519
2006-09-08,89.85029736351512,89.99,45096300,0.0028477730379132815
2006-09-11,89.69833525260248,90.08,68496600,0.0009978834188995034
2006-09-12,90.18185751056124,90.96,69875600,0.009815329979033116
2006-09-13,90.92785060960846,91.33,62898400,0.004024618074782493
2006-09-14,91.14893640796895,91.34,57805400,7.610308116401399e-05
2006-09-15,91.79258700082552,91.55,76703100,0.0023468203737253557
2006-09-18,91.43180584295493,91.67,64154100,0.0013637940960091743
2006-09-19,91.66077596950477,91.45,92089100,-0.002497091996763956
2006-09-20,91.75091361585874,91.93,75204100,0.005310040770994728
2006-09-21,92.00072051924701,91.49,88932500,-0.004829281724947676
2006-09-22,91.34856766894198,91.21,65966800,-0.0030333337308395825
2006-09-25,91.39021083632628,91.91,92299100,0.007682525539619123
2006-09-26,91.92441122356,92.67,73962700,0.008303133304523813
2006-09-27,92.61124095257168,92.78,82432200,0.0011977516943588729
2006-09-28,92.78466004596343,92.75,58597500,-0.00037413228034688384
2006-09-29,92.82631322447824,92.67,47966600,-0.0008224942427870197
2006-10-02,92.64591004678145,92.33,51687400,-0.0037432518929687575
2006-10-03,92.19496956642297,92.52,73108100,0.0021040443397886133
2006-10-04,92.43083082604262,93.6,80890500,0.011697448601532656
2006-10-05,93.60334573022006,93.78,60505900,0.0019274952701051618
2006-10-06,93.62410127207683,93.67,64983600,-0.0012581737363350776
2006-10-09,93.55472419175955,93.72,41176800,0.0005924922419682233
2006-10-10,93.72819853779308,93.85,56403700,0.0013328472900373534
2006-10-11,93.54780971536488,93.74,104071800,-0.001182869032171685
2006-10-12,93.97100732256537,94.55,59158600,0.008659576620673404
2006-10-13,94.46361574315706,94.79,53944000,0.0025685815137499457
2006-10-16,94.71334032139526,94.94,42273000,0.0015365887777427645
2006-10-17,94.67866363403283,94.64,90500600,-0.0031421564825913073
2006-10-18,95.0741340499844,94.76,86848600,0.0013197878858772771
2006-10-19,94.62318423567946,94.91,64063200,0.0016106259284447422
2006-10-20,94.93534088134766,94.94,48094500,0.00021887937937603574
2006-10-23,94.74111927611246,95.37,66219900,0.0046043011677308066
2006-10-24,95.24063275361242,95.66,53234900,0.0029824830020948045
2006-10-25,95.55977915993309,95.98,78105400,0.0034088531761315988
2006-10-26,96.19802398542525,96.28,66843700,0.003107780890398537
2006-10-27,96.16335547048304,95.68,80238000,-0.006268651772744938
2006-10-30,95.50426100845056,95.61,49717800,-0.0007253200985274377
2006-10-31,95.78867114703542,95.59,71274100,-0.00014555234641711046
2006-11-01,95.89276035416744,94.95,83005600,-0.006749057243759848
2006-11-02,94.70641716961335,94.89,60693100,-0.0005844830282166757
2006-11-03,95.2336853116126,94.73,71346400,-0.001754715743285562
2006-11-06,95.01863616508531,95.8,63303300,0.011278996353682125
2006-11-07,95.87887461530596,96.16,63318900,0.0038380462512010993
2006-11-08,95.74011243456714,96.37,87517800,0.0021642581404039962
2006-11-09,96.44082741926587,95.86,95916300,-0.00525515457347514
2006-11-10,95.83728083000275,95.91,48991500,0.00043461247028209193
2006-11-13,95.86499550831327,96.14,59398200,0.0024591354579284186
2006-11-14,96.41310607559541,96.86,96704000,0.007504925370137805
2006-11-15,96.82937700704278,97.14,76509600,0.002865038379699758
2006-11-16,97.43289793531393,97.39,76728800,0.0025705004657359254
2006-11-17,97.0791090694661,97.42,56353800,0.000285305386043877
2006-11-20,97.33580427012718,97.47,69174200,0.0005696648680533212
2006-11-21,97.46762466045634,97.57,51367900,0.000996463341756515
2006-11-22,97.64800595170743,97.77,45505300,0.0019909427820152814
2006-11-24,97.2941607615686,97.37,30998000,-0.004045065628624389
2006-11-27,97.32191250739872,96.03,84545100,-0.013751334667393533
2006-11-28,95.9066301929297,96.45,106652900,0.004334696295976048
2006-11-29,96.7599739047552,97.45,90034900,0.010430244521224541
2006-11-30,97.4329322803425,97.5,83994300,0.00042713573936947746
2006-12-01,97.49537832836008,97.28,126080000,-0.0022058214184571545
2006-12-04,97.30112874437839,98.02,87813200,0.0076308602059882435
2006-12-05,98.20992190044645,98.45,73374400,0.004316928424168642
2006-12-06,98.42499311955193,98.36,53253200,-0.0008455853177063988
2006-12-07,98.5359943685824,97.93,62857400,-0.004372981445059487
2006-12-08,97.9116655630008,98.11,79625500,0.0018424458706542968
2006-12-11,98.11279190890764,98.4,39779400,0.0028985568103137016
2006-12-12,98.30012588838409,98.32,77451600,-0.0007754442599330336
2006-12-13,98.67480620369085,98.43,55520200,0.0010588865380494195
2006-12-14,98.41809858142831,99.29,64755200,0.008810715765138921
2006-12-15,99.51056196253602,99.3,70857400,9.089908104331634e-05
2006-12-18,99.44080708162078,99.03,48954600,-0.002739785808063222
2006-12-19,98.7501764431334,99.22,65023600,0.0019023176966084243
2006-12-20,99.25944209202122,99.16,41469600,-0.0005625680910394948
2006-12-21,99.2524724549564,98.8,48698400,-0.003658366193923457
2006-12-22,98.8129413429727,98.19,62069100,-0.006143346185800924
2006-12-26,98.23394407377114,98.77,32696900,0.005897409121268016
2006-12-27,98.97339809644026,99.42,39727100,0.0065682954341024224
2006-12-28,99.35014185067375,99.21,37288800,-0.002104877362058888
2006-12-29,99.1059645126108,98.8,45461200,-0.004148885235579214
2007-01-03,99.23852514629529,98.62,94807600,-0.001765203324256448
2007-01-04,98.52692428837057,98.83,69620600,0.0021220052040222814
2007-01-05,98.59668469899347,98.05,76645300,-0.007976390951151213
2007-01-08,98.24089445201372,98.5,71655000,0.004625078184418818
2007-01-09,98.5827621314826,98.42,75680100,-0.0008495435059145962
2007-01-10,98.07348649430924,98.74,72428000,0.003331525769032062
2007-01-11,98.77109093910529,99.18,54476800,0.004380153092879535
2007-01-12,99.16873901286084,99.93,55370600,0.007597106274559229
2007-01-16,99.81059643997727,99.73,44871300,-0.001954509404396898
2007-01-17,99.65705348335142,99.78,50241400,0.00041905351737203667
2007-01-18,99.88035492551988,99.44,68177300,-0.0033556118103710286
2007-01-19,99.44081435583476,99.64,56973000,0.0019641841933848436
2007-01-22,99.81058557214173,99.33,60253600,-0.003080666649769692
2007-01-23,99.24547145393797,99.62,54064400,0.002949625705079395
2007-01-24,99.74080542281779,100.42,55834700,0.008053267651430662
2007-01-25,100.36169517793061,99.25,73583800,-0.011740249329210029
2007-01-26,99.46174600932135,99.15,67255600,-0.0009138009777294176
2007-01-29,99.1966674435712,99.1,66114600,-0.0005626166475434236
2007-01-30,99.30824608029255,99.62,70407600,0.005208904324732533
2007-01-31,99.50361823371571,100.28,91868600,0.0067235654043809046
2007-02-01,100.56399407702747,100.88,69312400,0.005982402898356831
2007-02-02,100.96867067169703,101.02,49607000,0.0013834788844777623
2007-02-05,100.94770135222566,101.05,45705300,0.00027587548552920893
2007-02-06,101.13609616811804,101.08,57081300,0.0002764033946354161
2007-02-07,101.24073262599966,101.3,55669700,0.002208578214094148
2007-02-08,101.00351574151262,101.17,70641000,-0.0013087006109930854
2007-02-09,101.19888128115252,100.42,79084400,-0.007446979147900379
2007-02-12,100.417574320741,100.08,65657000,-0.003403832888603575
2007-02-13,100.29893591388421,100.92,64081800,0.008434622035345285
2007-02-14,101.01748303613884,101.58,66039400,0.006566945101228017
2007-02-15,101.62443013386655,101.72,38715200,0.0013049555263646706
2007-02-16,101.4639580844102,101.67,39841800,-0.0004803478546550055
2007-02-20,101.5476762619344,101.88,56911800,0.0021272586504728075
2007-02-21,101.58253879045257,101.84,63971600,-0.0004110394918416249
2007-02-22,101.88951864651783,101.76,79067400,-0.0007533453861603423
2007-02-23,101.67326339618934,101.37,71966200,-0.003907439293894477
2007-02-26,101.73600727591752,101.28,69192800,-0.0008951336581394242
2007-02-27,100.37566540816191,97.32,274466500,-0.03905723433941344
2007-02-28,97.94090139921092,98.32,177536300,0.010250683407638572
2007-03-01,97.20838140025029,98.02,212828600,-0.0029802074031906045
2007-03-02,97.70372114391473,96.74,162574000,-0.013094980324996008
2007-03-05,96.224709840986,95.82,143750400,-0.009519138513350955
2007-03-06,96.81768093742922,97.46,143333300,0.01710927118649863
2007-03-07,97.38279036452205,97.36,115144900,-0.0010018621892293744
2007-03-08,98.04554606855962,98.19,117891600,0.00845525425317284
2007-03-09,98.58271228781528,98.21,107765100,0.00028400890024071757
2007-03-12,97.96182507803499,98.36,80366900,0.0014918080287611435
2007-03-13,97.79438150360856,96.45,190605200,-0.019434115611532965
2007-03-14,96.5735559935617,97.17,231853800,0.007450623835889569
2007-03-15,96.9502854678966,97.3,132435900,0.0013641844957847926
2007-03-16,97.57293127263577,97.03,121531600,-0.0028004762417052076
2007-03-19,97.5379402494676,98.2,96161200,0.012055461018081193
2007-03-20,98.11223882470107,98.74,82147400,0.0054918160411001615
2007-03-21,98.82667174414995,100.36,152368700,0.01645755598744869
2007-03-22,100.49356213567609,100.28,118942200,-0.0007682567208969759
2007-03-23,100.35353553939522,100.43,74416800,0.0014672462718015034
2007-03-26,100.50757734218953,100.3,113787500,-0.0013255455160302576
2007-03-27,100.24144958506244,100.06,99864600,-0.0023739961728829195
2007-03-28,99.55507844974949,99.33,152907900,-0.00727961516369946
2007-03-29,99.8352509277206,99.44,139432700,0.0010577973497767346
2007-03-30,99.62515441513486,99.46,128194100,0.00021145868204008877
2007-04-02,99.56906127929688,99.57,79416400,0.0011261859913693772
2007-04-03,100.13639613630082,100.64,82417800,0.01076262788953497
2007-04-04,100.6406950338814,100.75,63995200,0.0011136232281336866
2007-04-05,100.62673625969936,101.03,46822800,0.002711673736504716
2007-04-09,101.31308634553876,101.17,50967400,0.001386153837323878
2007-04-10,101.0889531257523,101.29,56620000,0.0011768449108451318
2007-04-11,101.43214950460603,100.87,106365700,-0.004079955190094076
2007-04-12,100.67575342460378,101.32,115534400,0.004444210145436056
2007-04-13,101.48819342719729,101.78,84287000,0.00456227003882681
2007-04-16,102.13957821407581,102.75,83064600,0.009496268557425136
2007-04-17,102.93803468698333,103.02,108424100,0.002658472722531391
2007-04-18,102.67888738380543,103.15,88345300,0.0012237740228135952
2007-04-19,102.64384926351684,103.12,102947700,-0.0002718228439918535
2007-04-20,103.81354779973391,104.09,124114100,0.009441291017567188
2007-04-23,103.91856164737825,103.7,77270800,-0.003768386596959661
2007-04-24,103.82051383261283,103.74,114471000,0.00040530136242034054
2007-04-25,104.17070568227787,104.7,108418800,0.009181662649369038
2007-04-26,104.7030073767732,104.82,88741600,0.001137165641055704
2007-04-27,104.42284735450922,104.73,108191100,-0.0008017719779419563
2007-04-30,104.80806447005874,103.86,100874100,-0.008292742093222283
2007-05-01,103.95356939737376,104.13,134342700,0.002562535865218152
2007-05-02,104.28976537695416,104.74,87129800,0.005851914879399844
2007-05-03,105.03923336481822,105.31,86569700,0.005417016129255492
2007-05-04,105.58556859969266,105.7,96409000,0.003791317976020059
2007-05-07,105.67659390182126,105.73,63461400,0.0001984854764207622
2007-05-08,105.46646616165025,105.59,80584000,-0.0013249704062761047
2007-05-09,105.5084917445564,105.87,102070100,0.0027197893651755845
2007-05-10,105.57149427851623,104.77,153617800,-0.010452803487683515
2007-05-11,104.88515136554834,105.66,113408900,0.008557741561360688
2007-05-14,105.66259898824066,105.43,108027500,-0.002187458120953667
2007-05-15,105.55054050364652,105.46,180673300,0.00026586366288494645
2007-05-16,105.62055431637262,106.18,114166500,0.006840371626937403
2007-05-17,106.02678230374224,105.97,101132800,-0.0019789701192900466
2007-05-18,106.46806396211123,106.9,99182000,0.008724676917547747
2007-05-21,106.86727070434507,106.84,174664600,-0.0005244457526246693
2007-05-22,106.95130718318974,106.76,82148800,-0.0007867243602625029
2007-05-23,107.12639643804384,106.77,133786600,0.00013114058649632554
2007-05-24,106.8322261196603,105.8,187593000,-0.00905280178173462
2007-05-25,106.11083374006002,106.24,83309200,0.004170751980690834
2007-05-29,106.41898968765469,106.63,82020000,0.0036256242279508744
2007-05-30,106.08285393337546,107.5,129013600,0.008145482166651563
2007-05-31,107.63071612590095,107.39,114866700,-0.0010425883501362643
2007-06-01,107.77776092065602,107.92,107771700,0.00495650412571913
2007-06-04,107.53963571102858,107.93,78008800,0.0001300105401149665
2007-06-05,107.67975434450737,107.5,126917900,-0.003958196759899724
2007-06-06,107.06344252257627,106.35,164096800,-0.010749528949637543
2007-06-07,106.15283684427614,104.43,232414600,-0.018045996306865875
2007-06-08,104.76607018524398,105.79,175886000,0.013011558442791893
2007-06-11,105.71159307947272,105.97,102015600,0.0017213414462642351
2007-06-12,105.52947588501412,104.82,233898000,-0.010905702156359665
2007-06-13,105.41045241119306,106.38,193208200,0.014968715243202979
2007-06-14,106.50304643427982,107.06,146396500,0.0063859167747479795
2007-06-15,107.72178785739555,107.67,154030800,0.005689941074651816
2007-06-18,107.89065468825392,107.55,88537500,-0.0011755947077193296
2007-06-19,107.30676135348601,107.81,110851700,0.0024849843213798906
2007-06-20,108.03130412347673,106.31,177119700,-0.013896886308013556
2007-06-21,106.27271838966207,106.91,205262000,0.005557407817515125
2007-06-22,106.58227447596248,105.9,204964700,-0.009408624788008524
2007-06-25,105.68189097992577,105.39,232014400,-0.004782530105682636
2007-06-26,105.66077240062532,104.31,198445700,-0.010278529926050384
2007-06-27,104.19766935270229,105.79,213638000,0.014229002528205914
2007-06-28,105.78035736083984,105.78,157705000,-0.00013298057423516418
2007-06-29,106.1461296732178,105.82,199701800,0.0003324235261805697
2007-07-02,106.12502558155906,106.77,103357000,0.00904073210679135
2007-07-03,107.0465077809061,107.16,54048400,0.0036234778499106834
2007-07-05,107.20122392995073,107.05,89279000,-0.001050652904207694
2007-07-06,107.1871691200072,107.61,81109000,0.0052570078887190785
2007-07-09,107.73584515912435,107.69,72348100,0.0007845692402206339
2007-07-10,107.12386911104386,106.16,180362600,-0.01423904764799222
2007-07-11,106.04063470647036,106.91,175607600,0.007090164393902532
2007-07-12,107.18010931028013,108.6,133882500,0.015789873680582378
2007-07-13,108.7276571703313,108.92,111794300,0.002979650994309413
2007-07-16,109.0231333378283,108.91,98378700,-0.00012880887095978455
2007-07-17,108.98095015763803,108.85,126201300,-0.0005164226898700663
2007-07-18,108.48853149254607,108.66,237887400,-0.0018096048180246127
2007-07-19,109.17085936332029,109.08,145212700,0.0038843733124223068
2007-07-20,108.952805992002,107.98,245502500,-0.010124458829797955
2007-07-23,108.45330761065563,108.31,121183900,0.003061295292861921
2007-07-24,107.70772500165127,106.43,256732400,-0.017340654449887416
2007-07-25,106.93400439202394,106.65,265214500,0.0020492246911145706
2007-07-26,105.64669044990163,104.12,467592500,-0.02367964177495152
2007-07-27,104.25388670696104,102.07,422987600,-0.019659855332047838
2007-07-30,102.65011412134315,103.67,283017500,0.015643680232281243
2007-07-31,104.33827624274856,102.5,316976700,-0.011263927019272924
2007-08-01,102.12255566536588,103.0,467670000,0.004872875615882677
2007-08-02,103.23396312945926,103.82,294758400,0.00799027839832367
2007-08-03,103.59974763659636,101.15,359398200,-0.02574524948690271
2007-08-06,101.44026605799122,102.85,324980000,0.01675954646849953
2007-08-07,102.6571745045034,103.94,232568700,0.010669509515164766
2007-08-08,104.39463028416264,105.39,274930600,0.013940629930333515
2007-08-09,103.70527485658798,102.27,357622100,-0.029633560117951596
2007-08-10,101.56686962264484,101.79,411018400,-0.004677140000804214
2007-08-13,103.05108461068653,102.16,181917200,0.003593293607884185
2007-08-14,102.48834818728875,100.6,264134500,-0.015286087346104593
2007-08-15,100.39214751528412,99.21,323834000,-0.013775376861783872
2007-08-16,98.33111433818729,99.96,546743700,0.007515627276995396
2007-08-17,102.3476666844164,101.79,388218100,0.018367528567097446
2007-08-20,102.11554880854236,101.74,187320400,-0.00048365782928705414
2007-08-21,101.71457417928887,101.95,157066400,0.0020046306044620987
2007-08-22,102.70637432934028,103.16,173156700,0.011867666759689088
2007-08-23,103.64193880388119,103.07,203915300,-0.0008862551463704182
2007-08-24,103.03698622874717,104.34,128901900,0.012353139998848128
2007-08-27,104.00066109881254,103.37,113024300,-0.009303784954363237
2007-08-28,102.81191303540712,101.1,219790700,-0.02197991747483785
2007-08-29,101.55278006003509,103.08,207654200,0.019621384312099588
2007-08-30,102.31248614431153,102.8,191817300,-0.0026612789756221833
2007-08-31,103.85998303356686,103.82,185477500,0.009852658001678893
2007-09-04,103.71930453288007,104.87,120062000,0.010095605368880545
2007-09-05,104.24692398515691,103.96,166261800,-0.008652612906485668
2007-09-06,104.07107158666487,104.2,127878400,0.00230066656876593
2007-09-07,103.03699797368378,102.75,235447600,-0.013907112627586482
2007-09-10,103.06516326658719,102.55,192305900,-0.001916767557962884
2007-09-11,102.86820676895684,103.75,162081900,0.011660695549973843
2007-09-12,103.60677779071717,104.01,149554600,0.0025762608661761277
2007-09-13,104.49305283205791,104.75,154079000,0.007032863280190149
2007-09-14,104.07805945755739,104.74,121911000,-6.700994697106388e-05
2007-09-17,104.32424115209265,104.18,109870800,-0.005372736851421367
2007-09-18,104.69005742955342,107.24,263759500,0.02943991289105985
2007-09-19,107.9117295642692,107.88,193779900,0.00590319847229237
2007-09-20,107.86245262510303,107.12,175186800,-0.007042563309446748
2007-09-21,107.92892628947716,107.41,141457500,0.0026988571310133658
2007-09-24,107.72395291201921,107.21,139450200,-0.0018425321544556228
2007-09-25,106.586096812087,107.0,142289900,-0.0019775163197758294
2007-09-26,107.60380508213217,107.56,135547000,0.0052841584628608995
2007-09-27,108.07026048209693,108.2,102713300,0.0059135548940409954
2007-09-28,108.02786363403132,107.84,133372100,-0.00333127457090876
2007-10-01,107.85118032328916,109.05,148162300,0.011272839288160252
2007-10-02,109.27173736564202,108.9,112978800,-0.001361224216092749
2007-10-03,108.70632148182914,108.69,119055900,-0.0020118683277785543
2007-10-04,108.9183724170984,108.85,76864400,0.0015609056453735892
2007-10-05,109.56860132551712,110.15,134579700,0.011881709683306818
2007-10-08,109.82305078695543,109.56,71280400,-0.005325496985663092
2007-10-09,109.97142950004816,110.59,94054300,0.009417670140187795
2007-10-10,110.28241551647119,110.41,101711100,-0.001661320941239497
2007-10-11,110.91143743717934,109.88,233529100,-0.004800847341678294
2007-10-12,109.87252069418504,110.49,124546700,0.005531679467545736
2007-10-15,110.44493367877355,109.55,161151900,-0.008444251834923366
2007-10-16,109.13038010880481,108.69,166525700,-0.007934807830570323
2007-10-17,109.53324089410398,109.02,216687300,0.003056457667980572
2007-10-18,108.45191061259662,108.62,148367500,-0.0036303852785305457
2007-10-19,108.19748149311953,105.78,297169900,-0.02615654071202833
2007-10-22,105.20792385543729,106.4,261989800,0.005812975190130132
2007-10-23,107.04551917270703,107.26,180085100,0.008104369019237279
2007-10-24,106.86874603042386,107.06,326694200,-0.0018457924978980689
2007-10-25,107.17974788622823,107.31,237374500,0.002376908879672346
2007-10-26,108.17630004931313,108.57,176484000,0.011723061468313478
2007-10-29,108.79116552200715,108.93,106841000,0.003319850802065316
2007-10-30,108.45189679529012,108.18,132981600,-0.006942497004483239
2007-10-31,108.82646939786353,109.3,220954400,0.010387986243482361
2007-11-01,108.33882962103613,106.74,333040800,-0.02340744409758111
2007-11-02,107.09494846132594,106.86,331228200,0.0011256658825815613
2007-11-05,105.75913902989122,106.05,226841000,-0.007606139943236667
2007-11-06,106.6214270352641,107.48,177800500,0.013462620223549049
2007-11-07,106.3245712638185,104.54,306639700,-0.027356019028372924
2007-11-08,104.5930492445695,104.01,374509900,-0.00507035386943544
2007-11-09,102.96749990223873,102.58,277745100,-0.013726631657738353
2007-11-12,102.62825343053146,101.56,243087800,-0.009921528907775756
2007-11-13,102.74132925297504,104.66,191117400,0.030480229997290387
2007-11-14,105.46235093431281,104.37,230558800,-0.0027687876761720576
2007-11-15,103.58939706796023,102.86,263111100,-0.014424570938790127
2007-11-16,103.40567146251458,103.04,308770600,0.0017181104671453173
2007-11-19,102.67771359219196,101.6,267746000,-0.013924116523021834
2007-11-20,101.78723183296489,102.23,414767500,0.006121630959155189
2007-11-21,101.12285154946572,100.13,259012400,-0.020464904182361354
2007-11-23,101.11578336195728,101.86,77688400,0.01729253194153335
2007-11-26,102.07695165422588,99.62,214232000,-0.022063578397323758
2007-11-27,100.17581822771525,100.76,293897900,0.011493861135782657
2007-11-28,101.90733838446972,103.99,258596900,0.031983928684597984
2007-11-29,103.62473315089085,104.02,199409900,0.0003395563565602444
2007-11-30,105.33510402177993,105.07,222908000,0.010055979176447627
2007-12-03,104.73437741955637,104.37,146430400,-0.006592196717778331
2007-12-04,103.65302360012534,103.44,136533900,-0.008938343550187744
2007-12-05,104.55060412974493,105.17,171130000,0.016739589229203933
2007-12-06,105.04531783164828,106.68,154457400,0.01431334541442597
2007-12-07,107.01719590371539,106.66,148980100,-0.00019846251979882545
2007-12-10,106.91820427104729,107.48,123914300,0.007752519114482492
2007-12-11,107.52605653195421,104.54,250346400,-0.027419397885817376
2007-12-12,106.76276578805769,105.57,322435600,0.009870889273347672
2007-12-13,104.82627242985193,105.35,237551300,-0.0020752249720207283
2007-12-14,104.55062819809342,104.01,159152900,-0.01267943957633133
2007-12-17,103.61772161122505,102.53,177269400,-0.014269077447890854
2007-12-18,103.25724833675275,103.1,245569300,0.0055831941770061455
2007-12-19,103.14416457779991,103.1,198917200,0.0
2007-12-20,103.78024919218578,103.75,214813800,0.006306611767536996
2007-12-21,104.70767940286504,105.25,146084400,0.014416007671163467
2007-12-24,105.73788218308641,106.03,45601400,0.00742543162124476
2007-12-26,105.61704396218727,106.26,67093100,0.0021439893643850905
2007-12-27,105.87996706426632,104.92,122981700,-0.012570820677990091
2007-12-28,105.53890611064575,104.66,116398100,-0.0025056398347432784
2007-12-31,104.51579015376355,103.88,108126800,-0.00739977305263162
2008-01-02,104.11076304552141,102.97,204935600,-0.008754932539965288
2008-01-03,102.9597676981378,102.92,125133300,-0.00048269982346449414
2008-01-04,101.84424734718212,100.4,232330900,-0.02450660413568495
2008-01-07,100.75721562761157,100.32,234991000,-0.0008487159457380988
2008-01-08,100.94902644991511,98.7,326365700,-0.016148731233046387
2008-01-09,98.82461229595432,99.73,301824900,0.010510439708926178
2008-01-10,99.2438068864986,100.39,335701200,0.006554066092054001
2008-01-11,100.02538259918532,99.58,267076600,-0.008068387188953974
2008-01-14,100.29535770470005,100.38,170365500,0.00806260810723014
2008-01-15,99.32196435126122,98.17,239940100,-0.022012925656497817
2008-01-16,97.5954361195552,97.33,378802600,-0.008612576435042096
2008-01-17,97.91513774154159,94.8,397892600,-0.025916463896449193
2008-01-18,95.73388732722061,93.83,348561500,-0.01026747635387737
2008-01-22,90.38374685822588,92.88,435923700,-0.010146970565150126
2008-01-23,90.2985055390822,95.11,511913000,0.02402104807125749
2008-01-24,95.54915573027176,95.91,259949300,0.008441626522400991
2008-01-25,96.99149647629407,94.53,269603900,-0.014445505502009959
2008-01-28,94.682350225514,96.09,217934600,0.016536537237818782
2008-01-29,96.70021441860507,96.57,168968300,0.004954266507413152
2008-01-30,96.33069920818063,95.85,334939200,-0.007358302080525236
2008-01-31,94.78181974245273,97.6,343680800,0.018234679750541716
2008-02-01,98.0075191718888,99.17,206843600,0.016087832682975645
2008-02-04,98.9098933718054,97.92,124694300,-0.012608961262568608
2008-02-05,96.58651748305638,95.3,286882500,-0.02677417067722543
2008-02-06,95.62021132636504,94.53,250792900,-0.008052051251650427
2008-02-07,93.64497314777336,95.16,297368100,0.006613698219310127
2008-02-08,94.56156564416611,94.55,221643500,-0.006420716779467317
2008-02-11,94.56863821578673,95.03,188576300,0.005109617807915079
2008-02-12,95.85467994510557,95.91,256654400,0.009271318907374537
2008-02-13,96.63623012775392,96.89,181967800,0.010222876445304285
2008-02-14,97.30412519196146,96.04,215207200,-0.008799409125948898
2008-02-15,95.56335683198903,96.02,154110300,-0.00022219434752512868
2008-02-19,97.1406860153007,96.29,145190000,0.0028119354020037512
2008-02-20,95.20102771639503,96.57,220085700,0.002951824035346551
2008-02-21,97.09807481082281,95.77,201051200,-0.008313842908691638
2008-02-22,95.89728202880117,96.36,205491000,0.00615740579568258
2008-02-25,96.3022658148579,97.57,190107000,0.012608807566693914
2008-02-26,97.16198964638892,98.31,212420700,0.00750021697944292
2008-02-27,97.73754373979679,98.21,168395800,-0.0010113966835626487
2008-02-28,97.51019472309514,97.25,170831100,-0.00976700030764166
2008-02-29,96.3449269525809,95.08,252715200,-0.022284177851656595
2008-03-03,94.59706085386655,94.85,189483500,-0.0023914420669287617
2008-03-04,93.95050816477239,94.49,282513100,-0.003820052391496076
2008-03-05,94.79602265405327,95.09,270681400,0.006316320334041281
2008-03-06,94.48339930766325,93.12,247911700,-0.020697910591323088
2008-03-07,92.20267820788511,92.16,326434600,-0.010300505771129509
2008-03-10,92.2524088541486,90.95,235683600,-0.013183298588811176
2008-03-11,92.87768037154518,94.21,341440600,0.03593777801714437
2008-03-12,94.31285640785464,93.33,229161100,-0.009352044224092748
2008-03-13,92.08897431858594,93.54,351504200,0.0022077520150396435
2008-03-14,94.33420609971522,92.09,484687800,-0.015495340802556767
2008-03-17,89.92898393615104,91.16,405311100,-0.010107960132520466
2008-03-18,92.80656926043623,94.95,334416600,0.04154362597538075
2008-03-19,95.30759653903023,92.59,345971600,-0.024769503509055824
2008-03-20,92.85905364278804,94.31,245320700,0.018522528490715118
2008-03-24,95.18680138362365,96.19,208977300,0.019988177529912665
2008-03-25,96.29352854829976,96.29,192947200,0.0009648417687257993
2008-03-26,96.00791003587551,95.11,196934300,-0.012236013771299792
2008-03-27,95.82225727784162,94.81,225153200,-0.003153129954967193
2008-03-28,94.95830113020776,93.9,180896100,-0.009564632466542489
2008-03-31,93.74446005645169,94.23,166692100,0.0034980080212143605
2008-04-01,95.4009755434621,97.54,254547300,0.03515917646587319
2008-04-02,97.857251373706,97.61,210910800,0.0006590451760373206
2008-04-03,97.0789744648038,97.85,175884800,0.0024872613931867793
2008-04-04,97.90723439181438,97.74,204446800,-0.001094545905355071
2008-04-07,98.4427622842368,97.79,154245500,0.0005114986903822505
2008-04-08,97.24319909059386,97.69,148937300,-0.001022240339212499
2008-04-09,97.54307670953037,96.99,195610600,-0.007235945958483425
2008-04-10,96.69338339746695,97.12,192967800,0.0013988173692180972
2008-04-11,96.02935513889214,95.24,222973300,-0.019408797317255533
2008-04-14,95.10108945515452,94.92,160522000,-0.003374222414770478
2008-04-15,95.37956118459405,95.14,172389200,0.0023321733823893354
2008-04-16,96.06503056949641,97.71,189268900,0.027094084333552315
2008-04-17,97.12180820599188,97.86,179665700,0.0014615509961368733
2008-04-18,99.2067372713151,98.88,218530600,0.01043383672949405
2008-04-21,98.69978257796357,98.93,118587400,0.0005056259275530994
2008-04-22,98.6712356525833,98.49,162166000,-0.004402653036498672
2008-04-23,98.59981837913462,98.34,193309000,-0.0015950097442694045
2008-04-24,98.5926679990915,98.76,229381300,0.004356566908587878
2008-04-25,99.5351875343131,99.68,190788100,0.009254009208046199
2008-04-28,99.87793119150953,99.7,105610200,0.00021492545538670527
2008-04-29,99.52807083649508,99.31,125514100,-0.003938841134963567
2008-04-30,99.45666776580819,98.72,208395900,-0.005895901079958743
2008-05-01,98.80688965428334,100.76,187279500,0.020685434497605293
2008-05-02,101.6343982137564,101.04,181585500,0.002763330955598775
2008-05-05,100.71333806850043,100.56,118504500,-0.004804985296832598
2008-05-06,99.97790416639215,101.43,179339800,0.008663054304027362
2008-05-07,101.31314102033785,99.62,199267300,-0.01781050494689862
2008-05-08,99.77796682792184,99.36,178321200,-0.0025805071119603396
2008-05-09,98.9640159257478,99.18,152588200,-0.0018680392904814047
2008-05-12,99.4281151621363,100.29,147865900,0.011231058579465492
2008-05-13,100.53487480213987,100.31,159132200,0.00014248238083269804
2008-05-14,100.72763768072541,100.51,181910800,0.002064140947557691
2008-05-15,100.70617836769438,101.77,166927000,0.012502337850343492
2008-05-16,102.00572564861798,101.86,204236800,0.0009122730524930844
2008-05-19,101.97002545005712,102.14,165664400,0.002733800416241605
2008-05-20,101.58445891495752,101.31,178552100,-0.008109052689982188
2008-05-21,101.25603741592758,99.6,252724800,-0.016914126738775792
2008-05-22,99.5566232652193,99.61,170820400,0.0001430135615463346
2008-05-23,99.28529004400617,98.28,181376400,-0.013404129858577751
2008-05-27,98.39275805096035,99.01,168322900,0.007410670181975609
2008-05-28,99.3709716802516,99.46,181288100,0.004615619824024364
2008-05-29,99.34246192859885,99.96,173927200,0.00502557391052294
2008-05-30,100.29918820115472,100.21,117362000,0.0024993823668071347
2008-06-02,99.84226492580821,99.18,181069900,-0.010330878476397576
2008-06-03,99.46381442774596,98.6,271965700,-0.005831691665986516
2008-06-04,98.32135696312186,98.55,246637700,-0.0005069764195611004
2008-06-05,98.94969146121989,100.52,237867100,0.01999694049589662
2008-06-06,99.64230636489535,97.31,384276300,-0.03189368634600054
2008-06-09,97.72160210165303,97.55,228263900,0.0024215975644787946
2008-06-10,96.87187673586288,97.06,260234900,-0.004977591297552375
2008-06-11,97.08609110318622,95.64,283890100,-0.014712327647326107
2008-06-12,96.10791153197003,96.0,252791800,0.0038079714674172926
2008-06-13,96.5148650131414,97.21,244726900,0.012643708579587853
2008-06-16,96.78620380843026,97.27,185832500,0.0005876576357468632
2008-06-17,97.87150698449166,96.8,191707700,-0.004844857497893429
2008-06-18,96.17214431135015,95.86,265893000,-0.009736494756274694
2008-06-19,95.7865572113514,95.98,304204900,0.0012662070361921796
2008-06-20,95.32562405220814,94.42,289275700,-0.016231531998087467
2008-06-23,94.78741731567222,94.33,165096400,-0.0009881214533700167
2008-06-24,94.04111550403152,94.14,267300600,-0.001977954961993822
2008-06-25,94.52189807102305,94.59,287853900,0.004725866285230307
2008-06-26,93.69669566031891,92.02,297775000,-0.02716001006320634
2008-06-27,92.05341883967903,91.52,303423400,-0.005458622182936468
2008-06-30,91.77352526859522,91.84,258842600,0.0035282790456723223
2008-07-01,90.79039302879362,92.13,388622000,0.0031252583094114605
2008-07-02,92.4193331522925,90.55,288064600,-0.017136693298771655
2008-07-03,91.21379715662815,90.64,239352500,0.0010304935946354732
2008-07-07,90.98416243444464,89.71,372427300,-0.010213016828069299
2008-07-08,89.69247414145602,91.31,375973700,0.017757044713430092
2008-07-09,91.49365343082785,89.55,336729400,-0.019254833804040805
2008-07-10,89.29064343904346,89.91,436475700,0.004087034207516105
2008-07-11,88.96053205225289,88.87,481124600,-0.01165227999921592
2008-07-14,89.88624310250971,88.06,322720800,-0.009043778905696076
2008-07-15,87.4033706884348,86.82,502502500,-0.01409700446127471
2008-07-16,87.15216831312674,88.95,371642900,0.02454703659454327
2008-07-17,89.80013133604139,89.84,375490600,0.010003523370029743
2008-07-18,90.53925572728726,90.4,267030100,0.006230083307249057
2008-07-21,90.78324201122102,90.45,222863000,0.0005556450592698603
2008-07-22,89.80730600663159,91.48,296904200,0.011344670891013875
2008-07-23,91.77352277979044,91.97,311698400,0.005412590897900138
2008-07-24,92.09643181220365,90.07,248634500,-0.02075373643488021
2008-07-25,90.33831755599586,90.04,219131000,-0.0002390495687323302
2008-07-28,90.0656254611878,88.72,205201300,-0.014663800436204522
2008-07-29,88.96770894089157,90.62,261505600,0.021352380796779036
2008-07-30,91.21377096517158,92.23,354710000,0.017817376812943708
2008-07-31,91.42188572081332,91.01,277402100,-0.013226342470245123
2008-08-01,91.22095900758029,90.53,248690900,-0.005282651354818424
2008-08-04,90.44598440482515,89.69,188239600,-0.009273636362180704
2008-08-05,90.4316059715676,92.11,251577600,0.026961913465739284
2008-08-06,91.8667931729837,92.52,209555400,0.00444043370637881
2008-08-07,91.82371326445755,91.14,246312500,-0.014891947598512534
2008-08-08,90.83344951970432,92.84,260811700,0.0185813621845472
2008-08-11,92.90734771870245,93.8,249425800,0.01035844426510546
2008-08-12,93.48855761620617,92.82,213200800,-0.010405164784028309
2008-08-13,92.41934355759741,92.26,256393200,-0.006030037168365587
2008-08-14,91.7376368205634,92.96,239555300,0.007544511459909087
2008-08-15,93.23740254523892,93.41,181000800,0.004863292682646625
2008-08-18,93.59622575965996,92.13,172275100,-0.013674157322642877
2008-08-19,91.43626793548195,91.13,194673700,-0.010904218121129627
2008-08-20,91.41474115469927,91.55,225498200,0.004646069377083117
2008-08-21,90.95544409820977,91.71,180609800,0.0017240310325585817
2008-08-22,92.33323391843872,93.04,167715300,0.014475721086493198
2008-08-25,92.42650493653258,91.15,171936900,-0.020285576823015905
2008-08-26,91.14921326607443,91.41,159117200,0.0029133417677336126
2008-08-27,91.52952102681996,92.3,171032800,0.009733672700456442
2008-08-28,92.77097978864842,93.42,167537100,0.012127993305637963
2008-08-29,93.09389287137418,92.42,189195800,-0.010753621602463626
2008-09-02,93.30916726070856,91.85,252364900,-0.006211701585715046
2008-09-03,91.76632690429688,91.77,251947000,-0.0008595036708956005
2008-09-04,91.1133234770167,89.0,340042500,-0.03010626209054279
2008-09-05,88.47254923535044,89.28,289503400,0.003144212548768399
2008-09-08,91.881174861149,91.13,364075300,0.020656338554357
2008-09-09,91.20658447424655,88.42,377326800,-0.02968790945296873
2008-09-10,88.90314870125823,88.78,298916600,0.004058348761558639
2008-09-11,87.63298135248775,90.07,375369400,0.014467903509613134
2008-09-12,89.19014760859821,90.48,297851200,0.004620890848459069
2008-09-15,87.28134700757663,86.18,483607000,-0.04758494634699062
2008-09-16,84.1024089049685,87.62,581744300,0.016737680022997248
2008-09-17,85.85333491397506,83.68,624095600,-0.04496327611053308
2008-09-18,84.71235931511212,86.16,776114700,0.029671563832743608
2008-09-19,91.44585371530692,89.58,501087800,0.03971403507513638
2008-09-22,89.82188483958365,87.56,249966500,-0.02263973864580915
2008-09-23,87.22361514987797,85.56,327470400,-0.02275122371860927
2008-09-24,86.14096362802978,85.84,311818400,0.0032050850508931195
2008-09-25,86.17703430587659,87.18,328253000,0.015639232149218474
2008-09-26,85.76563027124442,87.22,285917400,0.0004966354805837625
2008-09-29,85.98942367991431,80.39,459562300,-0.07836105399600979
2008-09-30,81.92592735232658,83.72,328154400,0.04138933834970526
2008-10-01,83.19622693450968,83.77,332783000,0.0006037653449810776
2008-10-02,82.96523192158344,80.73,365337800,-0.03627473955617555
2008-10-03,81.45680823785455,79.64,461798000,-0.01349984949658145
2008-10-06,77.33560372656794,75.58,610637500,-0.050933527464356976
2008-10-07,77.11186904575146,72.2,540012100,-0.04478597257539407
2008-10-08,70.38514323158728,70.38,725414800,-0.025192508231029365
2008-10-09,71.92970821915044,65.46,534485200,-0.06983887389512533
2008-10-10,62.61913164602106,63.87,871026300,-0.02425555997651374
2008-10-13,67.75077978991132,73.15,455584000,0.145197672158917
2008-10-14,75.56733261106335,72.07,546268300,-0.014800297209551116
2008-10-15,70.34182746663157,64.97,484627500,-0.09844806422226682
2008-10-16,65.88858262177496,67.68,708811200,0.04165671482302158
2008-10-17,66.39389949753365,67.27,476649000,-0.005970627767026504
2008-10-20,68.81892823309695,71.32,321294200,0.06007851169141487
2008-10-21,69.9881938996304,69.19,356502000,-0.029854865791107965
2008-10-22,67.26719852167795,65.42,516168000,-0.054454299698350916
2008-10-23,65.1668928612435,66.18,634666400,0.011584123325139029
2008-10-24,60.67039956036399,62.82,545812600,-0.05071410561935863
2008-10-27,62.048912490392205,60.59,397288600,-0.035501499070390574
2008-10-28,63.0377403320442,67.67,639939500,0.1168559189501599
2008-10-29,67.67857686717691,67.18,531270100,-0.00725290603285933
2008-10-30,69.1292794571282,69.5,414582100,0.03459363769792767
2008-10-31,68.62404437268586,69.89,411394000,0.0055034485877552
2008-11-03,69.8510314590729,70.09,205419400,0.002891844681413014
2008-11-04,71.49662515665919,72.47,346793400,0.03398215666004445
2008-11-05,71.5976591845822,69.43,387844100,-0.04202783938128529
2008-11-06,68.1765714134841,65.58,477721900,-0.05541106359671899
2008-11-07,66.14846912198135,67.74,380391000,0.03301807055456507
2008-11-10,68.71788445007022,66.86,301773000,-0.01310488991169445
2008-11-11,65.50610989011108,64.79,418498200,-0.030875328186874662
2008-11-12,63.68010039373776,61.94,454330600,-0.04400101455884886
2008-11-13,62.16439262430539,65.8,753141900,0.06233931748951815
2008-11-14,64.53177181308574,62.52,540352300,-0.049906247123122416
2008-11-17,62.344851327435904,61.69,415254900,-0.013276553702325278
2008-11-18,61.457102658636856,62.85,523811800,0.018837058948479646
2008-11-19,62.005628750095305,58.82,558327600,-0.06407912175526587
2008-11-20,57.83389472626336,54.46,814180400,-0.07423330671641848
2008-11-21,55.90681841021,57.39,718536500,0.053942953372739355
2008-11-24,59.12583011645758,61.37,523305300,0.06929084077160086
2008-11-25,63.00887432591116,61.83,454112400,0.007409542897513832
2008-11-26,60.84361175940979,64.21,370134200,0.038640951691190306
2008-11-28,63.96878155726429,65.02,118308100,0.012588333502441929
2008-12-01,63.16044240022143,59.26,369927100,-0.08857778006189165
2008-12-02,60.24451168804011,61.54,469508400,0.0384839537171664
2008-12-03,60.19404472148574,63.02,519863500,0.024042258927667648
2008-12-04,62.11386856164457,61.57,444173800,-0.023133756410406936
2008-12-05,60.374490563968436,63.46,471905300,0.0308329798930973
2008-12-08,65.20298585107109,65.68,412859300,0.03491386880899561
2008-12-09,65.22461240500401,64.6,370790000,-0.016483977937261973
2008-12-10,65.18855436381895,65.04,396187400,0.006816138815803008
2008-12-11,64.62557205331281,63.47,365061000,-0.02408191984353858
2008-12-12,61.74580264476958,64.23,415060400,0.011940151751824502
2008-12-15,64.25025452644381,63.33,256694200,-0.01393442642423759
2008-12-16,66.31446838378906,66.31,377699500,0.047065592163894054
2008-12-17,65.56382492668037,65.67,281819800,-0.009686871905908556
2008-12-18,65.96802401836813,64.45,374673300,-0.018683115677320394
2008-12-19,64.83006826282791,64.17,301451300,-0.004301078069343878
2008-12-22,64.45169634263802,63.35,243759500,-0.012813560378002964
2008-12-23,63.687690335893556,62.69,221625200,-0.010337834558273973
2008-12-24,62.90187309314706,63.05,62061600,0.00580320049214933
2008-12-26,63.47668830920725,63.42,74767700,0.005769717663763441
2008-12-29,63.47670992129822,63.24,127795900,-0.0028679485887779244
2008-12-30,63.673156013520966,64.74,168256300,0.023702462723265816
2008-12-31,64.81548325783963,65.66,193987200,0.014274119043154565
2009-01-02,65.80504388702208,67.64,227566300,0.030142027949170647
2009-01-05,67.39851864673406,67.56,240349700,-0.0011831217291150553
2009-01-06,68.13338930882635,68.01,328260900,0.0066772143321769395
2009-01-07,66.94012721660127,65.97,280899200,-0.029955911752606812
2009-01-08,65.60132049163464,66.24,263834400,0.004080657928897891
2009-01-09,66.32891931621008,64.82,330953600,-0.021419371394222897
2009-01-12,64.6408723616262,63.27,277858500,-0.02402044665953973
2009-01-13,63.10562457888828,63.38,356432300,0.0018402480210550909
2009-01-14,62.23975675973779,61.39,435491600,-0.03145461447113529
2009-01-15,61.20654082695019,61.41,532647300,0.0003553804027498497
2009-01-16,62.472608534664815,61.89,399237200,0.00782031233791014
2009-01-20,61.286586327385756,58.62,419855200,-0.05278654861112653
2009-01-21,59.62035936578243,61.16,364360700,0.04319230453635958
2009-01-22,59.96960800674918,60.21,427940300,-0.015467036370343634
2009-01-23,58.86362479814172,60.47,386800600,0.004350143569753273
2009-01-26,60.820891483035396,60.89,317978800,0.006858383381870947
2009-01-27,61.213814873163265,61.5,273789700,0.010157948133447059
2009-01-28,62.86550596244893,63.59,330007000,0.033834373350583924
2009-01-29,62.65450585677194,61.52,294392500,-0.03249784055645555
2009-01-30,61.83230320647279,60.27,383383600,-0.020343089031522488
2009-02-02,59.35114147274832,60.09,288233300,-0.003018378709021108
2009-02-03,60.4643875874639,60.93,278385800,0.014047000379399766
2009-02-04,61.33749226144149,60.63,322989300,-0.004896556564369048
2009-02-05,60.173359730816244,61.53,417679400,0.014881366764398107
2009-02-06,61.744986136571576,63.29,366101700,0.028496909043444818
2009-02-09,63.27297100234564,63.37,240075200,0.0013796496344522513
2009-02-10,62.77088526518711,60.47,536212800,-0.04580989257242962
2009-02-11,60.719054864357034,60.83,324442500,0.0058962503685591194
2009-02-12,59.78769503341202,60.87,469302200,0.0007174326796981489
2009-02-13,60.791784604091404,60.22,293998400,-0.010758099156198409
2009-02-17,58.3252171948373,57.64,478910100,-0.042773825984044334
2009-02-18,58.05600258001182,57.5,362964800,-0.0023983622838735785
2009-02-19,58.09235838318766,56.88,316867500,-0.010755754036185672
2009-02-20,55.829492258054195,56.33,477176600,-0.00972127164155323
2009-02-23,56.950022376244696,54.32,379641400,-0.035778553156621484
2009-02-24,54.781749981958086,56.38,426260900,0.03791030796914918
2009-02-25,56.12780668120274,55.93,461985800,-0.007873369455811408
2009-02-26,56.62258979486554,55.02,363353900,-0.01626107475009153
2009-02-27,53.85040066568747,53.79,470510900,-0.022348576448898316
2009-03-02,52.7662764217796,51.37,426452600,-0.04504230106444085
2009-03-03,52.10414337356975,50.98,443761000,-0.007507271011859773
2009-03-04,51.82766607645107,52.19,462753100,0.02369089351024556
2009-03-05,51.00547164383544,50.06,485549400,-0.04084746603871259
2009-03-06,50.49613635466105,50.15,490470000,0.001743908835441621
2009-03-09,49.44110154543586,49.56,379905300,-0.011752660793214242
2009-03-10,50.57617224093319,52.51,406227900,0.059609318826187696
2009-03-11,53.11552813916923,52.85,356648300,0.006512391319698052
2009-03-12,52.83904025010265,54.93,409702700,0.0393722928584983
2009-03-13,55.30562218691722,55.36,337474700,0.007814238189029377
2009-03-16,55.99684559602335,55.2,360644900,-0.0030227456962736987
2009-03-17,55.34927213396534,56.88,356814300,0.030582625087036908
2009-03-18,56.615335949117124,58.16,473273200,0.022384682661636512
2009-03-19,58.885457102343736,57.44,428520400,-0.012386216553519236
2009-03-20,57.716737344245466,56.21,371078200,-0.021293692592764812
2009-03-23,57.70208371171226,60.25,419933300,0.07182910371631701
2009-03-24,59.534112163438806,59.07,330271000,-0.01970353870776398
2009-03-25,59.526814962094065,59.69,441775100,0.010546344497946336
2009-03-26,60.274271407056425,60.9,422025200,0.02038038433144962
2009-03-27,60.12770898867257,59.81,322332300,-0.018048387084651507
2009-03-30,58.47883663649695,57.74,324108500,-0.03455511535189848
2009-03-31,58.30297213020334,58.27,364238300,0.009265352836784757
2009-04-01,57.54815988623581,59.4,377018300,0.019366015780216017
2009-04-02,60.88250718504223,61.14,476230700,0.029238064113709328
2009-04-03,61.18296902197632,61.75,284646300,0.0099486373806561
2009-04-06,61.073034678746076,61.26,264866600,-0.007833112544650134
2009-04-07,60.27426522344501,59.83,258947800,-0.023325334309845625
2009-04-08,60.13502497617498,60.48,230402800,0.010777624236744332
2009-04-09,62.04770174757263,62.88,269653500,0.03974347693768099
2009-04-13,62.23087267405184,62.9,224847500,0.00023258309613471972
2009-04-14,62.31147995150598,61.81,276598800,-0.017243475890277082
2009-04-15,61.43943025141304,62.47,250726100,0.010669929245646914
2009-04-16,62.97102324297683,63.39,335202900,0.014662775400267947
2009-04-17,63.630569662495304,63.81,262649000,0.006705372066817317
2009-04-20,62.68523839152639,61.14,293690100,-0.04191543027610889
2009-04-21,60.69198908498389,62.33,114090900,0.019537574201889063
2009-04-22,61.769199612022504,61.95,340395200,-0.0061138214088765075
2009-04-23,62.076998855521204,62.56,324903700,0.00981813867114889
2009-04-24,63.04432924754054,63.51,287703000,0.015110882979666673
2009-04-27,62.787796675933976,62.91,289581600,-0.009463098217839971
2009-04-28,62.26752103773262,62.71,247926300,-0.0031449626383702745
2009-04-29,63.4034010164826,64.04,311505700,0.02126938891987673
2009-04-30,64.89100716520493,64.06,301419800,0.0003429840638096149
2009-05-01,64.07760566788399,64.41,236110300,0.0053767749949236165
2009-05-04,64.89100411745423,66.6,287120000,0.03401929613149868
2009-05-05,66.37132263183594,66.37,243036300,-0.003410624165300913
2009-05-06,67.18472460906787,67.52,291941000,0.01733425508039499
2009-05-07,68.1593835081033,66.58,317728000,-0.013891745063964511
2009-05-08,67.44125529694452,68.14,299081700,0.02333317100698662
2009-05-11,67.19940025591403,66.86,247923600,-0.018714106401251374
2009-05-12,67.14807781284614,66.66,282431300,-0.0029595690259540675
2009-05-13,65.76307514358574,64.99,269619100,-0.025172814468199745
2009-05-14,65.01559085214085,65.54,260098700,0.008569969791789811
2009-05-15,65.4919173520068,65.01,271502700,-0.00816202668853172
2009-05-18,65.62383866594979,66.85,241447400,0.028407435860783314
2009-05-19,66.81832030168043,66.77,206102200,-0.0012058910293096803
2009-05-20,67.38256972677846,66.33,285722200,-0.006694737169239295
2009-05-21,65.5578534243754,65.37,258988400,-0.014363120501460047
2009-05-22,65.55790009535843,65.24,166811900,-0.002129123075310768
2009-05-26,64.75177182215678,66.91,236318500,0.02561182671227158
2009-05-27,67.00885192778252,65.71,246015800,-0.017853280053439557
2009-05-28,66.29068925393766,66.63,289095000,0.013940019774823398
2009-05-29,66.99420421333943,67.81,258641500,0.01770804360499101
2009-06-01,68.6430515117548,69.45,276246800,0.02420844940221767
2009-06-02,69.17799335913293,69.51,230874500,0.0008439125420103277
2009-06-03,68.91417828207591,68.63,235310500,-0.012651526734859586
2009-06-04,68.88486950531046,69.27,210102300,0.009396727765148327
2009-06-05,69.97677065527425,69.29,284257900,0.00021167902103402803
2009-06-08,68.76762153140305,69.0,238565100,-0.004124775221222232
2009-06-09,69.39050969847585,69.35,225125500,0.0050974945730695165
2009-06-10,69.96945368592482,69.18,296100400,-0.0025356559428404424
2009-06-11,69.30990411411898,69.49,275414200,0.004448953933364974
2009-06-12,69.17799142272972,69.68,184361800,0.0027419836532844855
2009-06-15,68.85557399617785,68.08,224190500,-0.02292772068629212
2009-06-16,68.32062481514654,67.16,227319000,-0.013562924517296016
2009-06-17,67.12610744404758,67.09,223445200,-0.0009823682675622614
2009-06-18,67.19205946292642,67.58,211725100,0.0073183177080566875
2009-06-19,68.22749397179932,67.83,215655600,0.0036857473635132365
2009-06-22,67.1662885265079,65.8,251913600,-0.02998677360114721
2009-06-23,65.93559727534085,65.85,188309800,0.0007844429596910452
2009-06-24,66.44404499437756,66.41,211577700,0.008617010935010105
2009-06-25,66.08293954018464,67.86,279411000,0.02174888484783044
2009-06-26,67.63053451701933,67.68,167579000,-0.0026066916591263034
2009-06-29,67.88114632070386,68.32,168481300,0.009364765724170665
2009-06-30,68.33067431919282,67.76,228888200,-0.00809085414528965
2009-07-01,68.05063182088203,68.04,173041100,0.004132805515961735
2009-07-02,67.15893324759456,66.19,212309900,-0.02729317389217345
2009-07-06,65.54495797947109,66.18,174499600,-0.00011192888746258678
2009-07-07,66.1124655379756,64.9,197088900,-0.019375664327924924
2009-07-08,65.28702825727734,64.85,248050500,-0.0006819802043518397
2009-07-09,65.30181748485624,64.98,163777600,0.0019325175278881446
2009-07-10,64.63115867578588,64.82,173520300,-0.0023821326897692785
2009-07-13,65.0806797936332,66.4,217413500,0.024328866762000523
2009-07-14,66.6062007721128,66.78,181487400,0.005660703199838135
2009-07-15,67.66006879518223,68.73,220877900,0.02924652310645337
2009-07-16,68.5370144035036,68.62,231174500,-0.0016089422287168809
2009-07-17,69.31819471334492,69.37,138561700,0.010954858449201632
2009-07-20,69.77512952401497,70.11,164179400,0.010623885612172534
2009-07-21,70.65209681940085,70.43,217718300,0.004625078612733313
2009-07-22,69.98144452979614,70.42,196068100,-0.0002094993323427108
2009-07-23,70.46050266956156,71.97,258795500,0.0220831912632391
2009-07-24,71.63224564484867,72.27,154003100,0.004095546280256102
2009-07-27,72.13336555965546,72.48,159259400,0.0029572258516712413
2009-07-28,71.97123482305021,72.14,186685200,-0.004677231648123614
2009-07-29,71.80910685991843,71.96,194399300,-0.0024516610738787303
2009-07-30,72.83349968164386,72.72,225575400,0.01044575066833131
2009-07-31,72.70080776255152,72.82,207358000,0.0014183225916923892
2009-08-03,73.58517372185645,74.02,175776900,0.016496629732636547
2009-08-04,73.68834707387754,74.21,176714600,0.0025885525864035586
2009-08-05,74.2632014317308,74.0,184726400,-0.002879389776624164
2009-08-06,74.33685196097112,73.61,193203800,-0.0051794747384100726
2009-08-07,74.38845044169956,74.58,220640900,0.013114561090753485
2009-08-10,74.24105370114168,74.43,130898700,-0.0020751160290104487
2009-08-11,74.09369114957452,73.5,157301000,-0.012476073984897251
2009-08-12,73.37146253435354,74.29,219052400,0.01072885523825673
2009-08-13,74.6242749035858,74.85,176449500,0.007638607736772274
2009-08-14,74.81589155539176,74.28,199616100,-0.007679263593051822
2009-08-17,72.84822922997559,72.45,237667500,-0.024605487709992713
2009-08-18,72.61239122095158,73.03,173461500,0.007933908735302753
2009-08-19,72.45027144851714,73.67,192812800,0.008780088144608733
2009-08-20,73.76203048085277,74.43,174131300,0.010303779688911607
2009-08-21,75.03698898206528,75.88,224605000,0.019606211004900898
2009-08-24,76.19402048864654,75.88,191279000,-9.702069064254637e-05
2009-08-25,76.17928888356951,76.02,215310600,0.0019426130780291206
2009-08-26,75.78868598150281,76.03,194620700,9.674162369566197e-05
2009-08-27,75.98767481559123,76.2,196230100,0.002229457965164494
2009-08-28,76.81307141824362,76.19,147024400,-0.00019343465558063766
2009-08-31,75.44230540059321,75.51,176051600,-0.008899515388490875
2009-09-01,75.13283080566393,73.84,321276800,-0.022056736606915983
2009-09-02,73.53359323999173,73.56,171805000,-0.0037929406319191505
2009-09-03,73.99048913059133,74.17,143572300,0.008314717841904962
2009-09-04,74.32215698576452,75.21,142687900,0.014009440221019354
2009-09-08,75.90662715252088,75.86,132909100,0.008622567095602385
2009-09-09,75.99505844728382,76.44,154612500,0.007674307417615545
2009-09-10,76.49619032571162,77.23,162902400,0.010218820894379865
2009-09-11,77.37313765402469,77.21,152360100,-0.0001912639593792953
2009-09-14,76.55509676814107,77.59,149593800,0.004867591068596466
2009-09-15,77.71215878706367,77.91,196795900,0.004179867135547521
2009-09-16,78.19118203378144,79.09,206406300,0.015134299761387915
2009-09-17,78.97970133916228,78.97,229170900,-0.001491146498535656
2009-09-18,79.34109105949197,79.02,153799100,0.0006376157345013844
2009-09-21,78.40811673025412,78.82,151892000,-0.0025298180226387412
2009-09-22,79.28928949919349,79.28,143126700,0.0058245403674350715
2009-09-23,79.46698881817933,78.62,225947400,-0.008312455162253096
2009-09-24,78.79316369160418,77.76,228636800,-0.011019038344999732
2009-09-25,77.58619067463034,77.34,204059000,-0.005332966498919123
2009-09-28,77.63803594790278,78.73,118285800,0.017903497255544742
2009-09-29,78.86720303352483,78.49,133733900,-0.0030099304737943866
2009-09-30,78.7561834684029,78.19,254383000,-0.0038673051455979657
2009-10-01,76.2681542837379,76.25,281840600,-0.02481362701280776
2009-10-02,75.54250512787544,75.89,224748800,-0.004661432973626978
2009-10-05,76.1941098538002,77.02,149875000,0.014928135502094486
2009-10-06,77.5787818244295,78.13,202491100,0.014324238790801802
2009-10-07,77.94904663000281,78.34,159200300,0.00274896249858525
2009-10-08,78.89684266275727,78.94,183305800,0.007655834997098321
2009-10-09,78.9635000103631,79.42,135008300,0.006097232141907938
2009-10-12,79.79278215389058,79.73,118031000,0.003915148378331068
2009-10-13,79.51880043810796,79.57,157692700,-0.002043186022934962
2009-10-14,80.50364042738026,80.94,191421600,0.017215907750739667
2009-10-15,80.54805172286765,81.24,173873600,0.003659145247423501
2009-10-16,80.56291534460648,80.63,192069400,-0.0074736179258639845
2009-10-19,80.76279902102496,81.3,159530400,0.008264734166222087
2009-10-20,81.41439176577424,80.87,180921100,-0.005283033246021085
2009-10-21,80.74057734677511,80.14,225379300,-0.008973399914919078
2009-10-22,80.11120477200429,80.96,238444000,0.010163824712270175
2009-10-23,81.22188492204324,80.03,240033200,-0.011433536098180541
2009-10-26,80.1185815916758,79.16,242028200,-0.010825330132338884
2009-10-27,79.25222266246475,78.8,253266300,-0.004583512711853421
2009-10-28,78.60062187947779,77.31,248821400,-0.0188872700740782
2009-10-29,77.88979647441722,78.97,198110600,0.021454159909353843
2009-10-30,78.71170065021703,76.68,325608100,-0.02897350377567265
2009-11-02,77.104884308232,77.25,254222900,0.007338794166135143
2009-11-03,76.8161312782798,77.49,228362600,0.003163738062400112
2009-11-04,78.12677465618428,77.69,247996700,0.0025801524973898537
2009-11-05,78.23781251061516,79.12,180015300,0.018394535189635297
2009-11-06,78.68211343501791,79.33,170954100,0.002620758299606285
2009-11-09,79.93346670419204,81.13,159495700,0.02277566086098526
2009-11-10,80.94049716118117,81.15,171899800,0.00018242910560473113
2009-11-11,81.68097950827064,81.56,169466200,0.005110185885796925
2009-11-12,81.45140083326451,80.73,157144500,-0.010168409309857518
2009-11-13,80.9404951941557,81.17,150963000,0.0054116220643734
2009-11-16,81.7328301359597,82.35,210922200,0.014505053049500338
2009-11-17,82.13263909451047,82.44,147134100,0.001168394768637837
2009-11-18,82.38442220686024,82.39,156486800,-0.000628444134823658
2009-11-19,81.82907784428428,81.32,208734600,-0.013031262046541925
2009-11-20,80.89605830187652,81.03,134196000,-0.0035516144670190153
2009-11-23,81.984540520324,82.06,148010200,0.012702108095170583
2009-11-24,82.19188501590047,82.18,138420100,0.0015341799696027003
2009-11-25,82.31775387731687,82.47,109564800,0.003513711924266527
2009-11-27,80.26668047853337,81.13,126001800,-0.01625042299055668
2009-11-30,81.06636052067174,81.41,160874800,0.0033765370592504507
2009-12-01,82.13266593388576,82.41,159613700,0.012370837404259927
2009-12-02,82.39920438820015,82.38,132315100,-0.00044963171302370153
2009-12-03,82.59915464213012,81.73,167324900,-0.007819998245860549
2009-12-04,82.81392486632865,82.2,274907800,0.005708081168074086
2009-12-07,82.12526344782317,82.07,127973800,-0.001531831351531121
2009-12-08,81.48105234411375,81.16,169863700,-0.011097066166130376
2009-12-09,81.14043043959971,81.47,155063400,0.0037404056400403007
2009-12-10,81.969757361936,81.93,138014600,0.005635449227950451
2009-12-11,82.2733383178711,82.27,124854000,0.004247858353564116
2009-12-14,82.83610534667969,82.84,107141500,0.006840211425896969
2009-12-15,82.53251695036839,82.45,120408800,-0.004648218087893952
2009-12-16,82.78427811270015,82.58,155358200,0.0015266919872312101
2009-12-17,81.98460062831087,81.58,183390100,-0.012015401636712664
2009-12-18,82.03884140512702,82.05,174591200,0.005657187616075365
2009-12-21,82.45573495172852,82.88,118039600,0.010162385596911072
2009-12-22,83.05871059295525,83.18,91707500,0.0035925689689566553
2009-12-23,83.37887690130037,83.34,111783100,0.0019695872901495104
2009-12-24,83.5203212773747,83.74,39677500,0.004734268622050175
2009-12-28,84.0488731876448,83.91,87508500,0.0021335754732392243
2009-12-29,84.13071527966572,83.8,80572500,-0.00142005238710452
2009-12-30,83.55008164354373,83.77,73138400,-0.00035490337987653664
2009-12-31,83.95208711357598,82.96,90637900,-0.00959818015108882
2010-01-04,83.6543127528519,84.37,118944600,0.016959826433551317
2010-01-05,84.31687129727766,84.59,111579900,0.002647034673694648
2010-01-06,84.5104454881512,84.65,116074400,0.000704294963673302
2010-01-07,84.49553357387852,85.01,131091100,0.004220993154607999
2010-01-08,84.78586244133251,85.29,126402800,0.003327671140866739
2010-01-11,85.67178217335754,85.41,106375700,0.001396764854659116
2010-01-12,84.8454105406426,84.61,163333500,-0.009326557701549443
2010-01-13,84.83054188390845,85.33,161822000,0.00844651542579844
2010-01-14,85.23254276992698,85.56,115718800,0.002704508808161643
2010-01-15,85.41123527604739,84.6,212283100,-0.011224006276141285
2010-01-19,84.5848355745734,85.66,139172700,0.012494924996361068
2010-01-20,85.07621770096304,84.79,216490200,-0.010168061283948093
2010-01-21,84.80819874584756,83.16,344859600,-0.019229275838192117
2010-01-22,82.78328068433542,81.3,345942400,-0.022291861383774925
2010-01-25,82.04628874557257,81.72,186937500,0.005127908207581022
2010-01-26,81.39860682265049,81.38,211168800,-0.004190630655089733
2010-01-27,81.27203960510734,81.76,271863600,0.004757011221761198
2010-01-28,82.03141154650055,80.83,316104000,-0.011471984876209373
2010-01-29,81.17528040306502,79.95,310677600,-0.01086866027068667
2010-02-01,80.51268968119315,81.19,187865000,0.015550438771447572
2010-02-02,81.33904384761975,82.17,216327900,0.012103549847139794
2010-02-03,81.80060124915495,81.76,172730700,-0.0049827506599705584
2010-02-04,81.13059888777863,79.24,356715700,-0.03086585753889426
2010-02-05,79.32901532823642,79.4,493585800,0.0020668963068346535
2010-02-08,79.46300776308641,78.83,224166900,-0.007219359829493399
2010-02-09,79.75338495529668,79.82,337820500,0.012560737135050903
2010-02-10,79.69381082692502,79.66,240511500,-0.0019588580547642565
2010-02-11,79.55982501847515,80.5,223591600,0.01046647086247443
2010-02-12,79.6491376220434,80.43,304622100,-0.0008325267756306154
2010-02-16,81.04125556975427,81.7,159317500,0.015734719453990076
2010-02-17,82.09093654402147,82.08,168845100,0.00473855929904321
2010-02-18,81.94949229935222,82.57,193708600,0.005895147882003737
2010-02-19,82.35149576950273,82.74,222684900,0.0020736863688433083
2010-02-22,83.0438844084597,82.75,132346900,0.00018054877421858073
2010-02-23,82.53016832746376,81.75,207497000,-0.012145198808888202
2010-02-24,81.99416017005584,82.5,176350700,0.009197720042803725
2010-02-25,81.32413320929713,82.39,259634700,-0.0013537718762608453
2010-02-26,82.46317438802627,82.44,173589300,0.0006328450468624514
2010-03-01,82.78329900239038,83.3,147709700,0.010384810367430664
2010-03-02,83.65430962205319,83.53,160992400,0.002770495903928749
2010-03-03,83.74363051090495,83.6,150785000,0.0008912008778836356
2010-03-04,83.71383758803611,83.86,135770400,0.0030274032283175156
2010-03-05,84.39875366674335,85.05,176118800,0.014293499819853839
2010-03-08,85.06130039546713,85.07,114631200,0.0001748267273378179
2010-03-09,84.81563776855658,85.21,154556700,0.0016628505676614669
2010-03-10,85.24744131897207,85.59,186088800,0.004455946459520632
2010-03-11,85.38888687765973,85.95,160791100,0.004175001903117037
2010-03-12,86.3194700265512,85.95,162074800,8.681545723465689e-05
2010-03-15,85.80576089478122,85.98,146816800,0.00025935863503145917
2010-03-16,86.21523397343445,86.66,168673000,0.007966421676830926
2010-03-17,86.92245597765408,87.18,177468100,0.005927132349380804
2010-03-18,87.18302434310536,87.13,196509100,-0.0005122403834810774
2010-03-19,86.68988037109375,86.69,226641100,-0.005061721444118095
2010-03-22,86.19648090426045,87.15,184477800,0.005345776007919412
2010-03-23,87.28040740969183,87.77,182941600,0.007033483499335302
2010-03-24,87.4373911841203,87.34,196072600,-0.004854784163431214
2010-03-25,87.93073193647899,87.2,223396300,-0.0016263307295270035
2010-03-26,87.36264783718723,87.15,205808500,-0.000599777517976241
2010-03-29,87.58686079952716,87.7,134513500,0.006347099374972798
2010-03-30,87.80365367338403,87.76,145772500,0.0006820426690765657
2010-03-31,87.4224224557521,87.46,161078700,-0.003407106596160503
2010-04-01,88.05781555175781,88.06,161215200,0.006837596548567859
2010-04-05,88.39419218133547,88.78,105847600,0.008149341608332916
2010-04-06,88.52127696757091,88.98,110384200,0.002357774463725537
2010-04-07,88.8053432957162,88.48,184576300,-0.005712309815450123
2010-04-08,88.16997000574634,88.78,158704000,0.0034642365904407058
2010-04-09,88.96979942121038,89.37,133006500,0.0065671807500877755
2010-04-12,89.4781170175319,89.51,110279000,0.00158929374691974
2010-04-13,89.41830841287988,89.58,125043600,0.0007515345855499955
2010-04-14,89.9042191658612,90.59,161609000,0.011349726066646859
2010-04-15,90.4424059346948,90.67,144615300,0.0008248226997540353
2010-04-16,90.34522508937602,89.22,366786700,-0.015912336908013303
2010-04-19,88.9623284934805,89.56,217947800,0.003770235236102648
2010-04-20,90.12098523740771,90.36,157708000,0.008930855510329572
2010-04-21,90.41251546439554,90.2,192910100,-0.0018199562957189608
2010-04-22,89.56034547574119,90.46,115360300,0.002983555594352927
2010-04-23,90.40504322202861,91.06,177335500,0.00652781788397605
2010-04-26,91.08528485667928,90.71,143457300,-0.0037763480293068197
2010-04-27,90.18825565008409,88.57,355853300,-0.023650641338612832
2010-04-28,88.99221445741262,89.24,300674100,0.007596045015476172
2010-04-29,89.77712112323123,90.35,193775000,0.012397578124465625
2010-04-30,90.36020938918199,88.81,270000900,-0.016961540504509043
2010-05-03,89.23893212012858,89.96,182747900,0.01296191000042346
2010-05-04,88.9623346296934,87.85,360353400,-0.023514969981169087
2010-05-05,87.13088439233184,87.33,328973200,-0.005956672649277683
2010-05-06,86.90663057457583,84.42,647356600,-0.03321348249424638
2010-05-07,84.20062736487232,83.17,637558800,-0.01487492562627557
2010-05-10,86.57024984846275,86.83,396159600,0.044040830981437296
2010-05-11,86.01709610919931,86.59,317849800,-0.0028408179819595647
2010-05-12,86.9290684496396,87.8,235607100,0.013985940660136364
2010-05-13,87.55698312438071,86.7,234452500,-0.012430804557188257
2010-05-14,86.05448455053372,85.14,345601400,-0.018104859725042055
2010-05-17,85.36674289107494,85.18,325739800,0.0005265790223858424
2010-05-18,85.87504745546917,84.02,360556800,-0.013602521161572234
2010-05-19,83.55027962393723,83.54,394742700,-0.005693724236292774
2010-05-20,81.76370099841373,80.39,530418300,-0.03775957585133971
2010-05-21,79.16982105218541,81.56,500909400,0.014599325725033419
2010-05-24,81.12082413138712,80.52,269823000,-0.012831324022057333
2010-05-25,78.57181697461797,80.6,396505200,0.0010216703656655834
2010-05-26,81.090956859297,80.11,349719300,-0.00602863209772575
2010-05-27,81.62168984228346,82.8,300870500,0.033498149261156795
2010-05-28,82.70556530725298,81.76,297933500,-0.012549961321010716
2010-06-01,80.99376431079743,80.38,277909400,-0.016823425191100583
2010-06-02,80.79196454960933,82.47,240243700,0.026039629935328268
2010-06-03,82.71304707115111,82.76,226618300,0.0034436578591874323
2010-06-04,81.18812830410424,79.85,398475600,-0.0351365780226367
2010-06-07,80.1341159537562,78.86,264609100,-0.012450951203637484
2010-06-08,78.91563325096268,79.7,357774300,0.010711609508508912
2010-06-09,80.16399661437289,79.27,268023300,-0.005345996958983856
2010-06-10,80.6274955355876,81.59,317890600,0.029231922781428388
2010-06-11,80.8741505350311,81.99,214128200,0.004855344853381238
2010-06-14,82.61588412608788,81.86,207196100,-0.0015497390968540747
2010-06-15,82.4364863480462,83.72,238268700,0.0227376962443675
2010-06-16,83.2886527811034,83.69,216374000,-0.0003572196971305397
2010-06-17,83.93151082203173,83.83,263185800,0.0016076072687003506
2010-06-18,83.99288451742812,83.92,174006600,0.0010846105440855958
2010-06-21,84.96176922810571,83.68,213140700,-0.0028640989025545682
2010-06-22,83.67740095290493,82.3,239355400,-0.01651594016211866
2010-06-23,82.34799257782765,82.04,254639900,-0.0031030095140973657
2010-06-24,81.63446527885291,80.68,268523600,-0.016570673125298918
2010-06-25,80.92096450020888,81.02,238726500,0.0041895166197680744
2010-06-28,81.13877516521595,80.76,169218600,-0.0031520054436882106
2010-06-29,79.62912275003636,78.27,373649500,-0.030874948598589524
2010-06-30,78.05182825730066,77.53,284101700,-0.00950047290354783
2010-07-01,77.47351467074175,77.18,382924800,-0.004456331143301906
2010-07-02,77.44348437823942,76.76,233385200,-0.0054494689960622456
2010-07-06,77.8415556621269,77.26,256935300,0.006555852265267115
2010-07-07,77.45846906641808,79.7,253769400,0.0314955614895005
2010-07-08,80.36516134930068,80.49,210842100,0.00989574672724114
2010-07-09,80.46277948109639,81.09,144999900,0.0074651822942291
2010-07-12,80.81577002663144,81.14,131283600,0.0006481857057221152
2010-07-13,81.97997896403636,82.36,213025900,0.01508892887420199
2010-07-14,82.10013040219678,82.36,184426800,-9.142709356235734e-05
2010-07-15,82.3254385215169,82.38,232337900,0.00027337996201759474
2010-07-16,81.93488877488394,80.11,282693400,-0.02753446160579942
2010-07-19,80.40272058654328,80.58,186709000,0.005906868559674816
2010-07-20,79.5164288936039,81.48,258162400,0.011091184654065556
2010-07-21,81.89734556854359,80.42,264527000,-0.012997738900766942
2010-07-22,81.37159167654772,82.21,274781300,0.022321875825386917
2010-07-23,82.04758210603505,82.93,222020800,0.00867926601431579
2010-07-26,83.06902189751096,83.79,184445700,0.010415369054297852
2010-07-27,84.2482182154636,83.78,204855600,-8.950578782851437e-05
2010-07-28,83.609816567573,83.24,163056200,-0.006454372958563992
2010-07-29,83.75999429660278,82.84,220149100,-0.004872753895545201
2010-07-30,81.99499945534384,82.82,220070600,-0.00018098083878037574
2010-08-02,84.11300581402514,84.69,188263200,0.022580640406767438
2010-08-03,84.48107859362364,84.29,146657300,-0.0047884527257515686
2010-08-04,84.51859997094306,84.85,158171700,0.006682955106255717
2010-08-05,84.30830469915948,84.76,140473800,-0.0010621923369292796
2010-08-06,83.92527423693679,84.41,239728300,-0.004075961843553189
2010-08-09,84.8115529894924,84.86,120800400,0.0053386390736356315
2010-08-10,84.14306168363933,84.41,242916300,-0.0053991118292026075
2010-08-11,83.10658789603413,82.09,273406900,-0.02740685268485632
2010-08-12,80.85334981683485,81.59,239542600,-0.006130085317479161
2010-08-13,81.33404105615217,81.35,158698500,-0.0029457402904745633
2010-08-16,80.79326378511547,81.31,147895300,-0.0004616141828285292
2010-08-17,82.01002936327347,82.31,172270300,0.012285433709569693
2010-08-18,82.27290900182248,82.46,182922100,0.0018250752924662272
2010-08-19,82.03256071667785,81.03,265847600,-0.01739693046612567
2010-08-20,80.78576837261275,80.76,209714200,-0.0032443665429878754
2010-08-23,81.14628053811695,80.46,163490300,-0.003812938447064762
2010-08-24,79.57655151837169,79.26,280677800,-0.014842914034090215
2010-08-25,78.82545348751259,79.57,272234800,0.003884911517674894
2010-08-26,79.94452199205207,79.04,224439500,-0.006702386005694949
2010-08-27,79.53144975481845,80.26,272649000,0.015490131156624454
2010-08-30,80.04971825089468,79.1,167238600,-0.014504691041820172
2010-08-31,78.80292876727329,79.1,273933100,0.0
2010-09-01,80.16237222843823,81.46,256828100,0.029911593729138097
2010-09-02,81.65699171138795,82.22,156112200,0.00931195300108123
2010-09-03,83.0239668128162,83.29,212197300,0.012971779415723361
2010-09-07,82.8962647158643,82.35,141973700,-0.011272676873960386
2010-09-08,82.51325152429698,82.93,149924400,0.007023477247539489
2010-09-09,83.8576754627936,83.31,147017900,0.004619055355982615
2010-09-10,83.45958496333095,83.73,127819000,0.005048478285874625
2010-09-13,84.55617332118246,84.66,178503500,0.011123265378273794
2010-09-14,84.49607917530209,84.61,209823600,-0.0006210839248214084
2010-09-15,84.36091243203549,84.93,168608400,0.003817459174557669
2010-09-16,84.66882028035627,84.91,199962900,-0.0002657163399918394
2010-09-17,85.35617790677493,84.94,195836900,0.00037343158285940703
2010-09-20,85.23538137612218,86.24,214555200,0.015290518504280426
2010-09-21,86.30757161669705,86.07,268389100,-0.002014401600197502
2010-09-22,85.93006042419003,85.64,191322400,-0.004912756901417348
2010-09-23,84.94088033748635,84.95,202354300,-0.008111415034544378
2010-09-24,85.89230261067888,86.7,209671800,0.020622198256370572
2010-09-27,86.73047591564904,86.28,128761800,-0.0047899608376504865
2010-09-28,86.39821606556917,86.59,209207500,0.003500318271038916
2010-09-29,86.36803525017783,86.44,179665800,-0.0017438341088700238
2010-09-30,86.87394651760889,86.18,287106700,-0.0029703409881194354
2010-10-01,86.8286218620414,86.54,174638700,0.0042055874954749495
2010-10-04,86.36043510428415,85.89,166153200,-0.007504060585415417
2010-10-05,86.68515635351173,87.62,229634100,0.02013222157399608
2010-10-06,87.60636953451647,87.61,148626600,-8.620147705795667e-05
2010-10-07,87.96882662557981,87.51,164860000,-0.0012064893189774883
2010-10-08,87.62902744333972,88.0,177760100,0.005608691357370299
2010-10-11,88.13493359242528,88.08,103098300,0.0009438012562283937
2010-10-12,87.79513635752842,88.35,182210000,0.003086159367780006
2010-10-13,88.84470982483155,89.04,194347200,0.007776888560680595
2010-10-14,88.95800848106053,88.69,217764300,-0.003900508500455757
2010-10-15,89.31292739551682,88.87,243705000,0.0020434804749380753
2010-10-18,88.90514354539471,89.31,141204800,0.004927453124812242
2010-10-19,88.48983054519782,88.14,280604700,-0.013104604140292242
2010-10-20,88.30104023727499,89.0,200051800,0.009765938094758342
2010-10-21,89.40351785557547,89.2,221585500,0.002206185273616823
2010-10-22,89.33554859427737,89.37,108212400,0.0018622811725537147
2010-10-25,89.96229532748075,89.63,151145700,0.002957480645157995
2010-10-26,89.17698684745415,89.65,158982900,0.00016845434836088025
2010-10-27,89.01840123184809,89.39,190024000,-0.0028640926627125918
2010-10-28,89.901833851951,89.4,168576000,0.00016865369626417603
2010-10-29,89.31288872709558,89.47,144305500,0.0007604350531631443
2010-11-01,89.90941635549191,89.5,174074800,0.00033759115451492683
2010-11-02,90.17367625882493,90.21,158345900,0.007930245955174664
2010-11-03,90.37002462541903,90.57,226702800,0.004017948624485346
2010-11-04,91.57817098274681,92.32,215039400,0.0192579800267898
2010-11-05,92.37858672682732,92.67,180654100,0.0037626255885481186
2010-11-08,92.37857083754476,92.49,156107100,-0.001874384152092734
2010-11-09,92.74102118745185,91.83,186621600,-0.007184224484021784
2010-11-10,91.80471680714194,92.2,221387400,0.004029413438606522
2010-11-11,91.4044864176829,91.85,158017600,-0.0037677211613262873
2010-11-12,91.23085005481437,90.76,239068800,-0.011837814588998574
2010-11-15,91.04961358843512,90.63,163940800,-0.0014144559295728998
2010-11-16,90.07554011906103,89.22,299566200,-0.015579370383901114
2010-11-17,89.2600255411043,89.27,172308900,0.0005076726811812371
2010-11-18,90.12840947070899,90.58,197723700,0.014718541461546941
2010-11-19,90.53614764899199,90.83,156852900,0.002750765748700257
2010-11-22,90.37757838373642,90.76,181361000,-0.0008313067239585914
2010-11-23,89.68289981576359,89.44,222309000,-0.014476956579050015
2010-11-24,90.00759042863392,90.76,140046100,0.01477415043580943
2010-11-26,89.977371299802,89.71,76007800,-0.01164742716880085
2010-11-29,89.47904231125317,89.98,223642300,0.0030307324004896774
2010-11-30,89.08636304183442,89.47,233930700,-0.005623088409829169
2010-12-01,90.76268070793887,91.37,221037200,0.021267731103486565
2010-12-02,91.51777562944477,92.54,191213600,0.012808795541043638
2010-12-03,92.22758418790669,92.79,151288900,0.0026927408198831326
2010-12-06,92.59754293162928,92.7,103050500,-0.00105823690381468
2010-12-07,93.5867699927685,92.75,206581000,0.0005707084191919343
2010-12-08,92.86185321008182,93.09,138019200,0.003663315824810276
2010-12-09,93.60941355331677,93.45,123705100,0.0038937718009912636
2010-12-10,93.73774795335069,93.99,117571700,0.005817391417225037
2010-12-13,94.42488756332438,94.05,133812700,0.0006426112891633196
2010-12-14,94.1983867658184,94.14,147249600,0.0008834388035914298
2010-12-15,93.96430901239444,93.71,160823100,-0.004572061925042781
2010-12-16,93.7679666056015,94.25,185035200,0.005801616437907775
2010-12-17,94.18519216465037,94.35,141075300,0.0010711773163936122
2010-12-20,94.61026607382766,94.58,119085500,0.0024134526515473542
2010-12-21,94.8759521878527,95.18,94965500,0.006340438325219466
2010-12-22,95.24787659046378,95.48,78878100,0.003110046044296322
2010-12-23,95.36934505673734,95.34,70053700,-0.001430857179021805
2010-12-27,94.98223428284311,95.38,58126000,0.0003982788145360239
2010-12-28,95.5666767116242,95.51,55309100,0.001432097019433476
2010-12-29,95.62741906498128,95.58,58033100,0.0007153839745204227
2010-12-30,95.49078055599311,95.43,76616900,-0.0015883485030898647
2010-12-31,95.28584675282929,95.45,91218900,0.00023880319227176372
2011-01-03,96.18153476194941,96.44,138725200,0.010337861411320093
2011-01-04,96.65215494957143,96.39,137409700,-0.0005510052027865031
2011-01-05,96.08284084445684,96.89,133975300,0.00519750198855129
2011-01-06,96.92543857868847,96.7,122519000,-0.001958307400006576
2011-01-07,96.82674183791364,96.51,156034600,-0.001962623289233578
2011-01-10,96.08285380161134,96.39,122401700,-0.0012584699080310235
2011-01-11,96.7356806846032,96.73,110287000,0.0035441291372215744
2011-01-12,97.32016159084039,97.6,107929200,0.009024522445518102
2011-01-13,97.63898509630005,97.44,129048400,-0.0016331112285385974
2011-01-14,97.30495579537215,98.15,117677900,0.007244359243299359
2011-01-18,98.05642978501265,98.31,114401300,0.0017015184238788894
2011-01-19,98.23104704967311,97.35,151958400,-0.009805233953845915
2011-01-20,97.13037578659808,97.22,175745700,-0.0013257128096647586
2011-01-21,97.8287522217566,97.44,151462900,0.0022644567861977993
2011-01-24,97.38087245306237,98.0,113715500,0.00568656049373506
2011-01-25,97.73759980938912,98.05,167552200,0.0005417884827867425
2011-01-26,98.29177137977645,98.43,141281500,0.00387131262569107
2011-01-27,98.4511436421121,98.67,123302700,0.0024675985743038975
2011-01-28,98.78513238565316,96.95,295637300,-0.01746294491272815
2011-01-31,97.21388982282313,97.68,149249200,0.007516608900171695
2011-02-01,98.26899402123279,99.24,167194300,0.01600880063811494
2011-02-02,98.98247920403105,99.05,118323600,-0.0019124878994414285
2011-02-03,98.87624676050612,99.27,145886700,0.0022227122727962456
2011-02-04,99.30891536487616,99.55,134634800,0.0028290813981692864
2011-02-07,99.77198044995977,100.17,112439100,0.006252770921921336
2011-02-08,100.26530814175875,100.63,99072800,0.004545910127947694
2011-02-09,100.35644291553879,100.4,146436700,-0.0022625933567110845
2011-02-10,99.89341120358266,100.44,162708500,0.000378042702335879
2011-02-11,100.04516591315486,101.04,137710300,0.00596975403619826
2011-02-14,100.97883282406701,101.28,101690700,0.0024041309461919624
2011-02-15,100.9712669188989,100.96,119575400,-0.0031475009141040955
2011-02-16,101.30525930074394,101.6,130183500,0.006315406872402063
2011-02-17,101.30526360574402,101.9,109810500,0.0029884167593734468
2011-02-18,101.99600082451843,102.12,130002400,0.0020855915325148633
2011-02-22,101.04719405286185,100.07,233116400,-0.020069573265492857
2011-02-23,100.00723390551266,99.45,227584000,-0.006144655813807076
2011-02-24,99.34684437119664,99.38,260431400,-0.0006870459089507452
2011-02-25,99.80228949573115,100.45,141686900,0.010692920304457898
2011-02-28,100.81947153632095,101.07,141585500,0.006196787067759724
2011-03-01,101.38873957240641,99.38,258565500,-0.01667325787674767
2011-03-02,99.24815937450249,99.6,200277400,0.0021386301206234304
2011-03-03,100.50065741576381,101.31,176480100,0.01722466149784352
2011-03-04,101.23691340200129,100.55,277202300,-0.007492725509214315
2011-03-07,100.84983240182785,99.76,216790400,-0.007850509211760892
2011-03-08,99.92373449644208,100.64,174615000,0.00874963693897235
2011-03-09,100.43993611532264,100.49,153806000,-0.0014328247411988793
2011-03-10,99.43797256565131,98.63,301291800,-0.01850578511242218
2011-03-11,98.31448831258903,99.32,225621800,0.006925549300777378
2011-03-14,98.6713004029075,98.72,234974100,-0.006037362015719361
2011-03-15,96.09046502862574,97.59,359585400,-0.011457132668687087
2011-03-16,97.27458773889049,95.78,468670300,-0.01851295895399574
2011-03-17,97.16075931124797,97.05,254303700,0.013235329845726174
2011-03-18,98.22319951983499,97.4,230435400,0.0036369122299133583
2011-03-21,98.61201771764043,98.91,153992600,0.015497877904902424
2011-03-22,98.8941075726749,98.57,129538600,-0.0034683855480979187
2011-03-23,98.29179995309141,98.85,148603100,0.0028615371754463492
2011-03-24,99.41248018426823,99.79,159129800,0.009563416078218312
2011-03-25,100.05288509940411,100.1,155642800,0.0030559270895489377
2011-03-28,100.31212244690077,99.85,109762400,-0.002436866655330383
2011-03-29,99.77081968682555,100.53,129798800,0.006718441216504445
2011-03-30,101.05160077861132,101.22,135835000,0.006901290193363163
2011-03-31,101.08972338916564,101.08,132537100,-0.0013557680138996941
2011-04-01,101.70723288490512,101.51,153850100,0.0042234783643062546
2011-04-04,101.72245050545253,101.59,100768900,0.000825930784309481
2011-04-05,101.39464948361874,101.58,120791500,-0.00014989511097118768
2011-04-06,102.06556385794023,101.9,120411600,0.0031524753450919984
2011-04-07,101.71484807289308,101.64,170731500,-0.00254395904628002
2011-04-08,102.08840448712452,101.29,147945400,-0.003450463846319529
2011-04-11,101.39462825221213,100.98,121385400,-0.003010844372669186
2011-04-12,100.4188324325993,100.23,161187400,-0.007473686612262664
2011-04-13,100.6932899689166,100.22,162059000,-7.596796739861578e-05
2011-04-14,99.64118667946147,100.3,161220400,0.0007602702716282828
2011-04-15,100.47982801995911,100.66,170006700,0.003648837431315277
2011-04-18,99.55734727732118,99.53,210759300,-0.011208820809161857
2011-04-19,99.68694345006806,100.11,124258800,0.005744438814019315
2011-04-20,101.30315721764548,101.47,156133800,0.01363183312163918
2011-04-21,101.99693068961366,101.99,135935400,0.005109176389668235
2011-04-25,101.91305024226591,101.88,65757100,-0.0010466830985140785
2011-04-26,102.19514929216926,102.76,146600000,0.008605318381054383
2011-04-27,102.95752785525195,103.43,143031000,0.006528834721497789
2011-04-28,103.24720253825528,103.77,124791100,0.003243021473648522
2011-04-29,103.80372924268782,104.01,115094100,0.0023508968280980813
2011-05-02,104.49747996348542,103.85,126278700,-0.0015392355799908053
2011-05-03,103.65127416563217,103.48,138375000,-0.0035969640069243303
2011-05-04,103.430171804278,102.79,182678500,-0.006630859890541796
2011-05-05,102.21800063647714,101.86,226900000,-0.009048559315121052
2011-05-06,102.87363358842913,102.31,222787200,0.0044157896443797195
2011-05-09,102.30185683196028,102.71,114104500,0.003874821512571236
2011-05-10,103.04897266693195,103.58,114806900,0.008536184685796533
2011-05-11,103.43014575706103,102.49,193564200,-0.010524806246428597
2011-05-12,102.21798865233679,102.98,171550700,0.004760497872209557
2011-05-13,103.03375721801295,102.19,157444900,-0.007698786791161649
2011-05-16,101.82153838167768,101.54,141675400,-0.006341905478932097
2011-05-17,101.1583367162177,101.52,192686200,-0.00014967336717963686
2011-05-18,101.57763434205705,102.43,135217900,0.008935905786049636
2011-05-19,102.7669221129964,102.68,119489500,0.002381590983218329
2011-05-20,102.40859207300858,101.86,182594900,-0.007944865585753025
2011-05-23,100.61704125767632,100.68,168700000,-0.011600819806646068
2011-05-24,100.96771774825191,100.59,147199600,-0.0008331267693240108
2011-05-25,100.19010785095733,100.93,151050100,0.003334679046622213
2011-05-26,100.65515754968489,101.39,164850000,0.004607664423244451
2011-05-27,101.67670890436258,101.78,120921900,0.0038343867569601287
2011-05-31,102.74402476268281,102.84,164731200,0.010411170591259511
2011-06-01,102.54582560188793,100.53,233094300,-0.022460851578956276
2011-06-02,100.60178223399072,100.43,200466800,-0.0010618433439565367
2011-06-03,99.2218999899854,99.43,234690200,-0.009944471257629206
2011-06-06,99.17618082621823,98.38,179951200,-0.010581028074093113
2011-06-07,98.8788481776668,98.31,161660500,-0.0006199639080806119
2011-06-08,98.16222436776032,97.9,198696400,-0.004187391187776446
2011-06-09,98.16985626751121,98.65,160964400,0.0076311851029566835
2011-06-10,98.23083319819237,97.28,238629400,-0.013910458643906276
2011-06-13,97.49895444084375,97.35,207599800,0.0007836613817364668
2011-06-14,98.24607556362322,98.59,160570400,0.012686125674616466
2011-06-15,97.76577860289899,96.84,300958000,-0.017785565191026365
2011-06-16,96.86619184769953,97.05,308032800,0.0022045394398730878
2011-06-17,98.0129584373385,97.34,233284900,0.0029839404774745226
2011-06-20,97.00932891684187,97.84,159479000,0.005116243160870226
2011-06-21,98.34240236727534,99.18,193157300,0.013703809988723892
2011-06-22,98.87106452509792,98.58,176703000,-0.0060252813342900335
2011-06-23,97.42305767229273,98.3,334286500,-0.0028754589016944943
2011-06-24,98.27345391118418,97.15,226129300,-0.011613706828530468
2011-06-27,97.2162128273261,98.02,168904700,0.008911455092410314
2011-06-28,98.4113707957515,99.3,165556300,0.013052698270866525
2011-06-29,99.75212147241429,100.15,244295500,0.008564120999767777
2011-06-30,100.47232079111114,101.11,223322700,0.00956263266145485
2011-07-01,101.20013313390221,102.6,202385700,0.01477582609775685
2011-07-05,102.49493801934348,102.52,165936000,-0.0008212206875931605
2011-07-06,102.27275640113781,102.64,143331600,0.0011957078352984318
2011-07-07,103.5522328265419,103.71,170464200,0.010375598663702856
2011-07-08,102.53321298527426,102.97,194100500,-0.007092682773233827
2011-07-11,101.70581551850167,101.11,195918600,-0.018079910068349747
2011-07-12,100.89371281162872,100.67,214675700,-0.00431912361609621
2011-07-13,101.20016523715,101.01,204062600,0.003348561577383613
2011-07-14,101.26140266978531,100.31,226111800,-0.006902879231034831
2011-07-15,100.87068570631664,100.89,220012800,0.00580483149811295
2011-07-18,100.42633528749452,100.07,196872100,-0.008200941673059514
2011-07-19,100.62553382763004,101.69,166554900,0.016231541559192042
2011-07-20,101.95093399057768,101.63,137145400,-0.00060313124072775
2011-07-21,102.20380245336858,103.04,245246300,0.013871682005534902
2011-07-22,103.06185176368822,103.11,126019400,0.0006687637851081618
2011-07-25,102.12717754211921,102.53,136653800,-0.005572661401624379
2011-07-26,102.46428414490852,102.15,131278200,-0.0037360754733378743
2011-07-27,101.58321561157919,100.06,249020100,-0.020475425172824413
2011-07-28,100.05860270259205,99.77,207939900,-0.002909595817880195
2011-07-29,98.76382209011363,99.09,307038400,-0.0068345114956570585
2011-08-01,100.24246517251747,98.66,325790900,-0.004252831293963921
2011-08-02,97.92102676939656,96.14,346653800,-0.025547638572654185
2011-08-03,96.27385128231512,96.66,370830800,0.005419097219191427
2011-08-04,95.32379621480328,92.14,520721800,-0.04684183608234238
2011-08-05,93.28585792118606,92.0,655619200,-0.0014967043935539825
2011-08-08,89.57006966859002,86.01,702263900,-0.06512308621881835
2011-08-09,87.39423078682242,90.01,717828700,0.046499415337685646
2011-08-10,88.30594034671901,86.03,662607400,-0.04417781251244979
2011-08-11,86.77361927271723,89.89,487979700,0.044883430464266905
2011-08-12,90.71160532154887,90.5,313731600,0.006733149430391494
2011-08-15,91.31687970939673,92.41,258810600,0.021165127839891218
2011-08-16,91.53140307368683,91.62,294095200,-0.00853922833141807
2011-08-17,92.12896647873377,91.68,238201100,0.0006686510252842393
2011-08-18,89.25592010956052,87.73,512956300,-0.04311856156515903
2011-08-19,86.54376548580618,86.3,428281300,-0.016330472707641208
2011-08-22,88.2369674671461,86.37,275090600,0.0007992870864876878
2011-08-23,86.68936443108704,89.21,331136600,0.0329105821708493
2011-08-24,89.01845417532114,90.47,246869700,0.01408457810962882
2011-08-25,90.96442347079719,89.09,312365400,-0.015244373217865537
2011-08-26,88.63532368579253,90.38,314495900,0.014533702941861293
2011-08-29,91.6003366593909,92.98,190977200,0.028736510754550304
2011-08-30,92.57335639209764,93.22,241315700,0.0026369090463309597
2011-08-31,93.82218659515034,93.64,301828400,0.004438040279784117
2011-09-01,93.69192609018934,92.66,254585900,-0.010473088830353805
2011-09-02,90.72693242015887,90.29,255517200,-0.025549985462939295
2011-09-06,87.63935588902295,89.63,285130500,-0.007297549262872627
2011-09-07,90.98743584066766,92.16,209803200,0.028207826282213855
2011-09-08,91.60799854089896,91.2,250568200,-0.010391696775409187
2011-09-09,90.15998669150187,88.81,380195100,-0.026209674552186257
2011-09-12,87.70065213647162,89.39,305793500,0.006469880273625828
2011-09-13,89.67732675201722,90.21,272514700,0.009171370765372222
2011-09-14,90.66566101583356,91.45,319389500,0.013844236669487087
2011-09-15,92.4354428071929,93.03,326777200,0.017257044056212534
2011-09-16,93.40651927637255,93.58,284528300,0.005918389873861285
2011-09-19,92.05114836662761,92.65,241517000,-0.009956958942850647
2011-09-20,93.04458609332453,92.54,218932200,-0.0011636963944763323
2011-09-21,92.59021500853899,89.82,316251300,-0.029458375230390854
2011-09-22,87.21487002177955,86.91,513911300,-0.03232420770906952
2011-09-23,86.33693794683383,87.44,307242500,0.006025073075012433
2011-09-26,88.26221076421993,89.52,260673700,0.023780137668740764
2011-09-27,91.28102970777552,90.52,311753900,0.01118370072842656
2011-09-28,90.70346761302386,88.67,286696800,-0.020418380714768536
2011-09-29,90.14130228656182,89.37,298108900,0.007903578357426833
2011-09-30,88.13899394583163,87.14,288392300,-0.024989454980642534
2011-10-03,86.62957379256368,84.66,365136800,-0.028457886658238563
2011-10-04,83.441356477541,86.51,459177500,0.021923422082988697
2011-10-05,86.72968249274068,88.12,284108000,0.018514715057663
2011-10-06,88.06967645883442,89.71,257800800,0.018091308351755542
2011-10-07,90.23364925157426,89.11,312657900,-0.00669619431779811
2011-10-10,90.62643695564232,92.09,230666300,0.033446055658977736
2011-10-11,91.54286655452702,92.18,209088000,0.0010034486089660621
2011-10-12,92.87516695591158,92.99,281544900,0.008772118585529398
2011-10-13,92.4438873595161,92.81,212538800,-0.001987779439183379
2011-10-14,93.88398881754242,94.39,211397600,0.01709394753329163
2011-10-17,93.94560534543294,92.59,202311600,-0.019090973605141004
2011-10-18,92.52089552385227,94.4,318857900,0.019545755865716608
2011-10-19,94.24595398630397,93.28,226601300,-0.011828879726427877
2011-10-20,93.51436246819996,93.69,262075600,0.004375622759486886
2011-10-21,94.79272868146403,95.47,278999400,0.018987191794748837
2011-10-24,95.6244398648586,96.64,203215600,0.012260918208335081
2011-10-25,96.17894586255211,94.76,268596800,-0.019443468806601638
2011-10-26,95.763034998548,95.72,289053800,0.010157932305892903
2011-10-27,98.28902047597688,99.06,393220200,0.03483539954311876
2011-10-28,98.57396347620353,99.04,225906500,-0.00023321227808725808
2011-10-31,97.9270808897816,96.65,228146700,-0.02410573852207376
2011-11-01,93.97639517533807,93.95,416565800,-0.027888674541981517
2011-11-02,95.36261018559556,95.49,244717600,0.01631163413061154
2011-11-03,96.47156308983166,97.23,291174800,0.018227291910730248
2011-11-04,96.44076587546351,96.63,249401600,-0.006098962918135942
2011-11-07,96.56398122787579,97.23,196617200,0.00621613007315136
2011-11-08,97.74224050195723,98.48,224426300,0.012830558260829683
2011-11-09,96.17892702085835,94.85,337982000,-0.03690948362715618
2011-11-10,96.10191192116802,95.74,231866500,0.009418553590933687
2011-11-11,96.9028004159892,97.54,189924400,0.01882215614079663
2011-11-14,97.1800639728155,96.62,159258300,-0.009473975175955829
2011-11-15,96.39454253025025,97.1,184709400,0.004941763985957248
2011-11-16,96.11729095885792,95.56,235782500,-0.015863065367402007
2011-11-17,95.37804407544428,94.04,331219600,-0.015876275489836056
2011-11-18,94.33837380191834,93.94,215580400,-0.0010648434059541412
2011-11-21,92.56713712299575,92.15,229611600,-0.019019330636969478
2011-11-22,91.9510288485626,91.79,216494900,-0.003928069265161649
2011-11-23,90.92679014552947,89.76,224329100,-0.02206556591101927
2011-11-25,89.62528748836877,89.59,99557000,-0.0018876316482622224
2011-11-28,92.05887925861835,92.19,210686000,0.028967342136743568
2011-11-29,92.45162963867188,92.45,199241500,0.0028401536938673644
2011-11-30,95.10078708375248,96.26,324439500,0.04114931563598079
2011-12-01,96.14812433940396,96.24,176954800,-0.00016010830296298018
2011-12-02,97.12616957200594,96.16,221109700,-0.000880181759951304
2011-12-05,97.68061932056715,97.2,225263900,0.01089195663021636
2011-12-06,97.19547046564037,97.23,178842100,0.00031709622740261345
2011-12-07,96.9105067526409,97.6,237802500,0.00372226719097557
2011-12-08,96.95675655324739,95.46,240862800,-0.02193605408216681
2011-12-09,95.8862816965007,97.07,209111400,0.016942116294287324
2011-12-12,96.22515266239157,95.66,215826100,-0.01459713690952158
2011-12-13,96.15584352462244,94.76,245159800,-0.009339012618554188
2011-12-14,94.38455615485894,93.75,238618800,-0.010646474037807052
2011-12-15,94.7465411576915,94.09,199109200,0.003614627841765028
2011-12-16,94.72743119249901,94.23,220481400,0.0014823860236345965
2011-12-19,94.59570439456864,93.22,183903000,-0.010691353694593397
2011-12-20,94.68869109384987,96.04,225418100,0.030260039813235995
2011-12-21,96.044906914211,96.23,194230900,0.0019363241979915014
2011-12-22,96.58741691057881,97.08,119465400,0.008858989293498487
2011-12-23,97.39337430221863,97.95,92187200,0.008940333363274489
2011-12-27,97.78092535908237,98.03,86075700,0.0007917479379893066
2011-12-28,98.04439764808772,96.74,119107100,-0.013123823483928154
2011-12-29,97.06014394294628,97.74,123507200,0.010333968154025097
2011-12-30,97.66465162329628,97.26,95599000,-0.0049158326215895665
2012-01-03,99.013122486025,98.81,193697900,0.015936032154926005
2012-01-04,98.57911723024142,98.97,127186500,0.0015685518139800791
2012-01-05,98.43188927953433,99.23,173895000,0.0026626318480340583
2012-01-06,99.35412550418302,98.97,148050000,-0.0025772912508262857
2012-01-09,99.1991422086435,99.21,99530200,0.0024275463143184073
2012-01-10,100.27636120635361,100.07,115282000,0.008670311317935608
2012-01-11,99.76488732338775,100.13,111540700,0.0005422728482467054
2012-01-12,100.41586376841444,100.37,118983700,0.0023990930900845697
2012-01-13,99.69512427030976,99.85,179836200,-0.005173229493238285
2012-01-17,100.81111671694109,100.24,132209200,0.003880785983325419
2012-01-18,100.2143907079098,101.35,163395200,0.01105641540087432
2012-01-19,101.6946430638444,101.88,126328900,0.005276578471752558
2012-01-20,101.71010693569214,102.26,138230200,0.003726907149329328
2012-01-23,101.91935263838519,102.0,129295800,-0.002576646581317621
2012-01-24,101.36914722875045,101.88,103083300,-0.0011393580280010251
2012-01-25,101.72560732491917,102.73,198613200,0.008367194110995513
2012-01-26,103.19034865632341,102.21,184880500,-0.005129653090249708
2012-01-27,101.71013985225407,102.16,135259100,-0.0004547503948834075
2012-01-30,101.14434227242239,101.81,147311800,-0.003414270722587487
2012-01-31,102.3146258559768,101.77,157212000,-0.0003801551944426773
2012-02-01,102.52384803724365,102.66,166234500,0.008757014986419565
2012-02-02,102.86490103334695,102.83,113090400,0.0015857267058210223
2012-02-03,103.84908700742514,104.27,160598500,0.014018118468760443
2012-02-06,103.83359766670506,104.2,107694500,-0.0006687857075957648
2012-02-07,103.98084220104674,104.46,135528100,0.0025287352955389863
2012-02-08,104.51555978172588,104.77,139361400,0.002967362734732637
2012-02-09,104.9418739888205,104.9,148602900,0.0012581025349560626
2012-02-10,103.9731164794066,104.13,167907500,-0.007387855965390822
2012-02-13,104.87212741105702,104.9,115841900,0.007442842614600487
2012-02-14,104.62405833216326,104.77,165329500,-0.001256521701817781
2012-02-15,105.11234481876907,104.28,195195100,-0.004659792748415548
2012-02-16,104.29085652276652,105.44,186567800,0.01107319450705746
2012-02-17,105.80211529705836,105.72,129869400,0.002646319461815594
2012-02-21,105.96482253775429,105.76,134042300,0.00043950425940253446
2012-02-22,105.6005855455707,105.42,124455300,-0.003224067962377397
2012-02-23,105.36807746305206,105.89,137704300,0.004410650317265619
2012-02-24,106.11982727050781,106.12,105539100,0.0021957850581852956
2012-02-27,105.41458858379424,106.3,145728900,0.001679734865886573
2012-02-28,106.32904950015048,106.61,129355900,0.002916017295137685
2012-02-29,106.76303193217935,106.19,185934700,-0.003925621165463022
2012-03-01,106.41433423148483,106.74,145023500,0.005182104707440738
2012-03-02,106.67005579703172,106.41,120638300,-0.0030496898525388394
2012-03-05,106.25157615113527,105.98,140765000,-0.004078237812390362
2012-03-06,104.89532899558682,104.43,202129900,-0.014625313142207386
2012-03-07,104.67057923736277,105.16,143692200,0.006975946332715033
2012-03-08,105.80208251720815,106.21,116968900,0.009949157601278902
2012-03-09,106.40659320329725,106.62,122836800,0.003867745946969814
2012-03-12,106.60033970710154,106.62,104003500,7.263306377280898e-05
2012-03-13,107.1970819326903,108.55,184090500,0.018025787802209425
2012-03-14,108.5765871955887,108.43,145163600,-0.0010707595349892518
2012-03-15,108.59205192561352,109.06,165118500,0.005789171864720499
2012-03-16,109.25472452973956,109.21,152893500,0.0013843255009016175
2012-03-19,109.13801580174791,109.64,125291100,0.003920605913855457
2012-03-20,109.01340714916147,109.32,121729700,-0.0029115044334002693
2012-03-21,109.37931463310775,109.14,122388400,-0.0016370989214075093
2012-03-22,108.33624315463294,108.35,135216700,-0.00720373622031778
2012-03-23,108.4452673797801,108.7,120521000,0.0032330910345799158
2012-03-26,109.48052374776447,110.23,120164000,0.014035214547082786
2012-03-27,110.32896464177402,109.89,119868500,-0.00310726024545227
2012-03-28,109.83076701035615,109.34,148562100,-0.00495879887380879
2012-03-29,108.69432506149349,109.15,164963700,-0.0017084788697762088
2012-03-30,109.69068774405201,109.61,135486800,0.004136303567133792
2012-04-02,109.4727188619388,110.41,151741100,0.0073146224581315256
2012-04-03,110.25110649576456,109.96,155806700,-0.004089145655679194
2012-04-04,109.14578315077136,108.87,146896000,-0.00991086425309129
2012-04-05,108.49195781871329,108.81,137439400,-0.0005003774906657821
2012-04-09,107.44109336397023,107.59,127555900,-0.011231385701124919
2012-04-10,107.37884314832864,105.78,235360300,-0.01678468382709175
2012-04-11,106.8650556610214,106.64,154133000,0.008093784096134815
2012-04-12,106.74058926759966,108.03,154321500,0.013066278994064096
2012-04-13,107.78359626426332,106.75,169246700,-0.011888718291719447
2012-04-16,107.2932215191127,106.68,147825300,-0.0006561024171585217
2012-04-17,107.2931928245495,108.26,147877600,0.014811831728975156
2012-04-18,107.77584730452952,107.89,123884200,-0.003378942884053826
2012-04-19,107.90815889049846,107.2,198666700,-0.006421010657913118
2012-04-20,107.67463706982811,107.38,143199600,0.0016700003807585961
2012-04-23,106.28133943713792,106.48,171844900,-0.008408623909008983
2012-04-24,106.56933278122291,106.88,137484200,0.0038013002853107825
2012-04-25,107.92371812168113,108.34,150252200,0.013691634666553432
2012-04-26,108.11057024726018,109.1,136291600,0.006969219918326219
2012-04-27,109.42601024165641,109.28,130725000,0.001640577681947697
2012-04-30,109.06020040483578,108.87,115092200,-0.003703685344600416
2012-05-01,108.81105761897672,109.55,138832200,0.006219651902433121
2012-05-02,108.91226985057915,109.22,121081000,-0.0029840501516539275
2012-05-03,109.23915040116972,108.39,143759700,-0.007625857771916489
2012-05-04,107.82248299692105,106.64,193927300,-0.01615803547930328
2012-05-07,106.25795001481413,106.72,127765900,0.0007303202376975904
2012-05-08,106.07893974682271,106.29,213377700,-0.004011542191755368
2012-05-09,105.16045380601881,105.66,220752500,-0.0059317981389834795
2012-05-10,106.39029217060467,105.88,150600000,0.0020626928358935537
2012-05-11,105.21492548365273,105.56,153032400,-0.003014313937867441
2012-05-14,104.54553001253076,104.39,163910000,-0.011060941098275157
2012-05-15,104.319777412246,103.79,207629300,-0.00574182353088637
2012-05-16,104.25752198359906,103.39,207265500,-0.0038246036613872603
2012-05-17,103.41685630868639,101.86,247992900,-0.014831027817751363
2012-05-18,102.25702517473775,100.99,319615900,-0.008558981781445096
2012-05-21,101.31519205744922,102.72,177861100,0.0171883046972392
2012-05-22,102.9887300238269,102.9,197531200,0.0017428375141579355
2012-05-23,102.16362753616652,102.96,204958400,0.0005294447184385209
2012-05-24,103.23780922059962,103.16,167357600,0.001965637724060443
2012-05-25,103.12107453391592,102.83,135465600,-0.003244194769129738
2012-05-29,103.6503383898427,104.07,152883500,0.012111503921679256
2012-05-30,103.18330660500907,102.56,162370400,-0.014510052599747136
2012-05-31,102.52171771546391,102.33,196186000,-0.002200579610441955
2012-06-01,100.73140993802683,99.76,253240900,-0.0251769147499038
2012-06-04,99.93745875678525,99.71,202545800,-0.0004680496463013162
2012-06-05,99.51711645768232,100.47,164149400,0.007572105746729507
2012-06-06,101.1672961347322,102.72,184202800,0.022468293174125575
2012-06-07,103.89165821409978,102.79,184772700,0.0006061978944240654
2012-06-08,102.5217146132668,103.6,143915400,0.007951731286127472
2012-06-11,104.43651287451385,102.29,169756100,-0.012697557303299134
2012-06-12,102.58397024708701,103.46,181931800,0.011490989037610921
2012-06-13,103.15998589897627,102.8,172223900,-0.0063947261207085715
2012-06-14,103.01210122863667,103.89,230615500,0.010600502951696456
2012-06-15,104.35956367590809,104.95,169444500,0.010227144297643376
2012-06-18,104.51599728326664,105.16,131360900,0.0019377668409326088
2012-06-19,105.68967584247723,106.17,137382600,0.009673070446414078
2012-06-20,106.18259797179715,106.0,206451800,-0.0016213081699905096
2012-06-21,106.1278586535485,103.62,205272200,-0.02243835584296705
2012-06-22,104.16393348662432,104.42,130029200,0.0077011716568551325
2012-06-25,103.31892219871926,102.75,146375700,-0.016034698496027344
2012-06-26,103.04508272235951,103.26,141634000,0.005025931597253619
2012-06-27,103.60840397058212,104.2,108088000,0.009016301392533732
2012-06-28,103.50667689721422,103.9,169242100,-0.002853612295926289
2012-06-29,105.78354435558848,106.49,212250900,0.0249268180063833
2012-07-02,106.78508386897498,106.81,129524500,0.0030127758720004394
2012-07-03,106.78507395492507,107.51,80450000,0.006592897474079873
2012-07-05,107.11367012981279,107.03,126177500,-0.004512305607423328
2012-07-06,105.99481573071256,106.01,151192100,-0.00950348872801754
2012-07-09,105.9244077545573,105.88,103780500,-0.0012546236042825232
2012-07-10,106.41732765542207,104.95,167884800,-0.008720113916188987
2012-07-11,105.00894926495124,104.97,141733400,0.00014887446037548102
2012-07-12,104.35954347264727,104.46,143583200,-0.004844967930978439
2012-07-13,104.73511153118837,106.21,129642600,0.01677789386387407
2012-07-16,105.97134047440058,105.96,97525200,-0.002357332638397436
2012-07-17,106.38604055018641,106.69,138860300,0.006867235722701093
2012-07-18,106.44079105201756,107.48,113349700,0.007406701850592112
2012-07-19,107.70048153260701,107.76,129847300,0.002620564567763717
2012-07-20,107.15276590226534,106.78,142904500,-0.009148498639477642
2012-07-23,105.21237340206258,105.7,145210900,-0.010112034566534311
2012-07-24,105.77575460673303,104.79,173301200,-0.008586558417621348
2012-07-25,105.00896017530019,104.81,129122300,0.000223880254715203
2012-07-26,106.3234183305493,106.54,156526500,0.016497337040008997
2012-07-27,107.10584674397856,108.51,236768900,0.018432855668326864
2012-07-30,108.3811996108707,108.51,106782000,0.0
2012-07-31,108.35770993621489,107.75,120575900,-0.006994583377981978
2012-08-01,108.52199282621741,107.65,138293800,-0.0008716482081646548
2012-08-02,106.83984024247127,106.91,199556600,-0.006904076153974814
2012-08-03,108.4125112642488,109.03,157825000,0.019833238432960032
2012-08-06,109.32007594634072,109.24,86326200,0.0019370418707393977
2012-08-07,109.68000777195724,109.79,109545100,0.005013917266035062
2012-08-08,109.42183441439865,109.92,89754700,0.0012116463985520909
2012-08-09,109.76609844482643,110.02,90291700,0.0008541916922206738
2012-08-10,109.57044782159103,110.2,99792700,0.0016352891246096402
2012-08-13,110.0086750128068,110.14,79426900,-0.0004964115399828106
2012-08-14,110.54849895091549,110.16,102379400,0.00014165492154560866
2012-08-15,110.0399368158052,110.28,71085900,0.0011365418211375378
2012-08-16,110.438992841674,111.1,112014200,0.007378789239337102
2012-08-17,111.28398894434649,111.24,90813700,0.0013378332032880635
2012-08-20,111.08838676315834,111.25,78255700,7.043370634840507e-05
2012-08-21,111.52649493856919,110.92,105581100,-0.0030245957479141383
2012-08-22,110.63457535925383,110.96,133243500,0.000423716892732795
2012-08-23,110.68937898427295,110.06,111466400,-0.008179154133866273
2012-08-24,109.78169932838071,110.72,99481200,0.006042269055355209
2012-08-27,111.01793225074015,110.74,68785900,0.00021202600181591258
2012-08-28,110.46241807307763,110.63,75689600,-0.0009890152890906778
2012-08-29,110.72843580873462,110.72,65421300,0.0007778034923162647
2012-08-30,110.24336881128902,109.92,96589900,-0.007207505927184443
2012-08-31,110.5484841635931,110.45,151970400,0.004768745315462786
2012-09-04,110.35291270390324,110.35,120226200,-0.000920665797210396
2012-09-05,110.39199762944847,110.25,100660300,-0.0008511975812741657
2012-09-06,110.91625979613087,112.49,158272500,0.020297019391466664
2012-09-07,112.67668200857987,112.93,107272100,0.003894832865916298
2012-09-10,112.81753799101331,112.29,86458500,-0.005681354471983258
2012-09-11,112.35590820163686,112.6,88760000,0.0027872972572824395
2012-09-12,112.97405242919922,112.97,87640900,0.003335703717957772
2012-09-13,112.95838617535178,114.7,225470200,0.015236361266594889
2012-09-14,114.92228387142389,115.2,169777000,0.004434274168147789
2012-09-17,114.9692339774184,114.81,119427800,-0.003395758665903137
2012-09-18,114.61711182644387,114.72,98326600,-0.0008181417483739128
2012-09-19,114.8518482987354,114.78,128318300,0.0005458079297440133
2012-09-20,114.25719952733844,114.79,154009800,6.813061296551126e-05
2012-09-21,115.34693397499157,114.74,108737500,-0.0004181937684741843
2012-09-24,114.17489184988109,114.57,95682000,-0.0015082418705842926
2012-09-25,114.81205147088467,113.35,133165200,-0.010641831531093215
2012-09-26,113.32537341190982,112.71,146502200,-0.005621235203064567
2012-09-27,113.18380068481517,113.77,111830300,0.00942168685626954
2012-09-28,113.34112272135988,113.25,150696100,-0.0046321377701055155
2012-10-01,113.6793595085538,113.55,135911200,0.0026394087207066708
2012-10-02,113.99399032227045,113.66,113422200,0.001039061984508871
2012-10-03,113.97042904393574,114.13,121283100,0.004083334552726692
2012-10-04,114.56034745745004,114.95,124311600,0.007167748114975003
2012-10-05,115.55938242665358,114.95,124842100,6.882968429811065e-05
2012-10-08,114.52885930327002,114.56,78415400,-0.0034220666319731974
2012-10-09,114.47383697240511,113.43,148872900,-0.009887017878013937
2012-10-10,113.41190658955342,112.7,124247500,-0.006380156572963647
2012-10-11,113.49055381534643,112.77,123601500,0.0005582055917361384
2012-10-12,112.84554603268371,112.4,124181900,-0.003278490879350393
2012-10-15,112.66463760923854,113.33,107689100,0.00832826334670167
2012-10-16,113.86811243052503,114.48,108815500,0.01013301006219125
2012-10-17,114.56038345483465,115.0,128834100,0.004535385402796521
2012-10-18,114.70193481445312,114.7,148108500,-0.0025994807407355713
2012-10-19,114.48953906284031,112.79,185645200,-0.016664524884975718
2012-10-22,112.60172794822539,112.81,125578600,0.00013981639476079444
2012-10-23,111.58697321486189,111.24,192056300,-0.013876747874861373
2012-10-24,111.64205830588432,110.93,120179400,-0.00282814867985548
2012-10-25,111.71286687551748,111.25,134457400,0.0029073560282397715
2012-10-26,111.14650441907546,111.19,146023500,-0.0005656444513145731
2012-10-31,111.57913651604939,111.19,103438500,0.0
2012-11-01,111.42183516715372,112.35,100995600,0.010470687933797018
2012-11-02,113.01866982414673,111.35,137702200,-0.008891383050986912
2012-11-05,111.18583237165706,111.58,98378500,0.0020480288843947037
2012-11-06,111.91737660312201,112.45,107068100,0.007825284275448041
2012-11-07,111.42967605072151,109.9,264304500,-0.022663830900479742
2012-11-08,109.88791093345452,108.58,181517300,-0.012024329388903854
2012-11-09,108.25182711331779,108.68,201055300,0.0008697955604521912
2012-11-12,109.01479758371703,108.76,97677500,0.0007958884222980522
2012-11-13,108.18888632543381,108.39,123018300,-0.0034713599998204003
2012-11-14,108.71594360746097,106.92,191505000,-0.013498580102685342
2012-11-15,106.96178587908327,106.74,178128400,-0.0016923133567527948
2012-11-16,106.8988444118816,107.27,239483900,0.00493723494686904
2012-11-19,108.47210981503729,109.44,151495800,0.020239755565881312
2012-11-20,109.26656183189593,109.49,119807400,0.0004310371270548341
2012-11-21,109.58116836527356,109.69,81710800,0.0018676499435044125
2012-11-23,110.22618450508823,111.19,65409200,0.013625010319975317
2012-11-26,110.63523544728017,110.95,100124400,-0.002122161342450468
2012-11-27,110.83974357580234,110.38,128646200,-0.005104720169396781
2012-11-28,109.93520094839691,111.27,177086500,0.008052978023232793
2012-11-29,111.68926938988751,111.79,151085900,0.004665025677593748
2012-11-30,111.80725520805039,111.82,136568300,0.0002110868289599832
2012-12-03,112.32644847689956,111.26,124656300,-0.00492404695441695
2012-12-04,111.25661063860542,111.11,127512200,-0.0014144592597264971
2012-12-05,111.20152549423251,111.3,147300500,0.0017697544818433553
2012-12-06,111.2015627004764,111.68,103220600,0.003392531673248156
2012-12-07,112.11403379685382,112.02,108726400,0.0030287663809118737
2012-12-10,111.86229909736737,112.07,98840700,0.00042104147626331745
2012-12-11,112.53089950658182,112.83,152570400,0.006808442964891359
2012-12-12,113.27032576362262,112.88,145880100,0.00048813871605379866
2012-12-13,112.81408862644996,112.19,135715000,-0.006131975240956211
2012-12-14,111.94885547622832,111.78,137701700,-0.003715730342197965
2012-12-17,112.06684228642115,113.09,143238200,0.01175228887018065
2012-12-18,113.2703164322584,114.35,177762800,0.011128623854362196
2012-12-19,114.47381597492665,113.5,150895400,-0.007429301736110339
2012-12-20,113.56926820460554,114.15,168487000,0.005752643134464774
2012-12-21,112.62398091408312,113.12,245883800,-0.00907756927612502
2012-12-24,112.86959944531814,112.77,53874600,-0.0030809593756361275
2012-12-26,112.99631323418178,112.29,106947700,-0.004215337903258898
2012-12-27,112.3230287363483,112.14,167920600,-0.0013397659856387856
2012-12-28,111.41195544198739,110.93,148806700,-0.010808773099174607
2012-12-31,110.63564201617359,112.81,243935200,0.016996557688802705
2013-01-02,114.95303729964603,115.71,192059000,0.025630404576413968
2013-01-03,115.65012694855255,115.44,144761800,-0.0022596288416707466
2013-01-04,115.63426724357798,115.95,116817700,0.00439156842125854
2013-01-07,115.53924267701692,115.63,110002500,-0.0027324743269601104
2013-01-08,115.42832615885735,115.3,121265100,-0.0028773947196893968
2013-01-09,115.55502368445141,115.59,90745600,0.0025416851719415323
2013-01-10,116.23631309526291,116.51,130735400,0.00794972286060136
2013-01-11,116.48191505392978,116.51,113917300,-6.77070769218302e-05
2013-01-14,116.36309979415545,116.43,89567200,-0.0006799324769357629
2013-01-15,115.88778121089807,116.51,93172600,0.000680395099661224
2013-01-16,116.26805911809524,116.49,104849500,-0.00013581623395597653
2013-01-17,117.00472996186157,117.24,133833500,0.006459941212530795
2013-01-18,117.21869850907763,117.5,169906000,0.002230400683429945
2013-01-22,117.50379013773573,118.14,111797300,0.0053926024848669485
2013-01-23,118.13756741723442,118.33,104596100,0.0016095426381554923
2013-01-24,118.1533932683683,118.36,146426400,0.0002677722982498132
2013-01-25,118.7316858040079,119.02,147211600,0.005622035222129895
2013-01-28,119.05650081442067,118.88,113357700,-0.0011976936848884234
2013-01-29,118.64454827796115,119.35,105694400,0.003931233543651214
2013-01-30,119.33376812302268,118.88,137447700,-0.003915839464197934
2013-01-31,118.73965008460979,118.59,108975800,-0.002465452096028997
2013-02-01,119.34166472549025,119.81,131173000,0.010286987377213341
2013-02-04,119.08025152227435,118.46,159073600,-0.011240534264312263
2013-02-05,119.10403918861273,119.66,113912400,0.010097895962000836
2013-02-06,119.2386729102381,119.75,138762800,0.0007279445458896472
2013-02-07,119.78525613440723,119.59,162490000,-0.001323262040671569
2013-02-08,119.79324341740745,120.25,103133700,0.005564949773629646
2013-02-11,120.20514034198766,120.23,73775000,-0.0001979473996659431
2013-02-12,120.23685187320065,120.43,65392700,0.0016474768798302453
2013-02-13,120.67250558689216,120.53,82322600,0.0008546935447544257
2013-02-14,120.16556165176652,120.64,80834300,0.0009205539705543497
2013-02-15,120.75172072622745,120.5,215226500,-0.0011822820972514636
2013-02-19,120.70422341342146,121.4,95105400,0.0074948347290582085
2013-02-20,121.31422183243684,119.89,160574800,-0.012463175538798055
2013-02-21,119.58718378463384,119.16,183257000,-0.006079801837838961
2013-02-22,119.73775065973375,120.32,106356600,0.009773178035915375
2013-02-25,120.91018774977967,118.03,245824800,-0.019026887339458787
2013-02-26,118.60492681359395,118.84,186596200,0.006845505030435017
2013-02-27,118.73960961833114,120.34,150781900,0.012598434801198044
2013-02-28,120.33194514274757,120.1,126866000,-0.0019743640787717176
2013-03-01,119.69020480848218,120.5,170634800,0.00329728590415046
2013-03-04,120.22100079473276,121.14,99010200,0.00532539560732892
2013-03-05,121.72611748249882,122.23,121431900,0.008958655069359
2013-03-06,122.66090117183793,122.39,94469900,0.0013612729699987725
2013-03-07,122.54999707968635,122.61,86101400,0.0018122931108737195
2013-03-08,123.15205453249357,123.14,123477800,0.004264092617965787
2013-03-11,123.04115203708933,123.6,83746800,0.003795669426257975
2013-03-12,123.51645926691553,123.33,105755800,-0.0022431372936312366
2013-03-13,123.38972110179765,123.5,92550900,0.0014132709139196287
2013-03-14,123.8254057189453,124.16,126329900,0.005323807778780054
2013-03-15,124.01011146393775,123.99,138601100,-0.0013202936058670511
2013-03-18,122.80864799032517,123.31,126704300,-0.005518402561332292
2013-03-19,123.57242762237338,123.02,167567300,-0.002323838772030129
2013-03-20,123.74755227496885,123.88,113759300,0.006985894257348857
2013-03-21,123.14285331675048,122.82,128605000,-0.008542288565486666
2013-03-22,123.21438869914768,123.81,111163600,0.008032492729455498
2013-03-25,124.13742536996197,123.29,151322300,-0.004177178989359098
2013-03-26,123.80316061281141,124.28,86856600,0.008002035099526461
2013-03-27,123.54057773052983,124.28,99950600,0.0
2013-03-28,124.20108916228367,124.66,102932800,0.003073781876344661
2013-04-01,124.59892405634633,124.17,99194100,-0.003957459392344154
2013-04-02,124.61487205525225,124.78,101504300,0.004934589697447311
2013-04-03,124.85357769209115,123.52,154167400,-0.010139144673910305
2013-04-04,123.6759083645721,124.02,131885000,0.004058347853463706
2013-04-05,122.49828559973766,123.46,159666000,-0.00449109016532212
2013-04-08,123.54860827200396,124.3,86571200,0.006767150166367086
2013-04-09,124.5272937878087,124.73,101922200,0.00345664690212244
2013-04-10,125.0604527105454,126.25,135711100,0.012249118629273248
2013-04-11,126.27791016575597,126.67,110142500,0.0032775443374617463
2013-04-12,126.26195991727803,126.36,116359900,-0.0024501579661936335
2013-04-15,125.72086202717622,123.43,217259000,-0.023174058762737926
2013-04-16,124.36017937431654,125.25,147507800,0.014762595671671708
2013-04-17,124.36024812424091,123.42,226834800,-0.01461099834147006
2013-04-18,123.62810801034877,122.65,167583200,-0.00625440437952951
2013-04-19,122.93590638612923,123.72,149687600,0.008693820104153316
2013-04-22,123.95443201619926,124.26,106553500,0.004438116406341175
2013-04-23,124.88536546104116,125.55,166141300,0.010308989091721843
2013-04-24,125.58560921255138,125.63,96781200,0.0006340114413754261
2013-04-25,125.99138044463724,126.13,131060600,0.004053450352035082
2013-04-26,125.98344495206125,125.91,95918800,-0.0017661949796996534
2013-04-29,126.25396080171086,126.76,88572800,0.0066985120019273925
2013-04-30,126.7314040003617,127.06,116010700,0.0023855089046540545
2013-05-01,126.77920752707608,125.94,138874200,-0.008767001779424577
2013-05-02,126.26185988406877,127.11,96407600,0.009286275279498435
2013-05-03,128.21933580947763,128.4,144202300,0.010141174083893034
2013-05-06,128.49784381861463,128.73,66882100,0.0025408272109153085
2013-05-07,129.00713795352038,129.38,90359200,0.005069012608167167
2013-05-08,129.23783523268997,129.97,97419200,0.004550589618900425
2013-05-09,129.91425086346865,129.6,106738600,-0.002815664217572178
2013-05-10,129.6914414647642,130.03,103203000,0.00325381461109564
2013-05-13,129.85853838393473,130.13,81843200,0.0007955302909394835
2013-05-14,130.23246249075467,131.47,119000900,0.010333438514545712
2013-05-15,131.2589866297361,132.18,120718500,0.005386905508002027
2013-05-16,131.91145108697813,131.56,109913600,-0.00469542967019787
2013-05-17,132.04666275765248,132.83,129801000,0.009676636661268168
2013-05-20,132.70711140898996,132.83,85071200,-5.9847663000489604e-05
2013-05-21,132.9458610638815,133.02,95804200,0.0014380381657947972
2013-05-22,133.1527038976922,132.03,244031800,-0.007417894694458749
2013-05-23,130.6224147323014,131.65,211064400,-0.0028924848094852296
2013-05-24,130.86907374072268,131.54,151573900,-0.0008462239242258418
2013-05-28,132.91405278081047,132.33,143679800,0.005989022136807742
2013-05-29,131.62497348266848,131.47,160363400,-0.0064946453942295035
2013-05-30,131.5692842254678,131.95,107793800,0.0036920777019282536
2013-05-31,131.58519525244088,130.06,176850100,-0.014352033609499992
2013-06-03,130.3597913489797,130.77,168390700,0.005506106979044301
2013-06-04,130.8451951665197,130.14,157631500,-0.0048066735928505855
2013-06-05,129.77101656558483,128.32,211737800,-0.014000758103269284
2013-06-06,128.26707479011318,129.48,200225500,0.009052570547147143
2013-06-07,130.37570824461142,131.13,188337800,0.012720636689396159
2013-06-10,131.53742574779318,131.13,105667100,0.0
2013-06-11,129.9380685494558,129.78,159505400,-0.010315525931242409
2013-06-12,130.67011099496722,128.7,177361500,-0.008277179398184065
2013-06-13,128.63311379723208,130.66,163587800,0.015208671985192712
2013-06-14,130.51895693413638,129.84,141197500,-0.006272279525754487
2013-06-17,130.72588277049385,130.85,136295600,0.007721962802159643
2013-06-18,130.91680372567353,131.88,114695600,0.007905237902320117
2013-06-19,131.76821539781093,130.06,206149500,-0.01381683521037358
2013-06-20,128.79227802657653,126.83,321255900,-0.024778302669871133
2013-06-21,127.6979708459317,127.24,271956800,0.00321032269427457
2013-06-24,125.91414460060764,125.63,222329000,-0.01263620821535516
2013-06-25,126.77005491549346,126.84,162262200,0.009614309045624436
2013-06-26,127.88196644368519,128.1,134848000,0.009901210446014108
2013-06-27,128.86585517658216,128.85,129483700,0.005869784576035375
2013-06-28,128.48988632791824,128.32,160402900,-0.00409743656789241
2013-07-01,128.9937954273974,129.07,131954800,0.005859421449316171
2013-07-02,128.8818865445764,128.95,154863700,-0.0009289536090639761
2013-07-03,128.36990970154008,129.01,75216400,0.00043390688242350706
2013-07-05,129.9617638944541,130.4,122416900,0.010788915016093137
2013-07-08,131.07357969763146,131.15,108092500,0.005704301435746517
2013-07-09,131.96948341104073,132.09,119298000,0.007197412003319137
2013-07-10,131.9614543356792,132.14,121410100,0.00036307490132392317
2013-07-11,133.67325299967604,133.94,135592200,0.013620586900859433
2013-07-12,133.89727008041766,133.99,104212700,0.0004183323440851705
2013-07-15,134.36127066746292,134.51,69450600,0.003821038647447539
2013-07-16,134.59317824295937,134.0,88702100,-0.0037470493262798943
2013-07-17,134.51324756396428,134.35,92873900,0.0025672103527412116
2013-07-18,134.6331670212643,135.08,103620100,0.005477343221059527
2013-07-19,134.80115286073257,135.32,103831700,0.0017765249739174482
2013-07-22,135.5131243590793,135.59,79428600,0.001951084090337396
2013-07-23,135.8250793237297,135.3,80829700,-0.0021239730416469094
2013-07-24,135.8171035843269,134.8,112914000,-0.003665344774171353
2013-07-25,134.56115883433858,135.13,111088600,0.0024322153126896673
2013-07-26,134.56121106131374,135.27,107814600,0.001065965658741952
2013-07-29,134.92912109305902,134.86,79695000,-0.003075262316051597
2013-07-30,135.2650948013364,134.86,85209600,0.0
2013-07-31,135.13714713497794,134.95,142388700,0.0007121523123394535
2013-08-01,135.97703045379825,136.51,110438400,0.011558077408353018
2013-08-02,136.2090553805598,136.74,91116700,0.0016996564248377144
2013-08-05,136.44100264473096,136.54,54072700,-0.0014626656490048795
2013-08-06,136.28098609501177,135.77,87495000,-0.005682668999393403
2013-08-07,135.33713901324398,135.33,84854700,-0.0032401413389436806
2013-08-08,135.9690210075229,135.83,102181300,0.0036644781275756433
2013-08-09,135.6491004201529,135.43,91757700,-0.0028854914322754555
2013-08-12,134.75319435454387,135.27,68593300,-0.0011813092872767772
2013-08-13,135.51306999723468,135.67,80806000,0.0029563712739388848
2013-08-14,135.60909804335253,134.98,79829200,-0.005129073722238697
2013-08-15,133.91329451548006,133.09,152931800,-0.013985971296868183
2013-08-16,132.83340569267855,132.65,130868200,-0.0033057231557462874
2013-08-19,132.49746393764337,131.8,96437600,-0.00639192445963932
2013-08-20,132.0174730515071,132.45,89294400,0.004915634240691968
2013-08-21,132.08152440620498,131.63,159530500,-0.006159761646209794
2013-08-22,131.90550355352065,132.83,101471400,0.009114916901382664
2013-08-23,133.22535405632402,133.28,90888900,0.0033721714298187155
2013-08-26,133.41731020864745,132.79,89702100,-0.003721124165772305
2013-08-27,131.47350535440123,130.65,158619400,-0.01608451081982154
2013-08-28,130.59356028093228,131.11,108113000,0.003550818172602277
2013-08-29,130.82562214065587,131.32,119200500,0.0015868203715847518
2013-08-30,131.5935340190338,130.91,134928900,-0.003167450783089998
2013-09-03,132.16951254769938,131.5,142375100,0.004522189571548374
2013-09-04,131.529528965002,132.59,97389400,0.008272620032012679
2013-09-05,132.66541190052743,132.75,63090500,0.0012669870520805038
2013-09-06,133.1933424281144,132.82,159756500,0.0004819469876704563
2013-09-09,133.14537647983252,134.09,87559300,0.009576279364729157
2013-09-10,134.8971394072317,135.08,105847200,0.007396837047341842
2013-09-11,134.8971980520448,135.51,94545900,0.0031389378759598685
2013-09-12,135.45710682021064,135.15,83209000,-0.0026566179424858394
2013-09-13,135.2891776883156,135.45,72727800,0.002249552663739607
2013-09-16,136.9129930858301,136.23,106299200,0.00578744853435853
2013-09-17,136.35304122094166,136.84,82523300,0.004462392629172696
2013-09-18,136.7929619321282,138.42,203460600,0.011574026838281126
2013-09-19,138.80073574056865,138.19,146616900,-0.0016759615807523387
2013-09-20,138.52074441449787,137.23,132867100,-0.00699158393053112
2013-09-23,137.0417276682696,136.59,104616500,-0.004627564816986229
2013-09-24,136.567486717479,136.27,106333100,-0.0023537518044127737
2013-09-25,136.35851226123285,135.88,117306500,-0.002890288621274495
2013-09-26,136.10130596595192,136.4,77146900,0.00384534874736997
2013-09-27,135.71550161176876,135.77,99141800,-0.004596362064502313
2013-09-30,134.62227517956643,135.05,143937000,-0.0053286497019141565
2013-10-01,135.1527997252179,136.12,127160000,0.007916253555580122
2013-10-02,135.32160186135062,135.99,113350000,-0.0009448928702906478
2013-10-03,135.67530578449103,134.73,176698000,-0.009220661345920811
2013-10-04,134.8393168147989,135.76,96878000,0.007576458527723151
2013-10-07,134.57404333140406,134.58,96295000,-0.008644825384350852
2013-10-08,134.55796417376214,133.01,178015000,-0.011646636933386745
2013-10-09,133.27187425857335,133.11,168973000,0.0007252288795729367
2013-10-10,134.46954420250222,135.98,195955000,0.021557917228840928
2013-10-11,135.7717652155393,136.86,105040000,0.006443488689838128
2013-10-14,136.01286801205862,137.4,112106000,0.003993620731907788
2013-10-15,137.05783862742908,136.41,155485000,-0.00725385022087488
2013-10-16,137.22664807728304,138.31,161676000,0.01396591082350529
2013-10-17,137.74910483131814,139.24,129389000,0.00668317667287921
2013-10-18,139.75061678416625,140.18,138316000,0.006754534612181562
2013-10-21,140.22488540273332,140.18,104104000,5.7474917858790775e-05
2013-10-22,140.59458497844471,141.0,126663000,0.005790918265785372
2013-10-23,140.51418056876255,140.32,105484000,-0.004788889939835617
2013-10-24,140.60269394391943,140.79,70350000,0.0033230409211735257
2013-10-25,141.07683275100888,141.43,93625000,0.004566769275188953
2013-10-28,141.3823315637861,141.66,84979000,0.0015916856461306583
2013-10-29,141.97712609068452,142.41,87401000,0.005333739500102519
2013-10-30,142.5800055140093,141.7,140002000,-0.004966860275928853
2013-10-31,141.5913133903343,141.3,133795000,-0.002836205701851391
2013-11-01,141.48675460429067,141.64,142805000,0.002388782989523941
2013-11-04,142.02539112626462,142.14,85677000,0.0035191007580406275
2013-11-05,141.58329054626745,141.69,85825000,-0.0031668837144991357
2013-11-06,142.29864555117678,142.41,87348000,0.005105511719103006
2013-11-07,142.67644147718133,140.61,157000000,-0.012643228763474013
2013-11-08,140.56243858486056,142.51,136713000,0.013491286382431245
2013-11-11,142.37098154917481,142.53,62614000,0.00016906900263857771
2013-11-12,142.2263519827922,142.24,83990000,-0.002029876797473018
2013-11-13,141.54311552573412,143.38,103844000,0.008024458270757373
2013-11-14,143.51240654311985,144.1,103435000,0.004989036698009208
2013-11-15,144.33232442022396,144.73,102818000,0.004351161649292612
2013-11-18,144.96733830636583,144.22,104796000,-0.003499081053680131
2013-11-19,144.1474109831876,143.91,93891000,-0.0021739204036400617
2013-11-20,144.19565086825168,143.46,124909000,-0.003127862555151628
2013-11-21,143.8579872239628,144.61,92841000,0.008068144566072188
2013-11-22,144.6699476069844,145.34,81296000,0.005003273578868539
2013-11-25,145.59433420992684,145.19,79486000,-0.0009955051086042443
2013-11-26,145.26470324902124,145.23,86994000,0.00027629096665160446
2013-11-27,145.38536611679123,145.59,58800000,0.0024359211427658067
2013-11-29,145.7470631362428,145.49,55870900,-0.000662708721018257
2013-12-02,145.56214701746723,145.11,99726000,-0.002596902176044802
2013-12-03,144.637757184458,144.49,116563000,-0.00432068732261548
2013-12-04,143.96258618249604,144.47,123033000,-0.00011109971717093714
2013-12-05,144.21174603898666,143.83,106934000,-0.004395580486060369
2013-12-06,145.22461785791043,145.44,127728000,0.011177447953608866
2013-12-09,145.86756720680063,145.81,70124000,0.0025415289502441762
2013-12-10,145.47376782083973,145.29,80976000,-0.0035827121893107217
2013-12-11,145.34511251695486,143.66,130591000,-0.011231348170322897
2013-12-12,143.59283113898633,143.18,115565000,-0.003301003790663004
2013-12-13,143.48029495013844,143.17,107808000,-0.00011232322147258778
2013-12-16,143.8419733370669,144.06,96195000,0.006231867993664819
2013-12-17,144.1876515806599,143.6,89886000,-0.003180260333303986
2013-12-18,143.81788109025376,146.05,234906000,0.01707242122166064
2013-12-19,145.63449050500734,145.88,136531200,-0.0011556991734483768
2013-12-20,146.02916089577758,146.73,197087000,0.005816874259267246
2013-12-23,147.45151883985764,147.52,85598000,0.005342417404879285
2013-12-24,147.52424403809067,147.84,45368800,0.0021913356131084694
2013-12-26,148.170794760669,148.59,63365000,0.005084011908589314
2013-12-27,148.78500576349674,148.58,61814000,-5.4425608049579743e-05
2013-12-30,148.5990994368987,148.56,56857000,-0.00016328571107282475
2013-12-31,148.76079148043308,149.26,86119900,0.004733183010623643
2014-01-02,148.68806937587252,147.83,119636900,-0.009583496259721325
2014-01-03,148.08185959194287,147.81,81390600,-0.00016452870525296426
2014-01-06,148.29207187816553,147.38,108028200,-0.002897379237582265
2014-01-07,147.9687630377575,148.28,86144200,0.006141457697006247
2014-01-08,148.25976702050707,148.32,96582300,0.0002184620048473196
2014-01-09,148.7931429072789,148.41,90683400,0.0006536996685204688
2014-01-10,148.66376657719735,148.82,102026400,0.002722277706871168
2014-01-13,148.43752461272447,146.84,149892000,-0.01330477154878773
2014-01-14,147.32222970376193,148.44,105016100,0.010897595502171287
2014-01-15,148.78500337675126,149.24,98525800,0.005389904873570606
2014-01-16,148.9305266182393,149.04,72290600,-0.001299328843689329
2014-01-17,148.7850655943736,148.41,107848700,-0.004229438868371238
2014-01-21,149.26995548042734,148.85,88621200,0.0029404464996041213
2014-01-22,149.1001952223176,148.95,61270900,0.0006512548316177647
2014-01-23,148.1950460812761,147.73,132496900,-0.008193114755341124
2014-01-24,146.7646076467763,144.57,208677100,-0.02133577705930889
2014-01-27,144.71185243572552,143.86,180843100,-0.004919137871693957
2014-01-28,143.968300471696,144.72,110463200,0.005954568533222071
2014-01-29,143.51569549356637,143.33,216597300,-0.009605388405590554
2014-01-30,144.52594755498018,144.85,118938100,0.010600682638184367
2014-01-31,143.05506227430598,144.0,194677900,-0.005858416629463181
2014-02-03,143.8309250566095,140.76,254837100,-0.022505238563242935
2014-02-04,141.39023532332973,141.75,165012400,0.007004675854470399
2014-02-05,141.2528359017314,141.57,164230500,-0.0012544331179816792
2014-02-06,141.89939342204065,143.43,132877600,0.013187282936195421
2014-02-07,144.1057401528605,145.21,170787200,0.012395971085996438
2014-02-10,145.22902098722184,145.48,92218800,0.0018360404237824923
2014-02-11,145.60087410083523,147.07,117814100,0.010944449362439101
2014-02-12,147.28992056328536,147.14,94717700,0.0004943718385881368
2014-02-13,146.1503602856103,147.9,100542200,0.0051625700398589824
2014-02-14,147.76671451604938,148.72,96498400,0.0055189067045302576
2014-02-18,148.84966198428037,148.9,80460900,0.0011955014180420331
2014-02-19,148.51025789217135,147.91,126524300,-0.00662161732862343
2014-02-20,148.11426258691034,148.79,104998100,0.005901022068741435
2014-02-21,149.06787142231357,148.62,118116400,-0.001140934717305142
2014-02-24,148.9304820546733,149.44,114063900,0.005546810091366705
2014-02-25,149.56085611835937,149.38,117085000,-0.0003786116673657469
2014-02-26,149.6012801257392,149.39,98677200,5.42391966960043e-05
2014-02-27,149.17296825405145,150.18,93880800,0.0052476385524373725
2014-02-28,150.15078322549277,150.55,150842000,0.0025287861785701082
2014-03-03,149.22951657663256,149.5,167748500,-0.007031687390110841
2014-03-04,150.95897757793654,151.6,167545900,0.014055384580210495
2014-03-05,151.72678597031359,151.73,88376900,0.0009064839875632114
2014-03-06,152.10659301636124,152.08,82516500,0.0022900020273335375
2014-03-07,152.71282736589424,152.15,114513500,0.00042581079633041696
2014-03-10,151.91268315252438,152.07,74939200,-0.0005314352100347364
2014-03-11,152.29253362898004,151.31,99009100,-0.004942597257243331
2014-03-12,150.57920026365733,151.36,104824400,0.000267028190028773
2014-03-13,151.80760079899065,149.66,155014300,-0.011213298970360941
2014-03-14,149.3911345491197,149.24,153919600,-0.002808224366757761
2014-03-17,149.98919581433233,150.59,98359500,0.009043770450268385
2014-03-18,150.89439120728747,151.66,101804600,0.0071380903579187915
2014-03-19,151.67827246167994,150.85,176267300,-0.005329030696331616
2014-03-20,150.5226007250749,151.73,117241000,0.005839558405901224
2014-03-21,152.37206992232737,151.15,163128000,-0.0038786833916325536
2014-03-24,151.66582962251672,150.52,121411000,-0.004135469433930061
2014-03-25,151.28437454234975,151.24,103852000,0.004746181330706811
2014-03-26,151.82815648181696,150.15,119843000,-0.007192842248723963
2014-03-27,149.96933926253044,149.83,142383000,-0.002108009174712877
2014-03-28,150.26154144307228,150.57,101642000,0.004929961228582691
2014-03-31,151.5278894553723,151.8,99745000,0.008194669588506232
2014-04-01,152.29897778034012,152.81,89193000,0.006630266974742893
2014-04-02,153.00522902852467,153.32,78774000,0.0033468200017554572
2014-04-03,153.55721640928778,153.12,77435000,-0.0013235340658500627
2014-04-04,153.95497182560158,151.31,169381000,-0.011822160065189102
2014-04-07,150.94339474396224,149.64,140803000,-0.011051549560586182
2014-04-08,149.57154541676357,150.25,112660000,0.00412284531085616
2014-04-09,150.65928702717528,151.87,100254000,0.010750879861171958
2014-04-10,151.86059874845847,148.68,172959000,-0.021006298483493002
2014-04-11,147.85075713358927,147.34,167251000,-0.009007472342153156
2014-04-14,148.49190517330706,148.5,132382000,0.007877562957537831
2014-04-15,148.80854839218824,149.52,157093000,0.006887826242604644
2014-04-16,150.55378589518034,151.09,105197000,0.010477765834541852
2014-04-17,150.88659894666026,151.3,105255000,0.0013968161761230835
2014-04-21,151.34114837015176,151.83,68329000,0.0034871190801193386
2014-04-22,151.98243583799837,152.52,85790000,0.00454462678785128
2014-04-23,152.4613330782689,152.16,73869000,-0.0023420698575109533
2014-04-24,152.90787880816748,152.47,88170000,0.002027873584715234
2014-04-25,151.9743019308565,151.22,100380000,-0.00819945950078882
2014-04-28,151.83634365274807,151.7,135121000,0.0031674075278953495
2014-04-29,152.18541294604555,152.4,84098000,0.0046555404038926
2014-04-30,152.15287373276558,152.86,101508000,0.002982182495832264
2014-05-01,152.78608934894973,152.88,93019000,0.00010661052112070912
2014-05-02,152.85910917304375,152.66,98122000,-0.0014338983920395565
2014-05-05,151.90936621944945,152.95,75883000,0.001914243376089253
2014-05-06,152.60745241288691,151.62,85454000,-0.00870403584491286
2014-05-07,152.12858156145975,152.51,106500000,0.005889670081055787
2014-05-08,152.37205041555015,152.35,93618000,-0.001064942907894495
2014-05-09,152.37207673305127,152.58,83679000,0.001492148940862803
2014-05-12,153.25686930641265,154.06,86940000,0.009736021720233135
2014-05-13,154.26341477587198,154.2,66454000,0.0008957552452788509
2014-05-14,154.06052479663012,153.47,72367000,-0.004737593750445246
2014-05-15,153.15946633500567,152.12,154956000,-0.00878045783141157
2014-05-16,152.20972371382078,152.65,97458000,0.0034685258288766896
2014-05-19,152.35579863745346,153.21,63839000,0.0036689529649507335
2014-05-20,153.13511145775323,152.24,111644000,-0.006304672766140218
2014-05-21,152.68050089247475,153.52,89093000,0.008424184991097317
2014-05-22,153.5653304232436,153.9,61549000,0.0024323662442071736
2014-05-23,154.0361233373915,154.52,61092800,0.0040085787352581725
2014-05-27,155.09139128377007,155.46,72010000,0.006146569442596839
2014-05-28,155.4648702196366,155.35,66723000,-0.0007305265788301041
2014-05-29,155.70833702073242,156.15,64377000,0.005172526578174574
2014-05-30,156.00868747681875,156.41,76316000,0.0016115289004237088
2014-06-02,156.62559628588872,156.59,64656000,0.001141728027759692
2014-06-03,156.2034618217402,156.5,65047000,-0.0005185171831293411
2014-06-04,156.2359489519412,156.82,55529000,0.0020228858707447284
2014-06-05,156.9990401387674,157.84,92103000,0.006522380894278257
2014-06-06,158.18414821381998,158.6,78696000,0.004782580745262166
2014-06-09,158.5738465820147,158.76,65119000,0.0010239671622400692
2014-06-10,158.56573351427292,158.78,57129000,0.00010235925098411869
2014-06-11,158.20847788177082,158.22,68772000,-0.0034770713758250915
2014-06-12,158.03804867617947,157.1,106350000,-0.007079666499990589
2014-06-13,157.4129638355773,157.58,82017000,0.003048270285080479
2014-06-16,157.38868699654614,157.71,87424000,0.000824603471855534
2014-06-17,157.49419381132694,158.15,84834000,0.002779244079666343
2014-06-18,158.1516390049592,159.31,105267000,0.007339287557780683
2014-06-19,159.450499283795,159.49,85929000,0.0011214766367653173
2014-06-20,159.8882384411842,159.81,100587000,0.0020298671846716854
2014-06-23,159.85561961959624,159.77,70611000,-0.0003061977109166669
2014-06-24,159.48042718071758,158.8,96237000,-0.006024114796563063
2014-06-25,158.46908359033011,159.52,82782000,0.0045200777950722415
2014-06-26,159.5456687928006,159.41,84312000,-0.0007161588175679245
2014-06-27,159.03185519651603,159.72,71445100,0.0019445963768383034
2014-06-30,159.61909037853667,159.64,70201200,-0.0005108332084194922
2014-07-01,160.02688185092595,160.7,90470000,0.006693069859621703
2014-07-02,160.7202881610671,160.87,52475000,0.0010157722907802036
2014-07-03,161.32379113553574,161.66,52938800,0.004917768752372487
2014-07-07,161.3482694902469,161.1,61696000,-0.0034813569996012816
2014-07-08,160.80169372835397,160.06,108143000,-0.006430564518336568
2014-07-09,160.45923260274665,160.78,72992000,0.0044848935971029125
2014-07-10,159.22757948312903,160.14,99040000,-0.003957309985865631
2014-07-11,160.04320184425634,160.36,64243000,0.0013751302286058031
2014-07-14,161.17697507850266,161.17,58658000,0.005035664133514972
2014-07-15,161.26676010784493,160.87,111307000,-0.0018721194884476766
2014-07-16,161.5847420792617,161.46,79986400,0.003700610078020805
2014-07-17,160.96493972314016,159.63,145398000,-0.011365483480759053
2014-07-18,160.14927018547343,161.26,124330000,0.010218963449693641
2014-07-21,160.75286390638112,160.96,67592000,-0.0018712672943902442
2014-07-22,161.50323110814816,161.66,67678000,0.004357886073070638
2014-07-23,161.90285615280482,162.02,65612000,0.00221975090311588
2014-07-24,162.1720276748297,162.03,56888000,5.038637876308982e-05
2014-07-25,161.56847284742753,161.27,76837000,-0.004681459236553942
2014-07-28,161.29932271809912,161.33,69259000,0.00040468270018823027
2014-07-29,161.63368219985077,160.64,80466000,-0.004297624214618878
2014-07-30,161.20955753730712,160.66,104222000,0.00015236123823703096
2014-07-31,159.54570589026193,157.49,183479000,-0.01974800402992971
2014-08-01,157.05806067358557,157.01,189261000,-0.003055336617485138
2014-08-04,157.31087448658664,158.14,91340000,0.007220583590466179
2014-08-05,157.49848403427856,156.61,152690000,-0.009696211364517038
2014-08-06,155.8753439591924,156.66,94818000,0.0003123673705291985
2014-08-07,157.36797913257894,155.81,135733000,-0.005414560111552169
2014-08-08,156.16084749838663,157.61,117014000,0.011568897282310031
2014-08-11,158.20805284277233,158.07,74544000,0.002897775106628586
2014-08-12,157.91444941529406,157.85,73632000,-0.0013930563991398914
2014-08-13,158.46898761067294,158.92,69047000,0.00676842144438683
2014-08-14,159.17868874028503,159.67,57371000,0.004722403827698285
2014-08-15,160.24713015101713,159.64,139951000,-0.0002045105860987162
2014-08-18,160.5163164895673,160.97,75424000,0.00837948029538893
2014-08-19,161.36455624911156,161.81,59135000,0.005218810201135904
2014-08-20,161.59289945311446,162.25,72763000,0.0026712968642721435
2014-08-21,162.384048230743,162.72,67791000,0.0029156632964713047
2014-08-22,162.5880227621875,162.47,76107000,-0.0015534629536220201
2014-08-25,163.24050806497303,163.29,63855000,0.005070369146278786
2014-08-26,163.3954620361328,163.4,47298000,0.000649264666648719
2014-08-27,163.47706897456325,163.33,47874000,-0.00039903682055530965
2014-08-28,162.79197002847687,163.24,58330000,-0.0005491398925935309
2014-08-29,163.49335688930495,163.71,65907000,0.0028476928780289956
2014-09-02,163.91749875048535,163.62,72426000,-0.0004982011164738065
2014-09-03,164.25190901917932,163.53,57462000,-0.0005483410166354785
2014-09-04,163.81144686472894,163.3,85236000,-0.0014464364125017504
2014-09-05,163.26499671176148,164.03,102177000,0.004495381742558591
2014-09-08,163.87678029329416,163.61,64146000,-0.002585306894961059
2014-09-09,163.46065982066636,162.57,88591000,-0.0063321957857672695
2014-09-10,162.66140971330194,163.18,67251000,0.0037632714096307307
2014-09-11,162.53093305580742,163.37,66774400,0.0011496682980205453
2014-09-12,163.2079118092664,162.42,117409300,-0.005841210966906263
2014-09-15,162.4412079911221,162.29,76401000,-0.0007533719949673889
2014-09-16,161.9926404814978,163.52,116201000,0.007538647768806861
2014-09-17,163.75438374609155,163.74,151266000,0.0013466392853433984
2014-09-18,164.23558278897806,164.61,94990000,0.005329922322211189
2014-09-19,165.1343524012045,164.46,121649000,-0.0009013775763510035
2014-09-22,164.17563420531906,163.19,125553000,-0.007722805126789134
2014-09-23,162.6023438533321,162.26,111393000,-0.005723999225804244
2014-09-24,162.28276133983877,163.53,107276000,0.00782790495772323
2014-09-25,163.1021449633603,160.89,150300000,-0.01613587096080693
2014-09-26,161.18462324717908,162.17,103547000,0.007945228708778673
2014-09-29,160.77493372077427,161.87,95112000,-0.0018189022246196673
2014-09-30,161.99597145839084,161.45,131302000,-0.0026319440961914964
2014-10-01,161.18462749070864,159.26,177798000,-0.01355246169234281
2014-10-02,159.1197009773437,159.28,157285000,0.0001548308865391146
2014-10-03,160.34887339111953,161.04,121569000,0.011009396664945603
2014-10-06,161.70911274412595,160.85,104778000,-0.0011706755949434378
2014-10-07,160.0210799166851,158.37,147913000,-0.01543621423381003
2014-10-08,158.45592716555933,161.14,186461000,0.017489346650786608
2014-10-09,160.88149927159859,157.94,210705000,-0.019833095600575668
2014-10-10,157.89872992574305,156.14,221909000,-0.011414357394488706
2014-10-13,156.07135949951424,153.57,230939000,-0.016427025457584565
2014-10-14,154.39967796092162,153.81,215847000,0.0015473200948521448
2014-10-15,151.72831191809112,152.77,380715000,-0.006766023771062724
2014-10-16,150.0074419733047,152.64,270391000,-0.0008583811873686953
2014-10-17,154.3996686014104,154.44,214625000,0.011810831952535628
2014-10-20,154.16205402227678,155.94,130011000,0.009709900446794872
2014-10-21,157.07108752663473,159.03,154949000,0.019810953354795213
2014-10-22,159.30815724730238,157.9,151822000,-0.007111000577423421
2014-10-23,159.48024246117586,159.73,154944000,0.011624895511714861
2014-10-24,159.99650165661532,160.96,117927000,0.00769510366729409
2014-10-27,160.38977429362376,160.74,82954000,-0.0013748352908834471
2014-10-28,161.2830544095496,162.59,106736000,0.011470708764820703
2014-10-29,162.70066062507817,162.34,142557000,-0.0015122145604685722
2014-10-30,161.90579619114183,163.38,113330000,0.006410585987319806
2014-10-31,165.3474595577077,165.25,146903000,0.011435443627184627
2014-11-03,165.46214500736863,165.34,93600000,0.0005452564214909472
2014-11-04,164.89675709010544,164.77,93343000,-0.0034690972558046873
2014-11-05,165.97022178750694,165.81,91709000,0.006316121696427146
2014-11-06,165.84735005422223,166.47,107089000,0.004003392512104353
2014-11-07,166.48642844862312,166.63,89540000,0.0009347571070597027
2014-11-10,166.65856376537008,167.15,66319000,0.003147715234747661
2014-11-11,167.2158033747303,167.31,54499400,0.000980614380196032
2014-11-12,166.63397340571314,167.13,90120300,-0.001077600849750615
2014-11-13,167.2976833062874,167.32,85357900,0.0011274245356391877
2014-11-14,167.2485443183841,167.36,80417500,0.00024503831607702864
2014-11-17,167.0436856660943,167.47,80441000,0.0006364694535234694
2014-11-18,167.52719913961997,168.44,76068100,0.005774147403715624
2014-11-19,168.2400677695883,168.17,82373000,-0.0016057183685032062
2014-11-20,167.37967708147525,168.46,72840300,0.0017543862832851698
2014-11-21,170.14941924650242,169.36,142327300,0.00535076863518813
2014-11-24,169.76426571286387,169.84,65880800,0.0028061985933058864
2014-11-25,170.067442893027,169.72,79108300,-0.0007237767490133606
2014-11-26,169.86261878889064,170.15,62167800,0.002559238757510851
2014-11-28,170.02650999557414,169.79,57890100,-0.002119108991344487
2014-12-01,169.13322352654444,168.61,103968400,-0.006950304040977517
2014-12-02,168.6497971889028,169.7,74507200,0.006464104572466267
2014-12-03,169.87076377185514,170.35,68952000,0.003863012237787622
2014-12-04,170.0674754358954,170.17,91316600,-0.0011060219887705225
2014-12-05,170.33792622036373,170.44,91025500,0.0016374660408051689
2014-12-08,170.05101009737956,169.31,108588200,-0.006683378918713401
2014-12-09,167.4698357131623,169.19,125180100,-0.0006771156800722267
2014-12-10,168.73172736344725,166.48,159856400,-0.01603172055035673
2014-12-11,167.06823999582156,167.32,159012800,0.005069787601994058
2014-12-12,166.05219157997044,164.62,202330200,-0.016161038415296036
2014-12-15,165.51130192736488,163.49,189965800,-0.0068697758781270934
2014-12-16,162.72520400186747,162.18,259543800,-0.008019561143600362
2014-12-17,162.61049107357402,165.36,253910100,0.019604872916638927
2014-12-18,167.7730109550758,169.44,257633900,0.024728825424163325
2014-12-19,170.09148283703885,170.17,245084600,0.004254945146778155
2014-12-22,170.35512246158166,170.95,148318900,0.004599812625134758
2014-12-23,171.5251722233269,171.18,122167900,0.0013496948614926119
2014-12-24,171.40157886013054,171.2,42963400,9.62704643818757e-05
2014-12-26,171.6405609325497,171.75,57326700,0.0032249283700822584
2014-12-29,171.5664100539476,171.98,79643900,0.0013433246360763373
2014-12-30,171.55816232914077,171.06,73540800,-0.005366090143216429
2014-12-31,171.37683697622663,169.36,130333800,-0.009923288377041928
2015-01-02,170.05028038689574,169.27,121465900,-0.0005350005986997086
2015-01-05,168.2293645019027,166.21,169632600,-0.01805930976105452
2015-01-06,166.51546104230036,164.65,209151400,-0.009419265842212421
2015-01-07,165.9633711897825,166.7,125346700,0.012460961027615847
2015-01-08,168.09745793044928,169.65,147217800,0.01774512375012982
2015-01-09,170.0667969857068,168.3,158567300,-0.008013225532162882
2015-01-12,168.42708807890264,166.98,144396100,-0.007833699732868515
2015-01-13,168.1881196100647,166.51,214553300,-0.0028127575276902794
2015-01-14,164.50499337901047,165.5,192991100,-0.006037177776323732
2015-01-15,166.13648597313863,163.99,176613900,-0.009160418091302525
2015-01-16,163.77988329733623,166.14,211879600,0.013113914213311206
2015-01-20,166.77088362357995,166.49,130991100,0.002132639328532804
2015-01-21,166.0293228645679,167.33,122942700,0.005048053195556124
2015-01-22,168.08099434477484,169.82,174356000,0.01487094410041312
2015-01-23,169.564119738954,168.89,117516800,-0.005482827079343333
2015-01-26,168.67428432824417,169.28,92009700,0.0023420090303141183
2015-01-27,167.24059532939023,167.05,134044600,-0.013190409364463251
2015-01-28,168.22940066069646,164.91,168514300,-0.01282405876582271
2015-01-29,165.1065029059678,166.43,173585400,0.009243148994065642
2015-01-30,165.26301548511046,164.34,197729700,-0.012575179747911447
2015-02-02,164.83456751474483,166.38,163107000,0.01238417458844987
2015-02-03,167.26527603406157,168.78,124212900,0.014461217635276968
2015-02-04,168.0233627649167,168.14,134306700,-0.0038076146144705447
2015-02-05,168.79788093032147,169.84,97953200,0.01009498110514806
2015-02-06,170.1986267298921,169.37,125672000,-0.0027653151371243023
2015-02-09,168.72372279474547,168.61,87219000,-0.004475837773584179
2015-02-10,169.63830363592191,170.4,96164200,0.010653201227375675
2015-02-11,170.23980087623477,170.5,91087800,0.0005802481904180201
2015-02-12,171.2944882673973,172.14,97545900,0.009616868986939808
2015-02-13,172.26676666191346,172.85,93670400,0.004116357866698506
2015-02-17,172.53868091400219,173.12,76968200,0.0015731795529208004
2015-02-18,172.75296268946624,173.14,80652900,9.545352986362055e-05
2015-02-19,172.54691643643517,173.02,91462500,-0.0007142027465079082
2015-02-20,172.60460433909398,174.05,140896400,0.0060007157715082915
2015-02-23,173.80756998498592,174.03,74411100,-0.00014219519753688736
2015-02-24,173.9558749322599,174.52,72472300,0.0028407135566630437
2015-02-25,174.4008471530005,174.38,73061700,-0.0008496513963729413
2015-02-26,174.2854598287468,174.17,72697900,-0.0011814929653828354
2015-02-27,174.07124638593027,173.58,108076000,-0.003406044919352813
2015-03-02,173.67573928656043,174.67,87491400,0.006313461855944613
2015-03-03,174.24426499906545,173.96,110325800,-0.004104092885053867
2015-03-04,173.36262229593285,173.22,114497200,-0.004215564193870147
2015-03-05,173.5438887354121,173.41,76873000,0.001094050172859129
2015-03-06,172.55520578872256,170.97,188128000,-0.01406403476438911
2015-03-09,171.1709223977097,171.68,89818900,0.00414443717877333
2015-03-10,170.32224644132774,168.9,157121300,-0.016221894340201493
2015-03-11,169.1521336644157,168.5,110145700,-0.0023420746151870953
2015-03-12,169.1274308715226,170.64,93993500,0.012714057319208383
2015-03-13,170.37165315238914,169.6,162410900,-0.006132181973201978
2015-03-16,170.32220773195343,171.86,136099200,0.01336048412208779
2015-03-17,171.12971349315757,171.35,94510400,-0.0029723307243979535
2015-03-18,170.88247940984445,173.41,228808500,0.012021296669726178
2015-03-19,173.00006294875075,172.62,117917300,-0.004561567790461907
2015-03-20,173.56545687267092,174.14,177715100,0.008827274228375925
2015-03-23,174.15307511417527,173.81,71784500,-0.0019486094241583096
2015-03-24,173.68130020424437,172.83,77805300,-0.005619148914689065
2015-03-25,173.035703232279,170.3,159521700,-0.014654028469493263
2015-03-26,169.63407240858214,169.89,153067200,-0.002381427908761724
2015-03-27,169.7748144147788,170.28,118939000,0.002289932425617369
2015-03-30,171.30598857023364,172.36,96180400,0.012200064716456849
2015-03-31,171.5376700193974,170.85,126768700,-0.008739867178311544
2015-04-01,170.81759788900095,170.25,137303600,-0.003536433788254967
2015-04-02,170.18037952911976,170.86,86900900,0.0035979212130272664
2015-04-06,169.9734029747544,172.01,114368200,0.006732801550071388
2015-04-07,172.03424998076227,171.55,81236300,-0.002646367910606795
2015-04-08,171.77770943669464,172.13,89351900,0.0033772193966064012
2015-04-09,171.96806125782373,172.9,85548900,0.004423476149653105
2015-04-10,173.1433128000492,173.84,72722900,0.00545713789471014
2015-04-13,173.6978233352913,173.05,74436600,-0.004522991162221546
2015-04-14,172.85360865386662,173.38,75099900,0.0019129448302126484
2015-04-15,173.8468498958192,174.16,99529300,0.004487431320035151
2015-04-16,173.8302523325971,174.11,68934900,-0.0002853553730129965
2015-04-17,172.9281376944782,172.11,191113200,-0.01150344579298812
2015-04-20,173.02745832216522,173.68,92189500,0.009136898323657716
2015-04-21,174.35995399162735,173.47,72559800,-0.0011914030618206395
2015-04-22,173.81375570944525,174.33,78264600,0.004914407541259491
2015-04-23,173.92961904216637,174.77,102585900,0.0025162175107100726
2015-04-24,175.1793355574748,175.17,61327400,0.0023202646193041243
2015-04-27,175.7338886399546,174.44,79358100,-0.004157574775631723
2015-04-28,174.41795009306733,175.0,86863500,0.003178893171012831
2015-04-29,174.1116063475541,174.28,125684900,-0.0041152281315725014
2015-04-30,173.70612282130784,172.53,161304900,-0.010020113948983833
2015-05-01,173.30885448866758,174.4,103399700,0.010841441965553589
2015-05-04,174.82345157006768,174.9,70927200,0.002847439452430711
2015-05-05,174.6579072601889,172.9,113326200,-0.01145199069770042
2015-05-06,173.4412512361962,172.18,135060200,-0.004116902812569712
2015-05-07,172.08391812981014,172.87,88244900,0.003989649244075855
2015-05-08,174.53376057319656,175.15,155877300,0.013166131472422737
2015-05-11,175.10481678324288,174.31,75708100,-0.004772798117365307
2015-05-12,173.48265481073378,173.79,119727600,-0.002991176685314012
2015-05-13,174.19445924084596,173.82,94667900,0.0001907031678851645
2015-05-14,174.8317049590112,175.63,95934000,0.010427332420379853
2015-05-15,175.8248748779297,175.82,76510100,0.0010838039808229727
2015-05-18,175.65936438184937,176.37,74549700,0.0031068678354910784
2015-05-19,176.48698235205978,176.31,72114600,-0.0003286713450063594
2015-05-20,176.41243504366386,176.19,76857500,-0.0007043789366552033
2015-05-21,176.04840587671254,176.7,64764600,0.0029131213961088864
2015-05-22,176.32149299834063,176.28,57433500,-0.002388872606529091
2015-05-26,175.79177471205736,174.38,124308600,-0.010751864456896354
2015-05-27,174.84000214283043,176.04,93214000,0.009492250107429046
2015-05-28,175.73384804161094,175.84,74974600,-0.0011283732122570056
2015-05-29,175.7752313862801,174.75,124919600,-0.006212976545792226
2015-06-01,175.41111357760153,175.1,93338800,0.0020368750615049613
2015-06-02,174.64966450089207,174.93,91531000,-0.0009927085764199761
2015-06-03,175.46069857346305,175.39,87820900,0.0026491846589258294
2015-06-04,174.69104377421863,173.91,151882800,-0.00844627497672179
2015-06-05,173.7640518137594,173.62,121704700,-0.0017133482710255388
2015-06-08,173.50746485022844,172.55,89063300,-0.0061497421611704794
2015-06-09,172.52256774902344,172.52,105034700,-0.0001438795988633057
2015-06-10,173.2840701770229,174.59,134551300,0.011993696689116762
2015-06-11,175.0303409262258,175.15,73876400,0.003223200048592778
2015-06-12,174.33511048163183,173.81,135382400,-0.007654985114024182
2015-06-15,172.67977737077655,173.07,124384200,-0.004285731592528652
2015-06-16,172.9198318415462,174.01,85308200,0.0054519237169745605
2015-06-17,174.29376220703125,174.29,126708600,0.0016173170425441974
2015-06-18,174.88962332225375,176.11,165867900,0.010399109968416864
2015-06-19,175.8651175741638,175.32,130478700,-0.00443901466905805
2015-06-22,176.2393847741394,176.22,70696000,0.005123207277798469
2015-06-23,176.43066056771565,176.35,68476800,0.0007078575390595532
2015-06-24,176.08138155796942,175.07,92307300,-0.007262629434402701
2015-06-25,175.56568477605794,174.53,97107400,-0.0030407453072707202
2015-06-26,174.89204853122945,174.5,104174800,-0.0001904131274201859
2015-06-29,173.02911037205925,170.84,202621300,-0.020970419222132275
2015-06-30,172.3720324193642,171.2,182925100,0.002093014926642267
2015-07-01,172.76299706736512,172.57,135979900,0.00801597329987569
2015-07-02,173.0457283654755,172.41,104373700,-0.0009159426543327021
2015-07-06,171.1329345465305,171.92,117975400,-0.0028456627538288037
2015-07-07,172.12256625817042,173.0,173820200,0.006288370960279455
2015-07-08,171.67352700035016,170.1,164020100,-0.016776858068165312
2015-07-09,172.18912259799822,170.41,144113100,0.001808790142398653
2015-07-10,172.39701898396842,172.56,129456900,0.01259139213321836
2015-07-13,173.81089249005686,174.46,106069400,0.011037384312265308
2015-07-14,174.4180032755056,175.22,81709600,0.004337998268928889
2015-07-15,175.2579690339328,175.16,97914100,-0.00033231785959431104
2015-07-16,176.20608041745504,176.56,106683300,0.008024363442431293
2015-07-17,176.55537469499166,176.71,89030000,0.0008477887362321468
2015-07-20,176.93797150333708,176.8,70446800,0.0005178269504706456
2015-07-21,176.67183808770818,176.11,77965000,-0.00395120913057867
2015-07-22,175.4243307306454,175.79,88667900,-0.0017945980622812163
2015-07-23,175.92326688782833,174.8,90509100,-0.005630353512246056
2015-07-24,174.90040988170279,172.99,117755000,-0.01037149456961528
2015-07-27,172.10594413765847,171.98,132361100,-0.005817633071718897
2015-07-28,172.8128479541322,174.09,123544800,0.012282983196017394
2015-07-29,174.21842764747723,175.29,105791300,0.006879415219029905
2015-07-30,174.7839494162609,175.33,91304400,0.00023711926211000822
2015-07-31,175.83187772497988,175.07,103266900,-0.0015177604956532198
2015-08-03,175.0333962287401,174.48,113965700,-0.003373434413179832
2015-08-04,174.40130557986927,174.14,81820800,-0.001954353809140219
2015-08-05,175.02510217498823,174.71,85786800,0.0032957058033811215
2015-08-06,174.8921024690005,173.28,116030800,-0.008187351776032581
2015-08-07,173.12060983404416,172.95,117858000,-0.0019201318493471398
2015-08-10,174.0520006230481,175.12,80270700,0.012598787420640578
2015-08-11,173.79421197816612,173.54,126081400,-0.009023015891894248
2015-08-12,172.24736322543484,173.75,172123700,0.0011984075862452315
2015-08-13,173.59463308337382,173.54,89383300,-0.0012446588477302845
2015-08-14,173.34512893495634,174.17,72786500,0.0036422602782426594
2015-08-17,173.5780232663594,175.14,79072600,0.005586936253505037
2015-08-18,174.86709837687528,174.63,71692700,-0.0028966524619062906
2015-08-19,173.89405478493381,173.25,172946000,-0.007905404265978966
2015-08-20,171.74839482739665,169.64,194327900,-0.02088106649493815
2015-08-21,167.7729763340102,164.53,346588500,-0.030102645777350556
2015-08-24,155.92998481904203,157.6,507244300,-0.04210690127420991
2015-08-25,162.53341809100982,155.75,369833100,-0.01176792823718964
2015-08-26,159.74728923668474,161.73,339257000,0.038393519763574746
2015-08-27,163.85577631670665,165.73,274143900,0.024735352727952797
2015-08-28,165.08663417206137,165.74,160414400,5.008706771247873e-05
2015-08-31,164.762360651009,164.4,163298800,-0.008078620973222206
2015-09-01,160.61224984210565,159.49,256000400,-0.029848103061068776
2015-09-02,161.859848850035,162.52,160269300,0.018981652274943306
2015-09-03,163.22373426626356,162.63,152087800,0.000716102763516302
2015-09-04,160.38772080389563,160.17,207081000,-0.01513698249060147
2015-09-08,162.95758069865377,164.2,116025700,0.025131089860167544
2015-09-09,165.76862468873168,162.0,149347700,-0.013371869505229173
2015-09-10,161.80984341832135,162.88,158611100,0.005441697850419258
2015-09-11,162.491776193832,163.62,119691200,0.004544023376436224
2015-09-14,163.79753478393275,163.02,79452000,-0.003710277550881047
2015-09-15,163.51482469901157,165.05,113806200,0.012499764822082371
2015-09-16,165.35281124045304,166.48,99581600,0.00866659067475739
2015-09-17,166.35079551829418,166.11,276046600,-0.0022480710884658084
2015-09-18,163.61250836101726,163.4,223657500,-0.016341392772234897
2015-09-21,164.22273271794728,164.24,105726200,0.005167317503565361
2015-09-22,162.08258720585093,162.11,153890900,-0.012979768752025889
2015-09-23,162.27489386503237,161.85,92790600,-0.0015984731766750526
2015-09-24,160.6363554974167,161.26,159378800,-0.003615663229220689
2015-09-25,162.71795148101944,161.22,155054800,-0.00025935428258638815
2015-09-28,160.32705749538601,157.18,178515900,-0.02509697785707754
2015-09-29,157.39272558422127,157.27,159045600,0.0005851090475508247
2015-09-30,159.14826840780825,160.2,163452000,0.01865810987854366
2015-10-01,160.57782662959664,160.62,131079000,0.002609207337783692
2015-10-02,158.64670311133017,163.02,211003300,0.014937915907937027
2015-10-05,164.23951616905288,165.92,126320800,0.01779492137957117
2015-10-06,165.78608489375063,165.35,110274500,-0.0034263330575614592
2015-10-07,166.27935350037825,166.71,124307300,0.008190769187042202
2015-10-08,166.32110868153157,168.21,153055200,0.009026357898683335
2015-10-09,168.35254750831385,168.31,107069200,0.0005961624446506608
2015-10-12,168.38599994500169,168.47,56395600,0.0009438449856773445
2015-10-13,167.74226006682724,167.41,88038700,-0.006302247006201744
2015-10-14,167.34936598496148,166.61,99106200,-0.004793896625377547
2015-10-15,167.26581694880204,169.16,134142200,0.01535483288359818
2015-10-16,169.56474708986744,169.93,114580100,0.004546241347767932
2015-10-19,169.28886328208705,170.02,76523900,0.0004918870954795374
2015-10-20,169.5814741668147,169.8,78448500,-0.0012783853788037591
2015-10-21,170.21681363382163,168.75,102038000,-0.006203576296628599
2015-10-22,169.69017062421008,171.6,174911700,0.016893899874155682
2015-10-23,173.25987988418584,173.48,144442300,0.01096175962238477
2015-10-26,173.30167372036806,173.05,69033000,-0.002457735083917667
2015-10-27,172.38207097188328,172.72,77905800,-0.00193235871561237
2015-10-28,173.05088906637462,174.68,135906700,0.011374708712591053
2015-10-29,174.17943001429148,174.58,90525500,-0.0005746032525268951
2015-10-30,174.7729858520625,173.83,131076900,-0.004309729619508151
2015-11-02,174.15440076958672,175.88,86270800,0.011831184868836164
2015-11-03,175.53373275768294,176.39,95246100,0.002899071753956095
2015-11-04,176.68741072610385,175.86,96224500,-0.0030331628923696563
2015-11-05,175.91826621534747,175.68,78408700,-0.00099842552970697
2015-11-06,175.34151223970306,175.59,110471500,-0.000523031858129297
2015-11-09,174.9819896555417,173.95,131008700,-0.009331732190947961
2015-11-10,173.47721420953502,174.36,75874600,0.002306883079825406
2015-11-11,174.62252780808376,173.67,67846000,-0.003931727304789856
2015-11-12,172.63287117466905,171.25,121315200,-0.013959719561495887
2015-11-13,170.83551826650861,169.32,153577100,-0.0112281158221893
2015-11-16,169.13838458610218,171.9,117645200,0.015206489130562106
2015-11-17,172.20649496162457,171.77,121123700,-0.0007293981635180247
2015-11-18,172.2483040638369,174.5,121342500,0.015866151857005795
2015-11-19,174.38006807423167,174.35,88220500,-0.0008624636712427636
2015-11-20,175.09904860954077,174.98,94011500,0.0036443260320493387
2015-11-23,175.0405588809586,174.78,64931200,-0.0011464452827661953
2015-11-24,173.7782215369867,175.02,98874400,0.00133938930761901
2015-11-25,175.14084458837866,174.99,51980100,-0.0001435942825935843
2015-11-27,175.08235665055602,175.19,37317800,0.001146739292035237
2015-11-30,175.34985149569619,174.46,112822700,-0.004151700327140073
2015-12-01,175.0906336193085,176.13,97858400,0.009535272760158087
2015-12-02,176.0771817386264,174.33,108441300,-0.010204566081556843
2015-12-03,174.58071219432287,171.89,166224200,-0.014003025675175085
2015-12-04,171.8888317671986,175.24,192913900,0.019503049515286586
2015-12-07,174.91514042477857,174.18,102027100,-0.006058458257815591
2015-12-08,172.6245438339615,173.01,103372400,-0.006719388987813102
2015-12-09,172.37368627546385,171.66,162401500,-0.00777998582506545
2015-12-10,171.72996048348293,172.11,116128900,0.0025810409709698945
2015-12-11,169.9994971174157,168.77,211173300,-0.0193808947820443
2015-12-14,168.92941156039979,169.62,182385200,0.005052371270178435
2015-12-15,171.12803574731873,171.4,154069600,0.010497613847465948
2015-12-16,172.52421781730214,173.91,197017000,0.014632434939977124
2015-12-17,174.22122481428542,171.26,173092500,-0.015238523903717494
2015-12-18,170.52345188854935,168.21,251393500,-0.017814978045787244
2015-12-21,169.3797258906182,169.6,99094300,0.008249105440543358
2015-12-22,170.481434581934,171.14,111026200,0.00907447808997719
2015-12-23,172.13813080808546,173.26,110987200,0.012383221317336712
2015-12-24,173.00430332569002,172.97,48539600,-0.0016505283434493645
2015-12-28,172.28109485418102,172.58,65899900,-0.002284884046611646
2015-12-29,173.66865172260543,174.42,92640700,0.010671708619277354
2015-12-30,174.1732746058439,173.18,63317700,-0.007087554459083489
2015-12-31,172.50816240776243,171.45,114877900,-0.010003361356384355
2016-01-04,168.6060448318298,169.05,222353500,-0.013979555628574447
2016-01-05,169.37134067094848,169.34,110845800,0.0016914920656927457
2016-01-06,166.7979853204654,167.2,152112600,-0.012614127087051119
2016-01-07,164.26661046060315,163.19,213436100,-0.023991926063505087
2016-01-08,164.14897827044425,161.4,209817200,-0.010975956515815954
2016-01-11,162.31553754955007,161.56,187941300,0.0009892748201478785
2016-01-12,162.99677138132162,162.86,172330500,0.008068543090047342
2016-01-13,163.52656949568546,158.8,221168900,-0.024940651181476703
2016-01-14,159.4058037645922,161.41,240795600,0.016416713221252488
2016-01-15,157.06796280692814,157.94,324846400,-0.021465800352032938
2016-01-19,159.7506058262848,158.15,195244400,0.001330799066827204
2016-01-20,155.60465563792062,156.13,286547800,-0.012814843923591002
2016-01-21,156.597024650623,157.0,195772900,0.005602100181618663
2016-01-22,159.5992809918334,160.22,168319600,0.020515303575196375
2016-01-25,159.71701684850765,157.8,130371700,-0.015116544954074107
2016-01-26,158.45557374176562,159.95,141036800,0.013643209362615094
2016-01-27,159.43107369909765,158.21,185681700,-0.010883415228997051
2016-01-28,159.75062657180015,159.04,143798800,0.005209016488306961
2016-01-29,159.80105825951978,162.91,210529300,0.024377192957207194
2016-02-01,161.91190825024958,162.85,136061600,-0.0003612558741544758
2016-02-02,161.43255607374383,159.92,182564900,-0.018022192143644644
2016-02-03,160.97005542223505,160.88,205054900,0.005995168713829546
2016-02-04,160.38135915486075,161.13,139531800,0.0015681091759853771
2016-02-05,160.61682760894226,158.06,180788300,-0.019050164188653462
2016-02-08,156.22699232255783,155.93,191526700,-0.01346084301816508
2016-02-09,154.2002692220299,155.94,184513100,5.401595936738168e-05
2016-02-10,156.76517780220183,155.81,148214100,-0.0008631323219717713
2016-02-11,153.34249234893878,153.78,219058900,-0.01300762623748486
2016-02-12,155.5457773093388,156.95,127632400,0.020616458656496528
2016-02-16,158.74985313176506,159.6,120250700,0.01687817327974006
2016-02-17,160.75975377794992,162.21,136009500,0.016334631834519664
2016-02-18,162.47537771176306,161.54,102343000,-0.0040955389320781466
2016-02-19,160.76821050040357,161.47,114793000,-0.00046850751076099595
2016-02-22,163.0387764541717,163.8,103640300,0.014478848216521678
2016-02-23,163.14812878315922,161.74,111455300,-0.012629455458249339
2016-02-24,160.31410153035105,162.48,150812200,0.004575882696187694
2016-02-25,162.92109906093668,164.44,110728300,0.012111772863734771
2016-02-26,165.30943331309925,164.06,129833700,-0.002301485401300374
2016-02-29,164.08162778086034,162.78,125918100,-0.007842431513697234
2016-03-01,163.99751126866474,166.6,141799700,0.023506849145566333
2016-03-02,166.29334913145038,167.35,102415000,0.00449233665067128
2016-03-03,167.17640731481302,168.01,95172200,0.003919893825875542
2016-03-04,168.20238195697334,168.56,129293600,0.003253490534061765
2016-03-07,167.63895778143177,168.69,100219000,0.0007984459092276186
2016-03-08,167.62209211288447,166.85,123974900,-0.010918132414387771
2016-03-09,167.65572339935795,167.67,94801200,0.004939560527998488
2016-03-10,168.16036284896478,167.81,156838700,0.0008027418991412016
2016-03-11,169.25352978520115,170.51,137964500,0.01613661908909636
2016-03-14,170.0104448295785,170.3,73612000,-0.0012820730800447988
2016-03-15,169.3376611930471,170.02,93169100,-0.0016296698108685392
2016-03-16,169.53949802238395,171.0,129303200,0.005787196692261132
2016-03-17,170.91874449403795,172.09,134278500,0.006344430070283957
2016-03-18,172.5863805581569,172.76,138372400,0.00392944136335549
2016-03-21,172.50184137839855,173.01,72926700,0.0014187986403768615
2016-03-22,172.23982817229395,172.92,97471900,-0.000537204853735318
2016-03-23,172.53568908181504,171.77,81052500,-0.006599496586196518
2016-03-24,170.75208193230722,171.7,84360900,-0.00044299588156848646
2016-03-28,172.11297616891704,171.8,62408200,0.0005905378506767534
2016-03-29,171.39449392325025,173.39,92922900,0.009250296138261227
2016-03-30,174.38689252345583,174.15,86365300,0.0043877415693345245
2016-03-31,174.05720835400936,173.73,94584100,-0.002427033898215969
2016-04-01,172.73853216040445,174.91,114423500,0.006811964929144487
2016-04-04,174.83488420050253,174.34,63497000,-0.0032379929625537818
2016-04-05,173.0090000159627,172.6,99662200,-0.009987967632686834
2016-04-06,172.60329540527508,174.49,91839800,0.010921409259611714
2016-04-07,173.40640028394148,172.4,113859000,-0.011965527346235127
2016-04-08,173.5753502516864,172.87,95040600,0.0026961248979726626
2016-04-11,173.49933441929358,172.46,83757500,-0.002346829789299898
2016-04-12,172.62868429513696,174.07,115350600,0.009312872506716197
2016-04-13,174.97862148284912,175.82,96336400,0.010100924210852957
2016-04-14,175.8830809528281,175.83,65212900,4.7905035556849995e-05
2016-04-15,175.83235650917135,175.64,75761600,-0.0011056681525483114
2016-04-18,175.63796167189994,176.87,82531000,0.007026822562283375
2016-04-19,177.29478380823682,177.43,88316100,0.0031542965439044224
2016-04-20,177.47228672666824,177.6,81100300,0.0009528679519377192
2016-04-21,177.61595805683808,176.64,85695000,-0.0053785788530315015
2016-04-22,176.28883236045968,176.64,99251700,0.0
2016-04-25,176.04372158929198,176.34,66166500,-0.0017225365938607906
2016-04-26,176.70304102989175,176.6,75864200,0.0014859053158495783
2016-04-27,176.22121334134943,176.97,77329400,0.002058189717553338
2016-04-28,176.21279280844107,175.36,97216200,-0.009075597124366563
2016-04-29,174.7419313037964,174.41,142424100,-0.005398992667195679
2016-05-02,174.91099343793363,175.8,62188000,0.007948447816073179
2016-05-03,174.5728811144659,174.27,106422100,-0.008703135585165889
2016-05-04,173.27953563715295,173.3,92243800,-0.0055783865757979
2016-05-05,173.76134717440914,173.26,67619200,-0.00019511928823723323
2016-05-06,172.4933781956375,173.9,89315000,0.0036590245002636745
2016-05-09,173.769776395584,174.04,74374900,0.0008262195183481591
2016-05-10,174.74195220828219,176.2,77472200,0.012434263205640006
2016-05-11,175.74787107035834,174.56,81727000,-0.009354741413613255
2016-05-12,175.2237449131014,174.61,89586300,0.0002903922051809005
2016-05-13,174.31086549718907,173.09,96474600,-0.008713956093595154
2016-05-16,173.25415031159903,174.79,77486800,0.00986475815831156
2016-05-17,174.52215440321876,173.16,114924900,-0.009333309355884278
2016-05-18,172.81463384148617,173.21,120062100,0.00029290748837729197
2016-05-19,172.49335186671925,172.61,115430500,-0.0034653212841835312
2016-05-20,173.22033244954835,173.7,104990400,0.006317470925401469
2016-05-23,173.71911228682396,173.47,58682600,-0.001362293340196885
2016-05-24,174.27698484825916,175.71,93537800,0.012962080224048877
2016-05-25,176.39020025566197,176.91,76621400,0.006782803108793534
2016-05-26,177.04117041438258,176.96,55280700,0.00028713867987462116
2016-05-27,177.11721817510207,177.72,64211200,0.004299117963823429
2016-05-31,177.98789472041207,177.38,109879400,-0.0019025684717298708
2016-06-01,176.7707017382697,177.74,69936200,0.002049510319725334
2016-06-02,177.3454608924536,178.28,63044700,0.0030433822982134373
2016-06-03,177.7258320023859,177.75,101757100,-0.0029871609081955075
2016-06-06,178.10621278302153,178.66,64887000,0.005088460895955826
2016-06-07,178.80784042031084,178.93,60974800,0.0015614460004622632
2016-06-08,179.0699324060628,179.52,66170900,0.003259922262605075
2016-06-09,178.79094999932,179.27,73786900,-0.001365673859368699
2016-06-10,177.903384549395,177.57,113829200,-0.009477546725752295
2016-06-13,176.9735632979286,176.2,117751200,-0.007711641128901658
2016-06-14,175.82390517781542,175.86,125059300,-0.001967140373166032
2016-06-15,175.85771277035158,175.61,109124500,-0.0013939249168613
2016-06-16,175.61260180337405,176.14,149533100,0.0029844609575890857
2016-06-17,176.03299949147097,175.48,117055700,-0.003724326868916328
2016-06-20,177.4350530994981,176.61,82789600,0.006440265095623898
2016-06-21,176.99322465722165,177.11,72461700,0.002838686310993488
2016-06-22,177.29058387712084,176.82,95560500,-0.001631311672799618
2016-06-23,178.2762123937077,179.13,102731400,0.013022371119670861
2016-06-24,173.02507882083157,172.69,333444400,-0.035908932775293945
2016-06-27,171.2916855752167,169.6,230775800,-0.017909807103132835
2016-06-28,171.1982381126016,172.66,159382400,0.018036147148387638
2016-06-29,174.0532194520448,175.6,137328600,0.017027460207426515
2016-06-30,176.0670172955163,178.0,165021900,0.01364551805723635
2016-07-01,177.99584892144873,178.37,106055300,0.0021005329128209738
2016-07-05,177.54551930273485,177.09,109803700,-0.007193122661283469
2016-07-06,176.59382993181467,178.15,96021500,0.005997646126815415
2016-07-07,178.3271955191567,178.04,85593800,-0.0006202056862780747
2016-07-08,179.329889804336,180.69,133971000,0.014890660013208823
2016-07-11,181.14821449870038,181.33,73633900,0.0035267011950435023
2016-07-12,182.28680301556167,182.64,101275600,0.007263311252994953
2016-07-13,183.0601050194701,182.62,87324100,-0.00013918435627990888
2016-07-14,183.87579431169166,183.64,91230900,0.005583356380769899
2016-07-15,184.19864912093422,183.39,107155400,-0.0013420145357349034
2016-07-18,183.51042107944764,183.88,58725900,0.002687469511157614
2016-07-19,183.46796413752753,183.7,54345700,-0.0010164267136756333
2016-07-20,183.6973541434992,184.46,58159500,0.004162793077577831
2016-07-21,184.35161712305623,183.77,67777300,-0.003777264561634852
2016-07-22,183.88426812084657,184.59,62787500,0.004485087240613916
2016-07-25,184.38561239477139,184.09,55873100,-0.0027158218237701703
2016-07-26,183.98622100908554,184.17,70080500,0.0004614400793077067
2016-07-27,184.54702169940677,183.98,84083900,-0.0010611457922189427
2016-07-28,183.7823338581247,184.19,65035700,0.0011549150364049687
2016-07-29,183.92675458751242,184.49,79519400,0.0016143531043470993
2016-08-01,184.5470816095191,184.33,73311400,-0.0008287446354913186
2016-08-02,184.0881843732158,183.15,92295500,-0.006407569320484918
2016-08-03,183.0940226714311,183.69,53993600,0.0029226497146706
2016-08-04,183.79931708712982,183.88,46585500,0.0010641929918269177
2016-08-05,183.8842641108608,185.39,71892200,0.008178712527822318
2016-08-08,185.57515931378427,185.28,39906500,-0.0005958219375563623
2016-08-09,185.34575458443706,185.39,51251700,0.0005961771529827686
2016-08-10,185.49869715161768,184.93,57941100,-0.002474977988992766
2016-08-11,185.45619869857288,185.79,72504300,0.0046406078518042015
2016-08-12,185.48169871991223,185.63,61313500,-0.0008688563972313323
2016-08-15,185.99159144064302,186.16,49813500,0.0028841294460031364
2016-08-16,185.74511871594618,185.2,53213600,-0.005157995528300097
2016-08-17,185.23532704972422,185.55,75134300,0.0018812174285447458
2016-08-18,185.52415421738323,185.97,52989300,0.002243551208838346
2016-08-19,185.498709461304,185.69,75443000,-0.001461911530762583
2016-08-22,185.45616921462914,185.69,61368800,-4.6016110075819405e-05
2016-08-23,186.29747096913832,186.06,53399200,0.002013954863185674
2016-08-24,185.9151105519079,185.11,71728900,-0.005114814748295449
2016-08-25,184.72547889137803,184.98,69224800,-0.000688800666643008
2016-08-26,185.16735155854718,184.63,122506300,-0.001883216646216379
2016-08-29,184.75948850539226,185.54,70502200,0.0049242792072261565
2016-08-30,185.45623923732404,185.24,58114500,-0.001648652273848139
2016-08-31,184.90390893542113,184.71,85269500,-0.002844167122064034
2016-09-01,184.69999754335961,184.72,97844200,4.6096444832333106e-05
2016-09-02,185.56671083179174,185.55,79293900,0.004508074064485612
2016-09-06,185.83010051851176,186.11,56702100,0.003022322191453375
2016-09-07,185.94901212053904,186.09,76554900,-9.158036221879051e-05
2016-09-08,185.76213853955875,185.67,74102900,-0.0022826671529534437
2016-09-09,184.36006130186865,181.22,221589100,-0.023935193198017513
2016-09-12,180.46845834859815,183.82,168110900,0.014347541021150656
2016-09-13,182.5502432107953,181.18,182828800,-0.014375443933129062
2016-09-14,181.233215758906,181.11,134185500,-0.000375106598827446
2016-09-15,180.95284339587624,182.92,134427900,0.009993088169480302
2016-09-16,182.31091998830942,182.22,155236400,-0.0038659115522479137
2016-09-19,182.86606801299845,182.25,80250500,0.00018774433141088842
2016-09-20,183.1051494339888,182.26,69665300,4.663423870732153e-05
2016-09-21,182.95996619560697,184.31,110284400,0.011245443641299424
2016-09-22,185.31702070974237,185.47,76678700,0.00630165363663715
2016-09-23,185.0778654450468,184.45,73630900,-0.005479468959712963
2016-09-26,183.62609155492524,182.96,89827300,-0.008102142821630687
2016-09-27,182.7977180207559,184.1,78494800,0.006208016119474857
2016-09-28,184.31781785377962,185.01,87411000,0.004963488306825914
2016-09-29,184.8045969886785,183.34,128070600,-0.009047252462847544
2016-09-30,184.16410293469733,184.72,117202900,0.007546177348650707
2016-10-03,184.30928307819204,184.28,83512100,-0.0024041452009861963
2016-10-04,184.38614758781864,183.34,119948100,-0.005097769630561633
2016-10-05,183.95916890270405,184.15,72816000,0.004425351786794707
2016-10-06,183.92497474513854,184.28,62927400,0.0006954605970155292
2016-10-07,184.54846532987784,183.64,89788300,-0.003429095509401847
2016-10-10,184.59967041015625,184.6,51855000,0.005208204371794034
2016-10-11,184.17266881930584,182.27,130367400,-0.012629604880969647
2016-10-12,182.40486643174575,182.51,73866100,0.001311831464064106
2016-10-13,181.18367286306528,181.91,101357000,-0.0032754492549914582
2016-10-14,182.88312380888053,182.0,93346200,0.0005164564394535276
2016-10-17,181.9778809646954,181.37,58275700,-0.0034722297909201005
2016-10-18,182.95997123618378,182.51,76869700,0.006262300857974523
2016-10-19,182.77209126293718,182.99,66519200,0.0026671288430324402
2016-10-20,182.64402433652498,182.65,73639800,-0.0018664683015997552
2016-10-21,182.65258433220492,182.74,89089100,0.00046757316993817355
2016-10-24,183.6090309678364,183.52,60146600,0.004252618338338454
2016-10-25,183.33574051636367,182.9,66542300,-0.0033505877892331393
2016-10-26,182.08037296255412,182.53,75705500,-0.002007750688521881
2016-10-27,183.25030957336313,182.05,77220200,-0.002667005057980454
2016-10-28,182.0206117730508,181.51,140623200,-0.002955095721263512
2016-10-31,181.8412330215534,181.52,61272500,4.690919674144034e-05
2016-11-01,181.84125364128977,180.2,122781800,-0.0072452815596660836
2016-11-02,179.89413032457617,179.12,103330800,-0.006018701082018185
2016-11-03,179.3305358158373,178.3,88939300,-0.004576946575966523
2016-11-04,178.4081315270405,178.1,109122100,-0.0011021075517645418
2016-11-07,178.10075768897855,182.03,109794900,0.022057389101977076
2016-11-08,181.6362510433059,182.85,106772100,0.004503640189611247
2016-11-09,181.36300658275826,184.79,258429000,0.010602271332325941
2016-11-10,185.57321017854778,185.25,172113300,0.0024955748178647763
2016-11-11,184.53131524308765,184.82,100552700,-0.00230510249283844
2016-11-14,185.34263325551296,184.97,94580000,0.0007856364261864535
2016-11-15,185.35115151146815,186.41,91652600,0.007802679906738108
2016-11-16,185.7952457984158,186.06,65617700,-0.00187826815261527
2016-11-17,186.21372163613847,187.02,69797200,0.005140800190132078
2016-11-18,187.08482146428074,186.6,86265800,-0.0022374593597160874
2016-11-21,187.17021381637088,188.01,72402600,0.007551462769839423
2016-11-22,188.31454267353945,188.37,67429000,0.0019531321332642015
2016-11-23,187.86191362132126,188.48,56620200,0.0005439316987032594
2016-11-25,188.81841694687407,189.18,37872300,0.003715588104451051
2016-11-28,188.8695876666051,188.29,76572500,-0.0046952268567846955
2016-11-29,188.32310070688195,188.66,69886700,0.0019506958800210583
2016-11-30,189.27095466129805,188.2,113291800,-0.002399591710295468
2016-12-01,188.50237388560947,187.51,79040500,-0.0036753385045785736
2016-12-02,187.59714711113205,187.61,74840300,0.0005009451718926972
2016-12-05,188.43408284299034,188.73,67837800,0.006008901558252511
2016-12-06,188.9208354291371,189.33,59877400,0.003167242106250301
2016-12-07,189.17705058798379,191.81,110738100,0.013080856029748622
2016-12-08,191.78174798179285,192.28,99714400,0.002448790548696289
2016-12-09,192.4991502614021,193.44,88005800,0.006040677977400266
2016-12-12,193.34460108726188,193.22,102016100,-0.0011478097508690333
2016-12-13,193.87400279072287,194.51,110477500,0.00667357044192296
2016-12-14,194.2070940773172,192.9,142501800,-0.008254085504029063
2016-12-15,193.13965597432892,193.69,124972600,0.004117489692630594
2016-12-16,194.14911601109662,193.32,156420200,-0.0019561242381131994
2016-12-19,193.4962588463833,193.74,90341100,0.002177415561014806
2016-12-20,194.26938888388705,194.48,89838800,0.003857606215897702
2016-12-21,194.35524698360638,193.94,67909000,-0.002782896492334319
2016-12-22,193.7969128096895,193.61,56219100,-0.0017272683142249834
2016-12-23,193.6509087860366,193.89,36697800,0.0014644212470256157
2016-12-27,194.15774030631945,194.37,42672500,0.0024810201095941675
2016-12-28,194.63014081997483,192.77,64095000,-0.008264855324014109
2016-12-29,192.8348246458455,192.72,48696100,-0.00022243128476229224
2016-12-30,193.04955455809022,192.02,108998300,-0.0036551769731609784
2017-01-03,193.31588512561513,193.49,91366500,0.007650185682151145
2017-01-04,193.81408994305164,194.64,78744400,0.005949018998597122
2017-01-05,194.37248126960412,194.48,78379000,-0.0007943808666238672
2017-01-06,194.5958765425992,195.18,71559900,0.0035780658171105095
2017-01-09,194.92220482343438,194.54,46939700,-0.003301458067104579
2017-01-10,194.5528156676225,194.54,63771900,0.0
2017-01-11,194.44979359470986,195.09,74650000,0.002826398249035522
2017-01-12,194.57007063243853,194.6,72113200,-0.0025098704572392716
2017-01-13,194.76761545137668,195.04,62717900,0.002295375539293376
2017-01-17,194.40687106900864,194.36,61240800,-0.0035232296895411075
2017-01-18,194.6044339487009,194.78,54793300,0.0022098925272140413
2017-01-19,194.86212305028965,194.06,66608800,-0.0037046179212761876
2017-01-20,194.74187661598043,194.78,129168600,0.0036741256260355293
2017-01-23,194.77620037162023,194.27,75061600,-0.0026023795333061095
2017-01-24,194.48415413642564,195.51,95555300,0.006411901313240431
2017-01-25,196.45991131720925,197.21,84437700,0.0086554791512643
2017-01-26,197.06122383961116,197.0,59970700,-0.0010454825127729217
2017-01-27,197.07840913926478,196.69,59711100,-0.0015697875802515027
2017-01-30,196.00463966850268,195.47,79737300,-0.006201593325636079
2017-01-31,194.9824263810287,195.45,75880800,-8.7740826712146e-05
2017-02-01,195.45485606765317,195.53,79117700,0.00039533677478265083
2017-02-02,195.53213329741317,195.66,69657600,0.0006588683539980877
2017-02-03,196.56298850611725,197.01,80563200,0.0068929353320275055
2017-02-06,196.60593106874376,196.66,57790100,-0.0017877465703102224
2017-02-07,197.04405146992943,196.67,57931200,4.37611497823287e-05
2017-02-08,196.66605582795688,196.92,51566200,0.0013102942513709692
2017-02-09,196.92382203098825,198.09,65955200,0.005932930180055251
2017-02-10,198.4357249447494,198.87,66015900,0.003946260423146608
2017-02-13,199.36344467204233,199.96,55182100,0.005442403917014671
2017-02-14,199.7757430563005,200.76,71109000,0.003995168619100431
2017-02-15,200.540266194773,201.8,86785800,0.005220313145821942
2017-02-16,201.82882907216322,201.63,84722400,-0.0008512431113427699
2017-02-17,200.96980427872967,201.95,77204100,0.001576345762626774
2017-02-21,202.31853516676898,203.15,88946100,0.005955450030132425
2017-02-22,202.74801644472154,202.97,62115200,-0.000888179113392229
2017-02-23,203.48676997916627,203.11,74615900,0.0006771197354729086
2017-02-24,202.2669449416613,203.37,82381600,0.0012688061502501569
2017-02-27,203.28061203070507,203.68,56515400,0.001562970467728908
2017-02-28,203.30635514938498,203.13,96961900,-0.0026992975623467697
2017-03-01,204.78394689987707,205.98,149158200,0.013997839344393803
2017-03-02,205.78895814761938,204.68,70246000,-0.006297663807634524
2017-03-03,204.59496561862596,204.81,81974300,0.0006297915559920764
2017-03-06,204.01936622780934,204.2,55391500,-0.0029781536996709157
2017-03-07,203.89909466987922,203.59,65103700,-0.0029869001428439734
2017-03-08,203.8818944499673,203.21,78168800,-0.0018566285807478655
2017-03-09,203.3321262127252,203.47,90683900,0.0012682377697277314
2017-03-10,204.42309844281942,204.18,81991700,0.003504196831966677
2017-03-13,204.12241170926148,204.29,57256800,0.0005047338791743794
2017-03-14,203.74443325211146,203.5,59880800,-0.003826617786307107
2017-03-15,204.07093430327186,205.26,96081800,0.008653779248325222
2017-03-16,205.402367851766,204.86,78344000,-0.0019672551334550814
2017-03-17,205.1225963206639,204.5,89002100,-0.001756173308936515
2017-03-20,204.501459845826,204.28,52537000,-0.001096610676870724
2017-03-21,204.88104650841805,201.65,131809300,-0.012839657151999972
2017-03-22,201.68885445924116,202.13,97569200,0.0023533522765795123
2017-03-23,202.12883849513824,201.91,100410300,-0.0010672078221343195
2017-03-24,202.215060376825,201.77,112504900,-0.0007266912423730121
2017-03-27,200.10132571992898,201.56,87454500,-0.0010260180697762022
2017-03-28,201.25746505154598,203.03,93483900,0.007276940802066978
2017-03-29,202.74140106431437,203.22,61950400,0.0009347247657569557
2017-03-30,203.15556040447396,203.86,56737900,0.0031843470297774346
2017-03-31,203.52650607361866,203.39,73733100,-0.002327780367111121
2017-04-03,203.44027595415443,203.03,85546500,-0.001739030360784266
2017-04-04,202.75003001798098,203.16,56466200,0.0006372271577661515
2017-04-05,203.83708588832562,202.56,108800600,-0.002972759307363071
2017-04-06,202.69830133079853,203.13,69135800,0.002811453270945341
2017-04-07,202.87943596787073,202.92,74412300,-0.0010195828566753606
2017-04-10,203.06063974628262,203.04,67615300,0.0005953198251804626
2017-04-11,202.66380359429073,202.8,88045300,-0.0011895555087452214
2017-04-12,202.52571668900205,201.91,81864400,-0.0043821217378428035
2017-04-13,201.5766448668478,200.6,92880400,-0.0064950296918665495
2017-04-17,201.11942965066586,202.38,68405400,0.008860138648417504
2017-04-18,201.64570630976806,201.78,83225800,-0.002984291397609029
2017-04-19,202.33593336497609,201.4,68699900,-0.0018385402873392076
2017-04-20,202.01668692176702,203.04,92572200,0.008139040316164081
2017-04-21,202.96573006922685,202.4,110389800,-0.00318690254970988
2017-04-24,204.63089159988832,204.62,119209900,0.010998063666500801
2017-04-25,205.26063553415793,205.81,76698300,0.005818215713872865
2017-04-26,205.7783001659891,205.68,84702500,-0.0006287742394285312
2017-04-27,206.00265619951773,205.86,57410300,0.0008391156843858827
2017-04-28,206.11482527969187,205.41,63532800,-0.0021793082755008353
2017-05-01,205.92498779296875,205.92,66882500,0.0025199870713512595
2017-05-02,206.06307233410743,206.0,57375700,0.00037731095550364024
2017-05-03,206.00262037527455,205.75,73137700,-0.0012149096869233933
2017-05-04,206.05440323436233,205.99,61462700,0.0011741899216786145
2017-05-05,206.36501723942743,206.81,62001300,0.003937104403451741
2017-05-08,206.84819938842602,206.77,48385700,-0.00016667682418891605
2017-05-09,207.029376348337,206.58,51363200,-0.0009180191891100531
2017-05-10,206.53758187926883,206.95,54293800,0.0017957709417051326
2017-05-11,206.5030487370718,206.53,62358300,-0.0020428692126478465
2017-05-12,206.27871215612964,206.18,53912700,-0.0016710651137636923
2017-05-15,206.60662585289788,207.32,61918900,0.005523789817133196
2017-05-16,207.61600511931388,207.13,51241800,-0.0009157949943998656
2017-05-17,207.13289858586077,203.46,172174100,-0.017743871135179168
2017-05-18,203.37986121587352,204.28,107047700,0.0040284864200672565
2017-05-19,204.76025169239898,205.61,115011400,0.0065039741902654935
2017-05-22,206.1148105771657,206.65,61010600,0.005077561235864891
2017-05-23,207.02074326215902,207.11,48341700,0.002212877991481399
2017-05-24,207.33993731240122,207.59,46927700,0.002332651536885999
2017-05-25,208.09918949569263,208.58,64071700,0.0047796238735542396
2017-05-26,208.39250275904723,208.54,46629900,-0.00020688163824511552
2017-05-30,208.2199864783797,208.36,35201900,-0.0008686729264970605
2017-05-31,208.65137562977858,208.31,91796000,-0.0002484080500612107
2017-06-01,208.76350897391356,209.96,68962000,0.007952131478014213
2017-06-02,210.0145464449187,210.66,88666100,0.0033285322605132173
2017-06-05,210.48907338711942,210.51,44698800,-0.0007371475425035356
2017-06-06,209.9454941438962,209.83,50375400,-0.0031970006979689103
2017-06-07,210.16976325572747,210.22,54144300,0.0018499614373210793
2017-06-08,210.31648083869817,210.33,65950700,0.000492702443871007
2017-06-09,210.59256449448196,210.01,132256400,-0.0015177164374639007
2017-06-12,209.76432078406708,209.96,86108100,-0.00020540660408030487
2017-06-13,210.49764272539258,210.99,60067000,0.0048897832932985885
2017-06-14,211.25694149430805,210.72,78602300,-0.0012673384872053939
2017-06-15,209.3760879304886,210.32,66464900,-0.0019244194681213855
2017-06-16,210.47515280085526,210.36,84553100,0.0002183801662054563
2017-06-19,211.18604063759295,212.11,65123800,0.008324995957947667
2017-06-20,211.75826411538486,210.68,56906400,-0.006744006438634598
2017-06-21,211.07342115355897,210.63,55977600,-0.00024660805289367094
2017-06-22,210.63985817920226,210.54,44148100,-0.0004531318255018846
2017-06-23,210.5965572329753,210.79,66986800,0.0011944766056599665
2017-06-26,211.45484928203297,210.93,56700500,0.0006580206564918978
2017-06-27,210.7091862550555,209.23,82247700,-0.00805650134563185
2017-06-28,210.24105677624263,211.1,70042600,0.008950560313433442
2017-06-29,211.24675564066692,209.24,106949700,-0.008788828711301377
2017-06-30,210.05031405965292,209.63,86820700,0.0018644327601700095
2017-07-03,210.57050989003255,209.99,39153800,0.0016956622534272103
2017-07-05,210.3537524315126,210.48,54427600,0.0023119659296575445
2017-07-06,209.71224806572283,208.55,65400800,-0.009144175840300361
2017-07-07,209.12271364918962,209.9,57972300,0.00648513422214303
2017-07-10,209.90293335006723,210.13,36663300,0.0010736248275504678
2017-07-11,210.1283694415492,209.97,50354600,-0.0007425039236521602
2017-07-12,210.93467284651766,211.55,59610400,0.007514781538733528
2017-07-13,211.55885557542805,211.91,39471600,0.0016800879678566805
2017-07-14,211.9056176176208,212.89,60262700,0.004663995861586612
2017-07-17,212.81596466890477,212.87,33531900,-0.00012205943728382795
2017-07-18,212.46052349975758,212.98,42742500,0.0005295861457741413
2017-07-19,213.29280851214529,214.13,51034300,0.005413921746416861
2017-07-20,214.3851901038616,214.23,47135200,0.000445363802012988
2017-07-21,213.65693594313413,214.04,82340800,-0.000890331082790019
2017-07-24,213.96035252957574,213.99,46622300,-0.00024309875776540313
2017-07-25,214.7320307046173,214.51,54915600,0.002431222154947843
2017-07-26,214.79268139600626,214.52,47575400,4.019090752205301e-05
2017-07-27,214.9747499863412,214.32,70766600,-0.000929546321218
2017-07-28,213.83901628145244,214.06,50088400,-0.0011730528486794123
2017-07-31,214.4632150657075,213.94,65838700,-0.0005671139353707888
2017-08-01,214.5413281873963,214.42,55050400,0.0022291608762332604
2017-08-02,214.5499491886717,214.52,47211200,0.00048497654392987144
2017-08-03,214.4111903222331,214.11,40856000,-0.0019400327518782623
2017-08-04,214.59326189125417,214.5,60191800,0.0018221512530924855
2017-08-07,214.5672723285956,214.9,31995000,0.001859314148756841
2017-08-08,214.58458698349708,214.37,61719400,-0.0024610410317172926
2017-08-09,213.6829840630195,214.36,62632600,-4.021692654276876e-05
2017-08-10,213.52692299358398,211.33,120479500,-0.014115285281877887
2017-08-11,211.55883367649233,211.65,74869900,0.0014765395198870213
2017-08-14,212.92004532032038,213.74,73291900,0.009913484116284677
2017-08-15,214.1250688545258,213.72,55242700,-0.00012200254070826588
2017-08-16,214.23776167356147,214.09,56715500,0.001744299451471365
2017-08-17,213.4835531173293,210.75,128490400,-0.01559060760435016
2017-08-18,210.5878553301835,210.42,136748000,-0.0015631469746951732
2017-08-21,210.36243651498586,210.59,65469700,0.0007827245995026821
2017-08-22,211.1686812449416,212.79,63140100,0.010456786549753128
2017-08-23,211.8276383718895,212.03,50203800,-0.003585124844034615
2017-08-24,212.40849057565453,211.53,50741700,-0.0023307706634509984
2017-08-25,212.32180639139523,212.03,64445900,0.002336215846810319
2017-08-28,212.55585111283773,212.04,40565600,4.073289268879954e-05
2017-08-29,210.72656773509016,212.28,51135700,0.0011450082290045405
2017-08-30,212.26108121768948,213.28,62030800,0.004737389573703288
2017-08-31,213.89968749141116,214.57,103803900,0.006016188399494249
2017-09-01,214.94002595764354,214.87,62007000,0.00141403567659526
2017-09-05,214.3678802872824,213.33,91398800,-0.0071817706929330205
2017-09-06,214.003739320956,214.06,57916900,0.0034137226414370225
2017-09-07,214.35916297193032,214.03,58034700,-0.00012168209565222021
2017-09-08,213.74363396539954,213.78,63832800,-0.001174549790965762
2017-09-11,215.04405548210252,216.06,71364800,0.01066574752522742
2017-09-12,216.42260062008793,216.79,56896000,0.0033708567435319914
2017-09-13,216.50059643105592,216.89,59228000,0.00047975218434692657
2017-09-14,216.5699793839034,216.82,95446300,-0.0003196814217043542
2017-09-15,216.6776584527241,217.11,95432400,0.0013462722790291703
2017-09-18,217.4792170853588,217.58,46235200,0.0021268226406883084
2017-09-19,217.81902967604634,217.79,47108100,0.0010011922996837619
2017-09-20,217.88002864292014,217.87,59574100,0.0003600435078845443
2017-09-21,217.71445138886594,217.29,48211400,-0.0026794992777209314
2017-09-22,216.99130333548783,217.33,51214000,0.0002005596146952282
2017-09-25,217.0784463419542,216.89,57064400,-0.0020445115151564996
2017-09-26,217.3136714631001,217.02,54082000,0.0006025091932955196
2017-09-27,217.71449450912652,217.86,81001400,0.0038944753208922656
2017-09-28,217.58374699503923,218.12,44778800,0.0011995508565578739
2017-09-29,218.1152356503722,218.89,85578000,0.0035150823321012936
2017-10-02,219.11720188713397,219.84,59023000,0.004338658057433609
2017-10-03,219.84032317719215,220.31,66810200,0.0021399333595142345
2017-10-04,220.16274955476476,220.57,55953600,0.0011867057100740652
2017-10-05,220.90331222571203,221.88,63522800,0.005925042802275682
2017-10-06,221.4347983118458,221.63,80646000,-0.0011387743627154778
2017-10-09,221.85304903256053,221.26,35803100,-0.0016510019991720082
2017-10-10,221.82683759509334,221.84,43057400,0.0026379719973053106
2017-10-11,221.74846601668025,222.19,47674300,0.0015712454651470864
2017-10-12,221.87923039631997,221.86,47065100,-0.0014898058452114116
2017-10-13,222.29736525116894,222.13,54800400,0.0012170618369340414
2017-10-16,222.35831866348116,222.43,38221700,0.001333390027539405
2017-10-17,222.37581934722817,222.58,31561000,0.0007054929251077979
2017-10-18,222.95955769793173,222.8,40888300,0.0009785206692438653
2017-10-19,222.02726047930824,222.86,61903800,0.00027353166776244997
2017-10-20,223.65657889461002,224.01,89176400,0.005160556975635444
2017-10-23,224.33617238355043,223.14,63915300,-0.0038893895749509966
2017-10-24,223.5694349022459,223.53,66935900,0.0017570591964493065
2017-10-25,223.20344401885254,222.43,103715300,-0.004950318651165131
2017-10-26,223.0379726265612,222.72,69798000,0.0012929234888670038
2017-10-27,223.45617099962706,224.54,85562500,0.008176137815243623
2017-10-30,223.45620852200625,223.7,54285700,-0.003724917053607113
2017-10-31,224.07472119682785,224.05,60304800,0.0015575276387147508
2017-11-01,224.82406638614185,224.34,54202700,0.0013223232352950198
2017-11-02,224.27515302350042,224.43,56449500,0.00038836499290195725
2017-11-03,224.58881701199687,225.18,59589700,0.0033387783041143315
2017-11-06,225.05058265619286,225.53,49652600,0.0015476217419747584
2017-11-07,225.63435801716324,225.37,57502200,-0.0006953164278367119
2017-11-08,225.1986990902852,225.76,50469600,0.00170080739095968
2017-11-09,224.55393812822638,224.94,95085500,-0.0036278067868793507
2017-11-10,224.5540443432949,224.87,59984700,-0.00030946666114028965
2017-11-13,224.18804442702557,225.08,50228600,0.0009296373756024767
2017-11-14,224.27515563886934,224.55,61315200,-0.0023226128187482376
2017-11-15,223.58687703348667,223.43,80811500,-0.005005106898311684
2017-11-16,224.3710281577118,225.33,67777000,0.00850102084914317
2017-11-17,224.980924822167,224.67,75756800,-0.002938744608825372
2017-11-20,224.9112021225821,225.05,48075500,0.0017062179562019608
2017-11-21,225.81726369851617,226.52,69176800,0.0065425829628824594
2017-11-22,226.53172953926637,226.32,45033400,-0.0008845157604595588
2017-11-24,226.81058131124078,226.85,27856500,0.0023098943655324167
2017-11-27,226.88904685114346,226.73,52274900,-0.0004989728276402206
2017-11-28,227.19396878868554,229.03,98971700,0.01014467677533859
2017-11-29,229.16299197832421,228.89,77512100,-0.0006088662762034902
2017-11-30,229.80778600995802,230.9,127894400,0.008755110169675229
2017-12-01,230.67907762661457,230.42,164390900,-0.0020753951643589508
2017-12-04,232.02952439117243,230.14,94040600,-0.0012100138980745134
2017-12-05,229.3111419677734,229.31,77994500,-0.003596646975036588
2017-12-06,229.4069344611841,229.35,75898600,0.0001897773742383091
2017-12-07,230.07785034179688,230.08,77218600,0.0031531528834400913
2017-12-08,231.02756758669221,231.33,76563900,0.0054532376219145196
2017-12-11,232.0294952392578,232.03,83077500,0.0030128738900181418
2017-12-12,232.81359178581988,232.44,85195800,0.0017646650710545497
2017-12-13,232.68298102303947,232.41,102905400,-0.00011212411588201743
2017-12-14,232.70909881469186,231.46,100666700,-0.004086292464959396
2017-12-15,232.46235407720715,233.39,144610300,0.008327218408969106
2017-12-18,234.78310346051757,234.87,83653600,0.0063415433361786455
2017-12-19,235.11587726909698,233.97,82382900,-0.0038404455161074047
2017-12-20,234.93195013649887,233.85,76751500,-0.0005240856690938989
2017-12-21,234.4677871510185,234.33,67032300,0.002059530835704315
2017-12-22,234.34524617275827,234.27,78720900,-0.00026131579437460584
2017-12-26,233.86357582548726,233.99,45244400,-0.0011962572506730718
2017-12-27,234.15253247098977,234.1,57751000,0.0004863536965196147
2017-12-28,234.59924251355173,234.58,45116100,0.002057753052295608
2017-12-29,235.15965417474374,233.7,96007400,-0.0037706978096856414
2018-01-02,234.55537477120606,235.37,86655700,0.007157222535120855
2018-01-03,235.53620614609844,236.86,90070400,0.006325236082914909
2018-01-04,237.497831752164,237.86,80636400,0.004214713579019369
2018-01-05,238.64506898392446,239.44,83524000,0.0066642130993168625
2018-01-08,239.34568904187134,239.88,57319200,0.0018288855453740815
2018-01-09,240.30019081716375,240.42,57254000,0.002263248063755663
2018-01-10,239.66963904678204,240.05,69574300,-0.0015299864200774005
2018-01-11,240.60663630510948,241.81,62361500,0.007295908618746072
2018-01-12,242.06920275998172,243.38,90816100,0.00651933173820729
2018-01-16,244.6350215690264,242.55,106555100,-0.0034185488894120653
2018-01-17,243.4790758012206,244.86,113258800,0.009531758310115546
2018-01-18,244.7489625622824,244.45,100728000,-0.0016805295188486724
2018-01-19,245.02903892916953,245.56,140920100,0.00454908770748208
2018-01-22,245.35310814296204,247.56,91322400,0.008131057320800661
2018-01-23,247.60375143882754,248.09,97084700,0.0021226462775596477
2018-01-24,248.72468428390306,247.99,134816100,-0.00038835008782467373
2018-01-25,248.8472879654413,248.09,84587300,0.00042369617132731463
2018-01-26,248.92614499225988,250.97,107743100,0.011578010047051723
2018-01-29,250.39731991405617,249.3,90118300,-0.006630066638106835
2018-01-30,247.48113867833266,246.75,131796400,-0.01025712652216737
2018-01-31,247.59501927863693,246.87,108364800,0.0004969477230907238
2018-02-01,246.14130200277143,246.59,90102500,-0.0011351926981261196
2018-02-02,245.27434763550696,241.22,173174800,-0.021769778380898774
2018-02-05,239.468264594396,231.13,294681800,-0.04182261312956881
2018-02-06,227.63708850140625,235.69,355026800,0.019701967747512983
2018-02-07,235.13338368290727,234.41,167376100,-0.0054246268659131625
2018-02-08,234.70419395257514,225.61,246449500,-0.03750927528177039
2018-02-09,228.39027447366007,229.0,283565300,0.0150220004305468
2018-02-12,231.04366793126815,232.37,143736000,0.0146842075805107
2018-02-13,231.1662707849672,232.94,81223600,0.002487336111486771
2018-02-14,231.46411516601768,236.09,120735700,0.013496663024201494
2018-02-15,237.82186053714875,239.1,111200300,0.012759867481553
2018-02-16,238.47870977167338,239.17,160420100,0.0002931775590893082
2018-02-20,238.22473335946697,237.67,86369700,-0.006261213035700042
2018-02-21,238.1108735420492,236.49,98883700,-0.004974275075485646
2018-02-22,237.41027782276615,236.8,110511300,0.0012959830911822845
2018-02-23,238.01452487737137,240.57,92766400,0.015939304370295337
2018-02-26,241.6401067107518,243.37,86491400,0.011612571603775601
2018-02-27,243.54915568994895,240.33,99099200,-0.012486654493006122
2018-02-28,241.4210490010145,237.89,121907800,-0.010130453035154918
2018-03-01,237.68181116995103,234.43,176855100,-0.01454021848331688
2018-03-02,232.76887437600675,235.64,139083200,0.005154586836374708
2018-03-05,234.4590761754729,238.36,97307400,0.011558062670004254
2018-03-06,239.33684657652208,238.97,79213200,0.002534907550675314
2018-03-07,236.81476112682188,238.88,87063500,-0.00036651376955199044
2018-03-08,239.55580829717485,240.04,66901200,0.004839244587276914
2018-03-09,241.4386284167574,244.21,113625300,0.017402283985807454
2018-03-12,244.50368898314173,243.91,71924800,-0.0012550568255765837
2018-03-13,245.06410425032487,242.33,91968900,-0.006462840932422775
2018-03-14,243.2864228406217,241.09,105895100,-0.005131392525082212
2018-03-15,241.59628413442184,240.83,83433000,-0.0010896226668856146
2018-03-16,241.35052180381805,241.09,100343700,0.001084285126754514
2018-03-19,240.33941484185743,237.82,109208400,-0.01353030804952604
2018-03-20,238.22050812450595,238.23,59757300,0.0017009402938583662
2018-03-21,238.1853372580764,237.77,78709600,-0.0019192195839821125
2018-03-22,235.55633993415995,231.83,148785900,-0.0249975100483667
2018-03-23,232.26799078965104,226.89,183534800,-0.021314668726372887
2018-03-26,230.47441888594253,233.09,141956100,0.027359381284984385
2018-03-27,234.02649096831001,229.13,129941400,-0.017011952605913483
2018-03-28,229.2609970696875,228.45,146452300,-0.0029548740237798077
2018-03-29,229.58638088891024,231.37,111601600,0.01277792516562437
2018-04-02,230.84364808375824,226.38,186286300,-0.02158477017795446
2018-04-03,227.60805024012828,229.28,119956900,0.012816924838559896
2018-04-04,225.7440730783455,231.73,123715300,0.010699120098613069
2018-04-05,233.4813309123388,233.56,82652600,0.007891936447039782
2018-04-06,231.60857948692498,228.36,179521200,-0.022285847561381966
2018-04-09,229.80614832654538,229.48,105442900,0.004928469140922154
2018-04-10,232.35593638938647,233.13,103529000,0.01590038762555812
2018-04-11,231.6525760100446,231.91,91140200,-0.005242176758723072
2018-04-12,233.22634085253358,233.82,68890500,0.008226778610809893
2018-04-13,235.11675325942593,233.13,85079200,-0.002932848721429737
2018-04-16,234.75629607018098,235.05,63405300,0.008221876315993137
2018-04-17,236.8048470013346,237.56,64682000,0.010698193190432415
2018-04-18,238.00059195045975,237.74,57303900,0.0007401342094617291
2018-04-19,237.0862163007596,236.42,77655900,-0.005547382496162934
2018-04-20,236.34766193363552,234.41,99953100,-0.00847940649640555
2018-04-23,234.98487999850548,234.38,65558000,-0.0001498452857189303
2018-04-24,235.39810066376964,231.22,112885500,-0.013467459103749246
2018-04-25,231.16020694260604,231.79,103840900,0.0024717971547802975
2018-04-26,232.81316662268776,234.15,67731900,0.010165690385162574
2018-04-27,234.75626643027448,234.37,57053600,0.0009387283134534297
2018-04-30,234.98482615000376,232.57,82182300,-0.00769074365253386
2018-05-01,232.0042576088842,232.98,74203400,0.001777120974790769
2018-05-02,232.7867531910517,231.42,86368900,-0.006717646263650234
2018-05-03,230.58865425399074,230.91,136311500,-0.002203741877484955
2018-05-04,229.9379812025802,233.89,91222100,0.01294635337309158
2018-05-07,234.65955231065522,234.69,55304900,0.00338349845154573
2018-05-08,234.3166370355465,234.69,67499200,0.0
2018-05-09,235.3541432533565,236.95,59666100,0.009665822885875919
2018-05-10,237.69290186588918,239.17,72063900,0.009350545213963946
2018-05-11,239.29316558019704,239.9,59871500,0.0030515024454764728
2018-05-14,240.3306115263057,240.01,54790600,0.0004762729807437083
2018-05-15,238.7919778296341,238.36,87036100,-0.006886840601557642
2018-05-16,238.39626436474398,239.36,53942600,0.004204724632242529
2018-05-17,239.09964083623336,239.16,56536400,-0.0008447802372932856
2018-05-18,238.81834072567383,238.56,64368000,-0.0024997339486838577
2018-05-21,240.04048221438578,240.36,58025900,0.007518506522247392
2018-05-22,240.87572636643998,239.69,52966400,-0.002780212031003537
2018-05-23,238.422640738913,240.35,64694200,0.0027510398681152015
2018-05-24,239.95253445059927,239.86,76043800,-0.00204844555322381
2018-05-25,239.28427124023438,239.28,56374800,-0.002382819979909856
2018-05-29,237.66646465066952,236.53,115908600,-0.011501087826129464
2018-05-30,237.83357429694598,239.69,69678400,0.013344943484698168
2018-05-31,239.28437415096718,238.22,93519900,-0.00612563773845598
2018-06-01,239.51289492596226,240.56,71258400,0.009817308062461283
2018-06-04,241.37691136313123,241.7,45385200,0.0047515785789373766
2018-06-05,241.83408907402762,241.88,51135000,0.0007275162045017325
2018-06-06,242.48474061016057,243.9,62732200,0.00836054331261571
2018-06-07,244.3838890162866,243.87,72969400,-0.00010816897883858534
2018-06-08,243.41665954278665,244.59,72139700,0.0029561043592558622
2018-06-11,244.81473816886415,244.92,58892500,0.0013303998741840406
2018-06-12,245.33345854568515,245.24,72329000,0.0012923107479347884
2018-06-13,245.47418757980134,244.45,79070600,-0.003190736889052359
2018-06-14,245.31587212434545,245.07,77097600,0.0025175157789476543
2018-06-15,244.28896261504903,244.76,120041600,-0.0012757078734194627
2018-06-18,243.30861721127397,244.25,52917600,-0.00205680681988063
2018-06-19,241.9926968278556,243.32,97531500,-0.00383272592698658
2018-06-20,243.9975191915361,243.73,53785500,0.0017060019989898478
2018-06-21,243.72376089800395,242.2,71061400,-0.006268727394248552
2018-06-22,243.4587669902237,242.65,54898500,0.0018230183518985754
2018-06-25,241.4980978503294,239.34,137854200,-0.013612824952334845
2018-06-26,239.90839708211846,239.87,68547400,0.002214133978120536
2018-06-27,240.45596646380378,237.89,105110700,-0.008284245595239437
2018-06-28,237.8328704421767,239.25,76650500,0.005717349931911864
2018-06-29,240.33229574304445,239.59,97592500,0.0014397396197669554
2018-07-02,238.02715256453158,240.1,63554800,0.0021377806541644784
2018-07-03,240.9946359040203,239.25,42187100,-0.003531217737879011
2018-07-05,240.37648065137014,241.21,56925900,0.008158203548514598
2018-07-06,241.23312003921285,243.25,66493700,0.008458019781348636
2018-07-09,244.24487406805562,245.44,50550400,0.009004843420169273
2018-07-10,245.88756043727318,246.32,51966800,0.0035982035653032707
2018-07-11,244.77474695036685,244.52,77054700,-0.007314446620571569
2018-07-12,245.7727136919339,246.74,60124700,0.009065838815054628
2018-07-13,246.55881060622923,246.93,48216000,0.0007876908234667468
2018-07-16,246.97391031741824,246.71,48201000,-0.0008941599490865926
2018-07-17,245.94053910016683,247.71,52315500,0.004045133454521066
2018-07-18,247.78635859053261,248.23,44593500,0.0021034611906574074
2018-07-19,247.56557901019033,247.29,61412100,-0.003771361051820743
2018-07-20,247.08866921038307,247.01,82337700,-0.001142812011095562
2018-07-23,246.80604086418674,247.47,47047600,0.001859217392840673
2018-07-24,248.87269311489285,248.71,68026900,0.005032034904724592
2018-07-25,248.46641780028833,250.83,78882900,0.008522548971910515
2018-07-26,250.1179605434913,250.24,57919500,-0.002359261874600671
2018-07-27,250.56841853650917,248.55,76768700,-0.006776044609722587
2018-07-30,248.62544727019025,247.25,63742500,-0.005223434861956866
2018-07-31,248.00718415505807,248.47,68570500,0.004929267674934845
2018-08-01,248.66958615526875,248.05,53853300,-0.0016705872006846922
2018-08-02,246.75309367253044,249.4,63426400,0.005447674940406211
2018-08-03,249.52625329547863,250.47,53935400,0.004284713009331531
2018-08-06,250.50660078617253,251.39,39400900,0.003667159410498444
2018-08-07,252.0522055913909,252.22,43196600,0.003302442033517261
2018-08-08,252.05216543312807,252.11,42114600,-0.0004203396729324238
2018-08-09,252.1757581990465,251.77,35717000,-0.001366315265914575
2018-08-10,250.338788045859,250.08,77076000,-0.006699953199903574
2018-08-13,250.35647413214605,249.15,65732900,-0.003743330223399677
2018-08-14,249.8707628635741,250.74,43842000,0.006380792434327542
2018-08-15,249.393792750599,248.86,102925400,-0.007467570482731167
2018-08-16,250.2946732853425,250.88,69967900,0.008091581719978258
2018-08-17,250.67435404087598,251.76,65618500,0.003520053172721971
2018-08-20,252.21119086458458,252.3,39807500,0.0021402612024155054
2018-08-21,252.81167565155732,252.89,67272000,0.0023450076297115707
2018-08-22,252.48489667123744,252.74,44993300,-0.0005936594467967904
2018-08-23,252.56440811087106,252.41,49204900,-0.0013277881740458852
2018-08-24,252.9794243910023,253.92,57487400,0.006018084177006999
2018-08-27,255.116885787808,255.93,57072400,0.007896008891670636
2018-08-28,256.38859669554984,256.05,46943500,0.0004828711318365375
2018-08-29,256.2650057863514,257.43,61485500,0.005380946790626506
2018-08-30,256.9538622126653,256.39,61229500,-0.0040484889264919
2018-08-31,255.98227146320133,256.4,66140800,3.4161209006899895e-05
2018-09-04,255.98224397396663,255.96,57594400,-0.0017224040718769595
2018-09-05,255.6025060025253,255.27,72452400,-0.0026913168918482056
2018-09-06,255.37280292718262,254.5,65909900,-0.0030103105527464757
2018-09-07,253.45647312213768,254.0,73524800,-0.0019427044289908046
2018-09-10,255.0108879690714,254.45,50210900,0.001738633239156906
2018-09-11,253.8008474701149,255.28,50530500,0.003297082022441389
2018-09-12,255.29338558212135,255.35,59810800,0.00024201553454017422
2018-09-13,256.4061615610688,256.86,51034200,0.005914291416831752
2018-09-14,257.0598152146336,256.9,55079900,0.00017239584843231626
2018-09-17,256.84787978767656,255.54,68244000,-0.00529422993974793
2018-09-18,255.75274732282182,256.93,61930400,0.0054263064590394094
2018-09-19,256.98031461211065,257.2,49080600,0.001065328803419252
2018-09-20,258.4553226749146,259.29,100360600,0.008104090595524527
2018-09-21,260.02442954150337,259.05,105479700,-0.0009139307886628645
2018-09-24,258.4720155452185,258.19,53409600,-0.0033214340999153658
2018-09-25,258.6404880631462,257.95,44370000,-0.0009280985987744073
2018-09-26,258.09046385825224,257.18,79739700,-0.002992148080983803
2018-09-27,257.64676201637326,257.9,59249500,0.0027938221216743386
2018-09-28,257.27425202331585,257.92,70091400,0.00010365994143213264
2018-10-01,259.1550084024449,258.82,62078900,0.0034739045989597983
2018-10-02,258.6670227050781,258.67,47258200,-0.0005829539043114007
2018-10-03,259.7139072679814,258.81,64694600,0.000548843729489823
2018-10-04,258.3299446701572,256.79,111545900,-0.007815553825866961
2018-10-05,257.0080728548497,255.35,105951700,-0.005596912045248259
2018-10-08,254.66589648913015,255.35,87742200,0.0
2018-10-09,254.96755649215584,254.98,74339000,-0.0014593157690777625
2018-10-10,254.47071640677487,246.9,214731000,-0.031663181157015274
2018-10-11,245.8206752119577,241.46,274840500,-0.022026522649535862
2018-10-12,245.5456151938126,244.82,183186500,0.01388822712144977
2018-10-15,244.46320216125636,243.44,102263700,-0.005617224001243537
2018-10-16,245.39478348063147,248.77,118255800,0.021865986155311212
2018-10-17,248.80162060409677,248.81,110626000,0.00017861597522395023
2018-10-18,247.8789719922288,245.22,134557500,-0.014441024785593282
2018-10-19,245.8650914144799,245.08,139901600,-0.0005426067988009153
2018-10-22,245.74960045621563,243.98,82415800,-0.004489271440666687
2018-10-23,240.38222841148024,242.74,146352700,-0.005090513337206226
2018-10-24,242.49367581751864,235.39,177806700,-0.03029862247787274
2018-10-25,237.21498902513562,239.61,138061500,0.01794067110902353
2018-10-26,235.91976317152478,235.4,201574600,-0.01758715871797334
2018-10-29,238.47472622115237,234.09,160749100,-0.00554069986177419
2018-10-30,233.92356062912407,237.56,157116000,0.014818736891726525
2018-10-31,240.11607680886604,240.1,128296300,0.010680850935367747
2018-11-01,240.95896498101592,242.65,99495000,0.010642077878829426
2018-11-02,243.75353219705897,241.22,122634100,-0.005923205093224415
2018-11-05,241.70410148500733,242.55,65622500,0.0055167697820359685
2018-11-06,242.48480787409594,244.08,60085900,0.0063278063378218175
2018-11-07,246.24648958436512,249.31,102752100,0.021409039930883278
2018-11-08,248.50873733218262,248.85,65584900,-0.0018151491786139173
2018-11-09,247.55069347645488,246.42,98812600,-0.009767829862691868
2018-11-12,245.9182543346288,241.82,99673600,-0.018685305841454558
2018-11-13,242.28078648339832,241.37,98176600,-0.0018711649841388622
2018-11-14,243.23011049870425,239.72,125335900,-0.0068365436910217126
2018-11-15,238.4570567918774,242.22,135101400,0.0104366080769136
2018-11-16,241.12743487882662,242.85,126668000,0.0026004084025212926
2018-11-19,242.24524622430246,238.74,103061700,-0.016914578679014025
2018-11-20,235.4228520885428,234.32,136021300,-0.018505990269921835
2018-11-21,235.86646155700558,235.12,75563700,0.003407595547340714
2018-11-23,233.48880927282028,233.55,42807900,-0.006678735445510231
2018-11-26,235.795501037842,237.32,79981400,0.01614439520519828
2018-11-27,236.29235423855013,238.12,75502400,0.003364602771447567
2018-11-28,239.18453772119085,243.6,127629600,0.023025127985907945
2018-11-29,242.83078634391387,243.07,82346400,-0.002185315068589211
2018-11-30,242.91963386332358,244.55,98204200,0.0060957856623706785
2018-12-03,248.65971726586844,247.79,103176300,0.013241435698079451
2018-12-04,246.9651371222489,239.76,177986000,-0.03240261532861599
2018-12-06,235.91968861471403,239.4,204185400,-0.0015172795554965202
2018-12-07,239.06027046169717,233.83,161018900,-0.02323605804011053
2018-12-10,233.6573120870343,234.28,151445900,0.0018969504970962614
2018-12-11,237.46342014543708,234.33,121504400,0.0002275678004197701
2018-12-12,237.29485858637878,235.51,97976700,0.005035371123306653
2018-12-13,236.45203311733553,235.43,96662700,-0.0003389810961671458
2018-12-14,233.29365668777106,231.08,116961100,-0.018464790624720284
2018-12-17,230.13525384256258,226.55,165492300,-0.01961852594751612
2018-12-18,228.18348000060263,226.3,134515100,-0.0010964320730392219
2018-12-19,226.38247815956686,222.91,214992800,-0.014975756811590912
2018-12-20,221.67152791499083,219.29,252053400,-0.016277992848862666
2018-12-21,220.18184659021884,214.79,255345600,-0.02048950870854216
2018-12-24,213.3106229790265,209.12,147311600,-0.02642298860961234
2018-12-26,210.5710868788151,219.68,218485400,0.0505249309359006
2018-12-27,216.46068221719528,221.37,186267300,0.007677316946129498
2018-12-28,222.7161880021992,221.08,153100200,-0.0012898051216954087
2018-12-31,222.69827977769467,223.02,144299400,0.008758563275929943
2019-01-02,219.50360136522636,223.25,126925200,0.0010402435499974327
2019-01-03,221.51144088559573,217.92,144140700,-0.023862669239831158
2019-01-04,220.94035994976915,225.22,142628800,0.03349587732760906
2019-01-07,225.49141469210105,227.0,103139100,0.007884616674461276
2019-01-08,229.17686719364798,229.13,102512600,0.009395266673119629
2019-01-09,229.83723728481584,230.2,95006600,0.004673620392623867
2019-01-10,228.677208420256,231.02,96823900,0.0035277021826864985
2019-01-11,229.94432646748032,231.1,73858100,0.00038620030420455365
2019-01-14,229.2125586590983,229.69,70908200,-0.00610102208164065
2019-01-15,230.06933090589354,232.33,85208300,0.011461175672636825
2019-01-16,232.75522277360974,232.89,77636700,0.002419382963753103
2019-01-17,232.02350340495772,234.66,96118400,0.007586705296993568
2019-01-18,236.4585852744533,237.78,127900300,0.013310151053948172
2019-01-22,236.315794647781,234.57,115531200,-0.013510532113567675
2019-01-23,235.59291871457037,235.06,86030300,0.0020921686073749335
2019-01-24,234.8790489415957,235.18,59204100,0.0005315900417066644
2019-01-25,237.02077150031676,237.17,96883400,0.008461668871635464
2019-01-28,235.03970281433,235.37,85613700,-0.007600427604473103
2019-01-29,235.51260925987927,235.06,66136300,-0.0013271789020563585
2019-01-30,236.56564179420482,238.78,92473700,0.01583098383820869
2019-01-31,238.7162274696689,240.88,104012100,0.008782383088582923
2019-02-01,241.07213078167035,240.99,85782500,0.00048194505116927466
2019-02-04,241.03642281761273,242.69,60744800,0.0070354269186836405
2019-02-05,243.11555028425835,243.7,79552800,0.0041914509214382445
2019-02-06,243.42796583531972,243.38,58347800,-0.0013179167110949352
2019-02-07,241.77705153770148,241.06,95482000,-0.009532945003783655
2019-02-08,239.82275352737142,241.36,75788900,0.0012214592998391893
2019-02-11,242.00905655513216,241.49,68021400,0.0005545716664074885
2019-02-12,243.09780467087796,244.6,72270200,0.012859664414836436
2019-02-13,245.426784936503,245.39,65277200,0.0032466189604218876
2019-02-14,244.31137799198922,244.85,83234400,-0.0022180146064376682
2019-02-15,246.61365742159327,247.51,97088700,0.010897229762910854
2019-02-19,246.72077942009167,247.94,59120800,0.0017306428524752615
2019-02-20,247.90767605259137,248.44,76610800,0.002015728392507299
2019-02-21,247.8094463542468,247.56,64214700,-0.0035562042350288925
2019-02-22,248.175306220895,249.09,78114600,0.006200049124556628
2019-02-25,250.51329725249707,249.43,69030700,0.0013611313684729343
2019-02-26,249.08554511228368,249.26,56844100,-0.0007153049130185218
2019-02-27,248.5411973303144,249.15,56921600,-0.0004295636253088819
2019-02-28,248.93388185492677,248.68,69268300,-0.0018623648156421702
2019-03-01,250.2545012902043,250.24,78880500,0.006243436212936215
2019-03-04,251.28965783560562,249.33,106494600,-0.003637425752354817
2019-03-05,249.45142766714278,248.99,59114600,-0.0013599261388930195
2019-03-06,249.10335674714386,247.48,75039800,-0.006057065738133582
2019-03-07,247.0329706099885,245.41,94885100,-0.00836578538486199
2019-03-08,243.5617990820547,244.92,85795800,-0.001999550211566614
2019-03-11,245.6320318937752,248.47,65098900,0.014501003616108177
2019-03-12,249.02307410669908,249.41,79667500,0.003771252907736722
2019-03-13,250.2902734857053,251.06,80639200,0.006619344498050017
2019-03-14,251.08443775264809,250.9,67518400,-0.0006398709755607301
2019-03-15,251.4464293465867,252.14,81309000,0.0049403419334761445
2019-03-18,252.35174880816894,253.05,62199800,0.003626175273792276
2019-03-19,254.10844168655152,253.11,90268100,0.00024770951609154324
2019-03-20,252.8983925177677,252.35,84609200,-0.0030101189115127047
2019-03-21,251.53610874655385,255.2,79550400,0.011294998094402153
2019-03-22,253.84851218600596,250.29,122659300,-0.01924643563210937
2019-03-25,249.94962291682367,250.1,85575200,-0.000751995669090233
2019-03-26,251.84980118259705,251.97,68125900,0.007454233913957831
2019-03-27,251.9572942642795,250.65,72224700,-0.005229316657042848
2019-03-28,251.2761173166963,251.6,56238500,0.0037903964286032377
2019-03-29,253.10460899667098,253.19,82186800,0.006305682950287883
2019-04-01,255.1749851271893,256.19,77617900,0.011858914284853306
2019-04-02,256.37607115052464,256.31,40070400,0.0004900675552288458
2019-04-03,257.5232425188391,256.72,68243200,0.0015733059487132994
2019-04-04,257.03931484795163,257.4,48997500,0.0026536809108890225
2019-04-05,258.061121328043,258.64,58621700,0.004840289992947833
2019-04-08,258.22246643485846,258.84,53566300,0.0007624565543122852
2019-04-09,257.8819189334087,257.51,66142300,-0.005124680798033521
2019-04-10,257.9267010253007,258.39,52601500,0.003410903680900912
2019-04-11,258.8767431671362,258.32,55093100,-0.0002776657417047357
2019-04-12,259.9254372361357,260.07,69727800,0.006766009849888954
2019-04-15,260.140488185737,259.9,49596700,-0.0006550154800505359
2019-04-16,260.7769280578331,260.07,52153200,0.0006554448065452245
2019-04-17,261.1802532577738,259.43,58268300,-0.0024468618398448827
2019-04-18,260.0151087891068,259.94,68708500,0.001969278270865127
2019-04-22,259.1814564680707,260.17,40160100,0.000861604928488191
2019-04-23,260.5348552038877,262.51,52246600,0.008991733179561034
2019-04-24,262.4261171496475,261.92,50392900,-0.002219065267582865
2019-04-25,261.825595092061,261.76,57770900,-0.0006160043212347643
2019-04-26,261.807637361224,262.98,50916400,0.0046566314327867175
2019-04-29,263.07139009934167,263.39,57197700,0.0015676445771786174
2019-04-30,263.05340749405735,263.53,81111700,0.0005102598849529016
2019-05-01,264.1559192830297,261.55,71671900,-0.007516241473949914
2019-05-02,261.4311183473855,260.98,65030200,-0.0021591770274298483
2019-05-03,262.4529060957811,263.54,56543700,0.009787777906404393
2019-05-06,259.2532245016897,262.45,107198100,-0.004114829854205748
2019-05-07,260.0598124870552,258.07,144729900,-0.01669999976744352
2019-05-08,257.7115478515625,257.71,91568300,-0.0013891189896835243
2019-05-09,255.65009859984357,256.93,103471100,-0.0030256876153683665
2019-05-10,255.9995922364823,258.22,112429300,0.005023196547011111
2019-05-13,253.131505698292,251.73,127290500,-0.025130084363970573
2019-05-14,252.74610900944137,254.01,77003200,0.009043805244050462
2019-05-15,252.38752291444266,255.5,73956400,0.005857164551584582
2019-05-16,256.19692151332333,257.86,76749600,0.00926184112260331
2019-05-17,255.56938770151973,256.2,100353000,-0.006465681754677544
2019-05-20,254.60143266666893,254.5,62877600,-0.0066118081880574
2019-05-21,256.1878013017382,256.8,46847100,0.009015415041303987
2019-05-22,255.8472185127596,256.01,49482500,-0.0030715171745179237
2019-05-23,253.7947494674691,252.88,98733800,-0.012218365533071873
2019-05-24,254.31461298639218,253.45,55268100,0.0022684185917158928
2019-05-28,253.73198585323945,251.1,70029400,-0.00930069421078017
2019-05-29,249.9855068541915,249.41,104972900,-0.006710608393289075
2019-05-30,250.16469382953431,250.09,62523800,0.0027309730606475124
2019-05-31,247.5564594939643,246.72,86862800,-0.013475455755442511
2019-06-03,246.75883021463042,246.1,96428000,-0.0025425451587648418
2019-06-04,248.381026898615,251.44,77231900,0.021706249705483405
2019-06-05,253.0508542909812,253.62,71169700,0.00866271748960945
2019-06-06,253.91124723987323,255.26,69430400,0.006502397246077596
2019-06-07,256.2773732510945,257.82,74272200,0.010006740979434436
2019-06-10,259.36070955978926,259.0,60799100,0.0045892545559635955
2019-06-11,260.8127359235809,258.94,58641300,-0.00024213548652851635
2019-06-12,258.7064649888135,258.48,47096300,-0.0017652475347760266
2019-06-13,259.3876542480068,259.55,48945200,0.004126352088695606
2019-06-14,259.2621154785156,259.26,52324700,-0.001105245081630013
2019-06-17,259.495125935518,259.36,39205700,0.00038020123827897656
2019-06-18,261.1712687189415,262.08,85434800,0.01047121034893328
2019-06-19,262.210941361261,262.67,78674400,0.0022571757379692414
2019-06-20,265.33905767145455,265.18,116570000,0.009554429845010537
2019-06-21,264.90926466616133,264.79,83309500,-0.001453849848026434
2019-06-24,264.9994000671468,264.47,47582700,-0.001224196728944471
2019-06-25,264.52200860882357,261.87,82028700,-0.009808116418850155
2019-06-26,262.7657814761968,261.61,51584900,-0.000997192664335178
2019-06-27,262.3694009589699,262.54,40355200,0.003545626479361408
2019-06-28,263.51319292272876,263.89,59350900,0.00514568993254394
2019-07-01,267.2059494156182,266.29,78705600,0.009078781144778114
2019-07-02,266.24223128349144,266.98,61504500,0.0026042603792795216
2019-07-03,267.6562105656125,269.12,40898900,0.007994923886879723
2019-07-05,267.8904556118029,268.81,51677300,-0.00113762533638595
2019-07-08,267.5031576476492,267.33,45841800,-0.005494907835610685
2019-07-09,266.1792403995563,267.67,41101300,0.001246698606017116
2019-07-10,268.7280352609248,268.94,58448500,0.004777868342854097
2019-07-11,269.5836613281804,269.57,50826100,0.002344213727295319
2019-07-12,270.06101270514915,270.78,40326000,0.0044769739292427335
2019-07-15,271.2137736996461,270.87,33900000,0.00033235774857320877
2019-07-16,270.78148900906183,270.0,36650100,-0.0032251311920636905
2019-07-17,269.9709674033634,268.16,36036300,-0.006804794054497076
2019-07-18,267.6653065540941,269.14,51392600,0.00366093977891202
2019-07-19,270.2321804207565,267.65,58678600,-0.005554889714632472
2019-07-22,268.0434902740456,268.3,43638100,0.0024561395907332084
2019-07-23,269.42160741038407,270.22,44564500,0.007150406378301222
2019-07-24,269.4665409634946,271.49,47213200,0.004699213624263621
2019-07-25,271.0428144608252,270.2,55394100,-0.004776601643630252
2019-07-26,270.8805916659106,272.01,45084100,0.00669961753098014
2019-07-29,271.8893034379059,271.51,38126500,-0.0018212506392272232
2019-07-30,270.11507713282856,270.84,45849000,-0.0024544578752556667
2019-07-31,271.08776437141046,267.88,104245200,-0.010940462664038808
2019-08-01,268.03464201720794,265.55,142646600,-0.00870762487640897
2019-08-02,264.65716114556676,263.55,116749700,-0.007529617868359262
2019-08-05,259.46937844496574,255.62,178745400,-0.030073118468825544
2019-08-06,257.50590864289825,259.21,120711700,0.014022702695733136
2019-08-07,256.14592653629853,259.36,140572300,0.000590788595637326
2019-08-08,260.8472458460072,264.45,87713900,0.01961970878070307
2019-08-09,263.5133016745195,262.65,93730000,-0.006811037756305427
2019-08-12,261.1535457059839,259.45,65527600,-0.012173513142202719
2019-08-13,259.1541243644712,263.49,94299800,0.015551828981047455
2019-08-14,259.4512943212401,255.7,135622100,-0.029567804558718325
2019-08-15,256.57831509937586,256.37,99556600,0.0026421974374815083
2019-08-16,258.01932440574643,260.15,83018300,0.014754837949378485
2019-08-19,263.1620087111855,263.29,53571800,0.012047548295416544
2019-08-20,262.78369081572106,261.27,51596400,-0.007662658054130689
2019-08-21,263.4232587515526,263.4,49524700,0.008135782879148845
2019-08-22,264.09871638415376,263.32,51666400,-0.0003079608220074581
2019-08-23,262.0182141461367,256.55,149161500,-0.025687417350558794
2019-08-26,258.7308793470794,259.39,72423800,0.011058717535157525
2019-08-27,260.7752097054269,258.37,66668900,-0.003924284775422171
2019-08-28,257.71311273483263,260.19,59696700,0.00704205139374614
2019-08-29,262.73872607625174,263.51,57899400,0.01277284060116557
2019-08-30,264.99038771940667,263.4,62901200,-0.0004441328887294649
2019-09-03,261.70295284664036,261.86,69101400,-0.00584743217678485
2019-09-04,264.01760331130134,264.83,46887300,0.011350272286029028
2019-09-05,267.3050851284011,268.23,83258100,0.012855774848494317
2019-09-06,268.547981925724,268.44,49584300,0.0007721756455552065
2019-09-09,269.42153725651303,268.57,51260300,0.0005030559655161415
2019-09-10,267.81838089006624,268.51,57947100,-0.00023464141281170914
2019-09-11,268.8181325505572,270.42,68821100,0.007111019278298603
2019-09-12,271.3219373460333,271.36,72908700,0.003463765768948024
2019-09-13,271.7992180199048,271.18,62104800,-0.0006640906771115951
2019-09-16,270.0519637037638,270.34,58191200,-0.003088695157401844
2019-09-17,270.142068731276,271.02,41475500,0.0025321422673143523
2019-09-18,270.63738511999253,271.19,73375800,0.0005980224161006298
2019-09-19,271.5740673040189,271.17,76560500,-6.650725182244521e-05
2019-09-20,271.76954107242454,269.89,89565000,-0.004724804848442288
2019-09-23,269.22713033550053,269.82,43476800,-0.00023429173957656424
2019-09-24,270.9100462786687,267.71,94869400,-0.00784699335629524
2019-09-25,267.7884732719116,269.29,71854000,0.0059149203115334
2019-09-26,269.29952886168803,268.73,56179700,-0.002083156261651342
2019-09-27,269.48042710932464,267.28,84746600,-0.005387402381722417
2019-09-30,267.7974315946719,268.52,51662400,0.0046375501696220844
2019-10-01,269.39902066453936,265.33,88242400,-0.011894434591577019
2019-10-02,263.7529700767548,260.64,122539500,-0.017664784540857847
2019-10-03,260.41421121100484,262.78,85278800,0.008192804658653685
2019-10-04,263.42719336876263,266.33,65091200,0.013531867619085647
2019-10-07,265.5354770003789,265.18,59610500,-0.004314349865448652
2019-10-08,263.33682468669383,261.07,95708100,-0.01552459329377065
2019-10-09,263.0743680413565,263.54,62359400,0.009496175275015784
2019-10-10,263.4634494419576,265.33,55296300,0.006763559019981713
2019-10-11,268.06885441369815,268.08,98720400,0.010366625194798251
2019-10-14,267.7613050131464,267.78,40394800,-0.001113454033222827
2019-10-15,268.8199454533121,270.43,46754500,0.009900284867816245
2019-10-16,269.9690115035742,270.0,48928200,-0.0016061674664025194
2019-10-17,271.154339092206,270.79,45736600,0.00294917032826314
2019-10-18,270.25852194722205,269.61,64304000,-0.004377389042169777
2019-10-21,270.9191530022715,271.43,39048600,0.006779569695298582
2019-10-22,271.96869222968974,270.55,48594700,-0.0032667826800255595
2019-10-23,270.29476731931624,271.34,34352200,0.0029094261889190953
2019-10-24,272.2672321483224,271.78,35453100,0.0016338783155993575
2019-10-25,271.2086047238799,272.89,45205400,0.004095044467316233
2019-10-28,274.104059618288,274.43,42147000,0.005636700327249278
2019-10-29,274.15832464822154,274.35,44284900,-0.0002968023962151012
2019-10-30,274.54747360987403,275.19,49643900,0.0030675720140256324
2019-10-31,275.180806729654,274.46,69053800,-0.002663510406465397
2019-11-01,275.8955169845089,277.0,71141500,0.009263565913021798
2019-11-04,278.5467164658584,278.11,60606900,0.004018083192202981
2019-11-05,278.31141105889066,277.8,42933200,-0.0011063089125681325
2019-11-06,277.80466795268586,277.87,46487100,0.00022783434882933662
2019-11-07,279.1981662183995,278.85,54272300,0.0035170093855376727
2019-11-08,278.5013675900096,279.53,49032100,0.002465853332344059
2019-11-11,278.1576150386581,279.0,35797300,-0.0019095534771592648
2019-11-12,279.3609854935828,279.59,46484600,0.002107907447647994
2019-11-13,278.6009741782715,279.68,53917700,0.0003237456520555071
2019-11-14,279.3973215693961,280.08,51219900,0.0014561657023819397
2019-11-15,281.4149096673068,282.11,62023600,0.007235919974059257
2019-11-18,281.8763222079318,282.32,49228000,0.0007374326526135011
2019-11-19,282.9168603339979,282.24,67804700,-0.00028839966399496486
2019-11-20,281.6501230250607,281.19,79406200,-0.0037188122507469945
2019-11-21,281.29733539676613,280.74,54664700,-0.0016086407734325903
2019-11-22,281.4782868521623,281.36,44850200,0.002223896769794731
2019-11-25,282.2834928438309,283.54,48647200,0.007749880526606967
2019-11-26,283.57741508601435,284.18,37569000,0.0022658298924871367
2019-11-27,284.6631984481001,285.45,44444600,0.0044576272515124415
2019-11-29,284.8893290824325,284.39,36592700,-0.0037089308236077922
2019-12-02,284.6450724653287,281.98,75767800,-0.008494629275174526
2019-12-03,279.270634446525,280.08,73941700,-0.006705999467953028
2019-12-04,281.1254102128774,281.81,49080000,0.006169872074252014
2019-12-05,282.50970219442365,282.32,40709000,0.0017977248238931764
2019-12-06,284.2199191499076,284.9,48927000,0.009134529687491622
2019-12-09,284.5093785762691,284.0,34838500,-0.00314443008476728
2019-12-10,283.94843867294895,283.69,52649800,-0.0011149556209838485
2019-12-11,284.1383817026879,284.49,53429100,0.002838478869651606
2019-12-12,284.5003834172899,286.94,96389600,0.008619308082525423
2019-12-13,286.7079965787049,287.12,81503900,0.0005986666824071563
2019-12-16,288.834361024335,289.09,82749700,0.006870184381905453
2019-12-17,289.46775204589784,289.15,61097700,0.0002191531861770457
2019-12-18,289.54007443428276,289.17,48133000,6.237531533304086e-05
2019-12-19,289.35919234435806,290.35,85310500,0.004099311771957437
2019-12-20,291.3819230502159,291.63,147142100,0.004384120972814154
2019-12-23,292.40945093547714,292.07,52990000,0.0015279328860633434
2019-12-24,292.3003367139843,292.08,20270000,3.113686438616092e-05
2019-12-26,292.4639163918748,293.64,30911200,0.005322984235520245
2019-12-27,294.36421068864865,293.56,42528800,-0.0002479761518860979
2019-12-30,293.6460210741499,291.95,49729100,-0.005512860482351112
2019-12-31,291.4456015823898,292.65,57077300,0.002429316709726681
2020-01-02,294.18244866671154,295.39,59151200,0.00935178893723232
2020-01-03,292.01842192277303,293.15,77709700,-0.007572165910748385
2020-01-06,291.4092714821987,294.27,55653900,0.003815282846748591
2020-01-07,293.7096192068169,293.45,40496400,-0.0028120599998776585
2020-01-08,293.63692440584015,295.01,68296000,0.005329652107291416
2020-01-09,296.56466372143524,297.01,48473300,0.006780364098672997
2020-01-10,297.59222743504785,296.16,53029300,-0.0028773903331439366
2020-01-13,296.77387604888196,298.19,47086800,0.006877274348838336
2020-01-14,297.7558156184295,297.74,62832800,-0.0015247924352119746
2020-01-15,297.64668528110525,298.41,72056600,0.002259778253301148
2020-01-16,299.7835221460508,300.89,54050300,0.008318611981574797
2020-01-17,301.602060838024,301.83,95846000,0.0031125832381981855
2020-01-21,300.87464321259114,301.24,77742400,-0.001958172338780928
2020-01-22,302.093018484724,301.27,48914900,0.00012065673735661697
2020-01-23,300.6291779260028,301.62,51963000,0.001147063021307737
2020-01-24,302.27489868037776,298.94,87578400,-0.0088932121467582
2020-01-27,293.7186726961124,294.15,84062500,-0.01602965087273389
2020-01-28,295.56458182841783,297.23,63834000,0.010479555228951387
2020-01-29,298.5833415914443,296.98,53888900,-0.0008260105538377971
2020-01-30,294.9280831672491,297.95,75491800,0.0032453239672241008
2020-01-31,297.3285107663314,292.54,113845600,-0.018158023632194653
2020-02-03,294.00974793263214,294.71,69083000,0.007428663290229176
2020-02-04,298.30137822751436,299.2,62573200,0.015240985008573515
2020-02-05,302.1203078450114,302.66,65951100,0.011548171627039583
2020-02-06,303.6115464439113,303.68,50359700,0.0033649755174134377
2020-02-07,302.6203476646141,302.06,64139400,-0.005330008183237811
2020-02-10,301.17464943831084,304.31,42070000,0.007465403138942728
2020-02-11,305.6572883777854,304.84,54864500,0.0017330075307255832
2020-02-12,306.2665508261337,306.8,43992700,0.006443011151407774
2020-02-13,305.384583005048,306.48,54501900,-0.0010669110170747897
2020-02-14,306.8848140935639,306.97,64582200,0.0016018766462377876
2020-02-18,305.97562052387593,306.18,57226200,-0.0025767786896156997
2020-02-19,307.1394741196409,307.64,48814700,0.0047812347624243134
2020-02-20,307.09402916606956,306.38,74163400,-0.004108133803365277
2020-02-21,305.0299414355744,303.22,113788200,-0.010298506273333285
2020-02-24,293.81882355212537,293.16,161088400,-0.03316518936828261
2020-02-25,294.5461162383918,284.28,218913200,-0.030302497199003575
2020-02-26,285.6717381934317,283.23,194773800,-0.00367814043662551
2020-02-27,277.74304808095087,270.51,284353500,-0.04491144421068238
2020-02-28,262.50385271289247,269.38,384975800,-0.004201499128462238
2020-03-02,271.1508997939303,281.04,238703600,0.0433064604019453
2020-03-03,281.41647571156864,273.0,300139100,-0.02863244183368463
2020-03-04,278.343143597917,284.47,176613400,0.04203293791911866
2020-03-05,277.3065850334191,275.02,186366800,-0.033241739261780534
2020-03-06,266.5499879663746,270.47,228667200,-0.016531177972100464
2020-03-09,250.3196139238083,249.35,309417300,-0.0780946605022722
2020-03-10,258.8121691635351,262.25,276444100,0.05174501705414669
2020-03-11,255.22970801029587,249.46,255316300,-0.04874833316479277
2020-03-12,232.77091945781268,225.6,392220700,-0.09567723550939344
2020-03-13,239.21757012675997,244.88,329566100,0.08548626064148013
2020-03-16,219.29567026756763,218.09,297240000,-0.10942365395621612
2020-03-17,222.80541986754847,229.86,262070500,0.053992063534265666
2020-03-18,214.81301736831665,218.22,327597100,-0.0506329248369809
2020-03-19,217.54079799071988,218.69,289322000,0.0021249599516020012
2020-03-20,221.81991016314782,209.26,347158800,-0.043094199514981946
2020-03-23,208.70443213492814,203.91,326025200,-0.025568211440726074
2020-03-24,214.4024524745698,222.39,235494500,0.09060334106854229
2020-03-25,223.96010990179323,225.72,299430300,0.014970201421634188
2020-03-26,228.21304450745478,238.9,257632800,0.05838979312131376
2020-03-27,231.64279788754072,231.78,224341200,-0.02978577204898203
2020-03-30,233.8653195877224,239.31,171369500,0.03247585094680794
2020-03-31,238.31028086600318,235.74,194881100,-0.014905530675136669
2020-04-01,226.8045329870279,225.13,189554600,-0.04500477427319194
2020-04-02,224.25282207748756,230.33,177660400,0.023075574827241985
2020-04-03,229.34713296100213,227.0,135561200,-0.01445440906049189
2020-04-06,235.82257866876083,242.24,188061200,0.0671662975485614
2020-04-07,250.79471214197147,242.49,201427200,0.0010194861374135389
2020-04-08,245.07832816097692,250.63,153774500,0.0335680661069242
2020-04-09,253.87701109016632,254.44,189999200,0.015217998004053213
2020-04-13,253.47455622786137,252.12,114839100,-0.009130358960778295
2020-04-14,256.98662431123626,259.56,134143400,0.0294927730120631
2020-04-15,253.86775666582818,254.04,121775000,-0.021248295004216877
2020-04-16,255.3128396006162,255.27,131798300,0.004824352601552562
2020-04-17,261.0108843332455,262.16,146684800,0.027015540385527448
2020-04-20,258.477384853948,257.54,100109300,-0.017618045467778787
2020-04-21,253.09956197216107,249.72,126385700,-0.0303630620751828
2020-04-22,254.58116430226596,255.27,92951600,0.022194305190256225
2020-04-23,256.53848723165555,255.25,104709700,-7.14320469626939e-05
2020-04-24,256.75789725188434,258.81,85063200,0.013938254749180645
2020-04-27,260.77308193998005,262.54,77896600,0.014418715712083197
2020-04-28,266.1692816947441,261.33,105270000,-0.004598357707802592
2020-04-29,266.6357972839143,268.17,118745600,0.02617870807907474
2020-04-30,266.80036532536803,265.68,122901700,-0.009310869987508297
2020-05-01,260.9468927193291,258.64,125180000,-0.026473376146898597
2020-05-04,256.76714197902675,259.36,80873200,0.0027582881976366824
2020-05-05,262.16329381700166,261.75,79569900,0.009239093535952758
2020-05-06,263.4436975938998,259.98,73632600,-0.006778880458151226
2020-05-07,263.178561756195,263.11,75250400,0.01206723327100545
2020-05-08,266.2333213332557,267.47,76452400,0.01654608578294603
2020-05-11,265.5473917828157,267.52,79514200,0.00020526236101003903
2020-05-12,268.7027718058145,262.19,95870800,-0.019931687556010602
2020-05-13,261.6328252672218,257.55,144721100,-0.0176859202275933
2020-05-14,255.12990382142075,260.64,121977900,0.011967032718333881
2020-05-15,258.2578937473351,261.83,111146300,0.0045971466591885335
2020-05-18,268.0258902625386,269.81,119703800,0.030459649475738093
2020-05-19,269.21494963691697,267.04,95189300,-0.010270990737140107
2020-05-20,270.5593529321453,271.57,85861700,0.016987746829911332
2020-05-21,271.4465815641365,269.7,78293900,-0.006903731955044123
2020-05-22,269.4161483468762,270.21,63958200,0.0018990623952266361
2020-05-26,276.14762383993184,273.54,88951400,0.01232045168551954
2020-05-27,276.32142205120357,277.61,104817400,0.014879078687965341
2020-05-28,278.6353201334166,277.1,90405200,-0.001845162859119731
2020-05-29,276.6323411356739,278.33,119090800,0.004455960386666291
2020-06-01,277.69327882017524,279.46,55758300,0.004041694073077418
2020-06-02,280.37317234448284,281.77,74267200,0.008280502047820937
2020-06-03,283.74802731711804,285.52,92567600,0.013308066329027257
2020-06-04,284.5437173559386,284.77,75794400,-0.0026267644164486015
2020-06-05,290.14117395158814,292.07,150524700,0.025629644188168044
2020-06-08,292.87583692887944,295.6,73641200,0.012087457168226567
2020-06-09,292.9490397309873,293.4,77479200,-0.0074565369152571614
2020-06-10,293.9733123467785,291.76,95000800,-0.0055803803603895474
2020-06-11,284.86381036530884,274.94,209243600,-0.0576489034443155
2020-06-12,281.91884136581535,278.23,194678900,0.011975921620060559
2020-06-15,272.5714739400508,280.83,135782700,0.009335385731794377
2020-06-16,288.54054784445304,286.24,137627500,0.01924768399032839
2020-06-17,287.25102322318884,285.05,83398900,-0.004153582990417681
2020-06-18,283.53764795491,285.16,80828700,0.00038477951833826296
2020-06-19,288.606925057698,283.53,135549600,-0.005714785346930373
2020-06-22,282.9297852607961,285.35,74649400,0.006415295272893307
2020-06-23,287.98231894180475,286.66,68471200,0.004603853324807394
2020-06-24,284.6292778033308,279.35,132813500,-0.025508827714516125
2020-06-25,278.777527255436,282.34,89468000,0.010720317268078983
2020-06-26,281.24866508004715,275.64,127961000,-0.02375143715634309
2020-06-29,276.88516190649545,279.69,79773300,0.014697575319136291
2020-06-30,279.2551714979633,283.27,113394800,0.012809359479651672
2020-07-01,284.3811608808627,285.25,72396500,0.007004821497713198
2020-07-02,288.67113975287964,286.82,69344200,0.005506890942077014
2020-07-06,290.6279302554761,291.25,61713800,0.015437606504408175
2020-07-07,289.71847561105767,288.25,82910000,-0.010313854123608412
2020-07-08,289.0111086325023,290.45,54638600,0.007648645913134633
2020-07-09,291.0597259556873,288.8,83354200,-0.005692731006298191
2020-07-10,288.7356024495262,291.75,57550400,0.010210606235922626
2020-07-13,294.08201958882603,289.22,102997500,-0.008659080491655757
2020-07-14,287.8076278547291,292.97,93657000,0.012958623717598927
2020-07-15,296.1765111680916,295.66,87196500,0.009187657609806887
2020-07-16,293.76959959487846,294.69,54622500,-0.0032937820071828883
2020-07-17,295.6896482450568,295.54,62774900,0.00289944103068418
2020-07-20,295.27622821454463,297.93,56308800,0.008081498980519353
2020-07-21,299.88780591530656,298.56,57292200,0.0021276081406951253
2020-07-22,298.20664479704493,300.26,57792900,0.0056918996375177056
2020-07-23,299.9061124158589,296.68,75738000,-0.011931725612489674
2020-07-24,294.83524609108844,294.77,73766600,-0.006440459896482786
2020-07-27,295.45987888682316,296.92,48293000,0.0072923290417468145
2020-07-28,296.19478131867083,295.04,57495000,-0.006342366728125826
2020-07-29,295.910055607234,298.67,48454200,0.012298890035078447
2020-07-30,295.70796004076783,297.6,61861700,-0.0035679084830145813
2020-07-31,299.38247841301813,299.95,84986800,0.007902156819153294
2020-08-03,301.6055644080118,302.04,53077900,0.006952100494585833
2020-08-04,301.1830061675054,303.2,41917900,0.0038627246465374743
2020-08-05,304.499247726503,305.09,42697700,0.0062108287858684275
2020-08-06,304.50847479244663,307.13,43679400,0.006684641219810272
2020-08-07,306.16200149282446,307.35,57308300,0.0007179108981656412
2020-08-10,307.79708281522653,308.27,44282100,0.0029886364493898476
2020-08-11,309.44158091644624,305.72,69601100,-0.008254228413581033
2020-08-12,308.14631518865264,309.98,53774400,0.013942386349831581
2020-08-13,309.2210563466594,309.42,41816100,-0.0018079177029245441
2020-08-14,309.03742849554806,309.43,47260400,2.998270668497227e-05
2020-08-17,310.442902112571,310.42,35481000,0.0031764936315286096
2020-08-18,310.8102697584453,311.09,38733900,0.002160113019566978
2020-08-19,311.46254034452477,309.79,68054200,-0.004163567518718936
2020-08-20,308.0727368847193,310.76,42207800,0.0031134188797010687
2020-08-21,310.42447869422375,311.86,55106600,0.003547443857672139
2020-08-24,314.2827768358285,315.02,48588700,0.010133332707045861
2020-08-25,315.578035456616,316.12,38463400,0.00349924921288447
2020-08-26,316.7079196553296,319.29,50790200,0.010025465744909479
2020-08-27,320.1528630739039,319.99,58034100,0.0021867683074103805
2020-08-28,321.0071247417891,322.05,48588900,0.006459202601725167
2020-08-31,321.84311210346374,320.89,66099200,-0.00362245058952948
2020-09-01,321.71442700956277,323.91,54908700,0.009418394881371972
2020-09-02,325.8115748999467,328.6,69540000,0.01446407638600089
2020-09-03,326.91390709312424,317.29,148011100,-0.03441433690318241
2020-09-04,317.96643711549046,314.7,139156300,-0.00816468528108849
2020-09-08,309.31284051450297,306.1,114465300,-0.027323122408713263
2020-09-09,310.08448592607925,312.14,91462300,0.019747349182325014
2020-09-10,314.0071656953316,306.72,90569500,-0.01736333499767362
2020-09-11,308.4953124238538,306.88,84680200,0.0005089207894390935
2020-09-14,310.02933533202486,310.92,65605700,0.01317101233666751
2020-09-15,313.3641397614204,312.49,52920900,0.005052884502131816
2020-09-16,313.7222840446239,311.25,82096000,-0.0039690538413159615
2020-09-17,306.419220280496,308.51,91523300,-0.008795010686260096
2020-09-18,309.31512721590326,304.96,105877900,-0.011512875620327545
2020-09-21,300.3965468690944,301.57,99450800,-0.01112910261384259
2020-09-22,303.04342914695485,304.64,63612100,0.010183898117099632
2020-09-23,305.19248294549067,297.57,93112200,-0.02319069010482533
2020-09-24,296.26444372300983,298.37,76681300,0.002665186599981606
2020-09-25,297.5188098317548,303.19,71069400,0.016167087727193774
2020-09-28,307.33219516977516,308.23,64584600,0.016609320375997383
2020-09-29,308.0239196318029,306.55,51304000,-0.005446052005861013
2020-09-30,307.2123221968008,308.87,104081100,0.00758210177191132
2020-10-01,311.45502596343215,310.86,88698700,0.006420229195661209
2020-10-02,305.9303234212104,307.9,89431100,-0.00949469051691354
2020-10-05,309.95157659995147,313.36,45713100,0.017733066386504737
2020-10-06,313.5024779338328,308.91,90128900,-0.014215962968027074
2020-10-07,311.8515860716545,314.29,56999600,0.017406841223108316
2020-10-08,316.2140965427438,317.07,45242500,0.008862421275248833
2020-10-09,318.71344098007324,319.9,59528600,0.008929807186079497
2020-10-12,322.43044687423406,325.05,80388500,0.016087914922544355
2020-10-13,324.9114894581619,322.93,73255500,-0.006526005630146825
2020-10-14,323.50030508369025,320.9,57727900,-0.006283570859260901
2020-10-15,317.00721375031816,320.5,60357700,-0.0012359214933080898
2020-10-16,321.8493854624627,320.31,89501900,-0.0006041571151284009
2020-10-19,321.5634563511587,315.44,68425600,-0.01520347488397844
2020-10-20,316.77671434018436,316.7,60051900,0.004005875981345719
2020-10-21,316.65678774336294,316.1,63575000,-0.001892997326388146
2020-10-22,316.3155349317443,317.84,55399300,0.005485284575505567
2020-10-23,319.05484484338615,318.92,49143900,0.0033953298036446533
2020-10-26,315.54994772507445,313.02,91473000,-0.018480312826786305
2020-10-27,313.3641216886395,311.94,65994100,-0.003447259916319667
2020-10-28,306.2993232859685,301.28,127094300,-0.034178610696989686
2020-10-29,301.5124642403669,304.34,90597700,0.010163276291182077
2020-10-30,302.7759837968387,301.17,120287300,-0.010425015464652021
2020-11-02,304.5467834472656,304.55,86068300,0.011208278391537263
2020-11-03,307.76568671307086,309.92,93294200,0.017656090969096372
2020-11-04,314.37865106265446,316.85,126959700,0.02234927654593255
2020-11-05,322.107657910906,323.03,82039700,0.019502904679733923
2020-11-06,322.74400475930975,322.96,74973000,-0.00022852994687028172
2020-11-09,335.6933493645221,327.01,172304200,0.012565972513252088
2020-11-10,326.02747194823814,326.53,85552000,-0.0014667389848527224
2020-11-11,328.71134641817173,328.96,58649000,0.007428393429428359
2020-11-12,327.9551585129507,325.77,67546200,-0.009700563316571098
2020-11-13,327.6692037314988,330.28,62892200,0.013844370783999027
2020-11-16,332.9355686346887,334.4,74541100,0.012482404865229224
2020-11-17,332.0040500584204,332.6,66111000,-0.005378234054160713
2020-11-18,332.87100914114745,328.6,70591300,-0.012034863071032076
2020-11-19,327.9735014478599,329.98,59940900,0.004210042211867604
2020-11-20,329.7258822189603,327.72,70417300,-0.006847826489052022
2020-11-23,329.52304728538064,329.69,63230600,0.005994668901537548
2020-11-24,332.2253025253493,335.0,62415900,0.016113390311860654
2020-11-25,334.9185027829936,334.49,45330900,-0.0015416319891324859
2020-11-27,335.5733419142613,335.42,28514100,0.0027850248234440045
2020-11-30,334.6418093714301,333.93,83872700,-0.00442710489467224
2020-12-01,337.16902261455584,337.58,74231400,0.010937582249828992
2020-12-02,336.4772371080401,338.29,45927000,0.00210360665032594
2020-12-03,338.19276373886237,338.2,62882000,-0.00027252493950502554
2020-12-04,338.78292032118566,341.12,50749900,0.008617239731125714
2020-12-07,340.35086732798777,340.42,48944300,-0.0020548053665060406
2020-12-08,339.152010198451,341.41,42458900,0.002926560411620871
2020-12-09,342.0664269707274,338.35,74098300,-0.00896912574152764
2020-12-10,336.984534864023,338.24,57735400,-0.00032695841098029366
2020-12-11,336.5510866383938,337.84,57698600,-0.0011724728810947882
2020-12-14,340.0005482684858,336.33,69216200,-0.004477157454863767
2020-12-15,338.8567558775116,340.88,63865300,0.01351909874852697
2020-12-16,341.08886783217235,341.41,58420500,0.0015696726319835985
2020-12-17,343.0440274518557,343.32,64119500,0.0055915693561083835
2020-12-18,343.6078399615116,341.95,136542300,-0.0039929126689021155
2020-12-21,338.05044054116735,340.73,96386700,-0.0035753639910993673
2020-12-22,341.0515319715881,340.15,47949000,-0.0016851842878665702
2020-12-23,341.1163946418889,340.46,46201400,0.0008986970910815906
2020-12-24,340.93098740123696,341.78,26457900,0.0038899609928260137
2020-12-28,344.32114641440614,344.72,39000400,0.008591148751512234
2020-12-29,346.23841072844647,344.06,53680500,-0.0019079713666190212
2020-12-30,344.8768330723695,344.55,49455300,0.001426795568471917
2020-12-31,344.35820063241187,346.3,78520700,0.005080998283393923
2021-01-04,347.6277697833951,341.59,110210800,-0.01361416403918092
2021-01-05,340.949602377982,343.94,66426200,0.00688740945600963
2021-01-06,342.4408242377529,346.0,107997700,0.005978472565431048
2021-01-07,348.3594891696927,351.14,68766800,0.014857401212544197
2021-01-08,352.5183825734694,353.14,71677200,0.005697935624912498
2021-01-11,349.9804137736542,350.76,51034700,-0.006741039183840392
2021-01-12,350.9437227941285,350.83,52547700,0.00021124702477104407
2021-01-13,350.75850265414215,351.78,45303600,0.002693091671848835
2021-01-14,352.5184321688258,350.55,49989100,-0.003501765977929616
2021-01-15,348.9338006185688,347.99,107160000,-0.007292884381869924
2021-01-19,350.43427237101565,350.72,51233300,0.007851858802647271
2021-01-20,352.99994173082,355.57,61836100,0.013838663838024345
2021-01-21,356.13069985378786,355.9,47840100,0.0009118155729415101
2021-01-22,354.0559589420297,354.64,52860500,-0.0035393273408749204
2021-01-25,355.371129814601,356.04,70402000,0.003943523124472881
2021-01-26,356.9828680859552,355.48,42665300,-0.0015606874087463751
2021-01-27,352.1755899701056,346.79,123351100,-0.024440685049319066
2021-01-28,348.60038809417415,349.78,94198100,0.00860050599494011
2021-01-29,347.9241319205002,342.77,126765100,-0.02001992063156921
2021-02-01,346.1550740721614,348.48,75817600,0.016645705770268027
2021-02-02,351.64776914684955,353.41,64450700,0.014140478786610844
2021-02-03,354.2319346206023,353.69,52427100,0.0007861517775500371
2021-02-04,354.7135208194631,357.71,47142600,0.011365568940680637
2021-02-05,359.56706738711136,359.11,48669800,0.003935915910940446
2021-02-08,360.55807565817906,361.71,38365200,0.0072218033161217665
2021-02-09,360.8730425291398,361.47,35551100,-0.0006656877934373417
2021-02-10,363.19795194487796,361.31,59154400,-0.00043556033076241896
2021-02-11,362.3828137358075,361.89,42913300,0.0016149529780087324
2021-02-12,361.09537339619646,363.68,50593300,0.004939843018587409
2021-02-16,364.9022500003414,363.36,50972400,-0.0008659019977506066
2021-02-17,361.6233007480512,363.45,52290600,0.00022928201805805237
2021-02-18,360.8545263633819,361.9,59712800,-0.0042559430046558155
2021-02-19,363.1516568082577,361.26,83241000,-0.0017658649145805283
2021-02-22,358.51118456360194,358.48,67414200,-0.0076916923252110525
2021-02-23,356.2882687067048,358.92,107284100,0.0012145451895599901
2021-02-24,357.83499100141944,362.87,72433900,0.011019083243495764
2021-02-25,361.61402308071797,354.13,146670500,-0.02409591336787642
2021-02-26,356.00102164898425,352.31,152701600,-0.00515256161792732
2021-03-01,357.14958006161066,360.85,105348800,0.024240277053517056
2021-03-02,361.0675208946455,358.03,79595300,-0.007803417709036475
2021-03-03,357.33484267513,353.29,119940200,-0.013245499943785766
2021-03-04,353.1018549094259,348.92,183433000,-0.01237496883776934
2021-03-05,352.397907830953,355.33,152039600,0.01839659834404106
2021-03-08,356.28815545159534,353.57,123149200,-0.004978705876573453
2021-03-09,357.3903607802828,358.61,113633600,0.014277442946936558
2021-03-10,360.9471771777907,360.85,109899400,0.006224730408761481
2021-03-11,363.29980330973046,364.5,86245000,0.010139055755080895
2021-03-12,363.15163038715974,364.99,64653600,0.0013468615037561804
2021-03-15,365.2449404075043,367.17,73427200,0.005963637081170647
2021-03-16,367.7828178436457,366.71,73722500,-0.0012614411347833254
2021-03-17,365.4301814608711,367.96,97959300,0.0034099514825696176
2021-03-18,365.3838583264933,362.61,115349100,-0.01454972205577132
2021-03-19,362.30587805219596,361.93,113624500,-0.0018503860301156694
2021-03-22,362.4453063598302,364.82,73778600,0.007985086500606808
2021-03-23,364.1923465537259,361.95,90686600,-0.007870803453175701
2021-03-24,363.34665077996937,360.11,97588600,-0.005083610100072744
2021-03-25,358.6817658979914,362.14,116128600,0.005625764024686175
2021-03-26,363.28159933715943,367.97,114409100,0.016114779683412905
2021-03-29,366.506230599657,367.79,108107600,-0.0005049848699434367
2021-03-30,366.5247931234567,366.81,76262200,-0.0026530701316943572
2021-03-31,367.379739547907,368.3,112734200,0.004053420860578916
2021-04-01,370.2233780414043,372.28,99682900,0.010799237184243804
2021-04-05,374.92543787321307,377.62,91684800,0.014352916583837416
2021-04-06,377.0627218481214,377.4,62021000,-0.0005907613491437091
2021-04-07,377.2301135360446,377.83,55836300,0.0011576386726357413
2021-04-08,379.0793553590518,379.63,57863100,0.004746758890672442
2021-04-09,379.50684182818276,382.39,61104600,0.007270147250265646
2021-04-12,381.7928419590288,382.53,56704900,0.00036456283265962064
2021-04-13,382.42469025489237,383.66,56551000,0.002963546471682843
2021-04-14,383.63277915671523,382.35,61659900,-0.0034150265463369633
2021-04-15,384.47840249341357,386.46,60229800,0.010742399666433977
2021-04-16,387.7402098886137,387.75,82037300,0.003342533565897643
2021-04-19,386.82020814297175,385.84,78498500,-0.00491311982833631
2021-04-20,384.6363084647072,383.02,81851800,-0.007321793091087936
2021-04-21,382.4060920583846,386.64,66793000,0.009462201509563561
2021-04-22,386.4763357663494,383.11,97582800,-0.009133088288861724
2021-04-23,383.6698834905282,387.27,73209200,0.010842352828719592
2021-04-26,387.9166850756221,388.07,52182400,0.0020876382532364346
2021-04-27,388.37206467020457,387.99,51303100,-0.00021539064029763022
2021-04-28,388.26058398462,387.88,51238900,-0.0002873280465917061
2021-04-29,390.5930916563602,390.35,78544300,0.0063728369655542405
2021-04-30,388.0932978632619,387.79,85527000,-0.006570616596605849
2021-05-03,389.7660376531201,388.62,68128300,0.002156922739858569
2021-05-04,386.6435575178808,386.23,101591200,-0.0061696664153788605
2021-05-05,387.8610371745142,386.35,60162200,0.00031313624318518585
2021-05-06,386.4205253076762,389.43,74321400,0.007985278751727165
2021-05-07,390.1935416865544,392.27,67733800,0.007278333608131238
2021-05-10,392.6188101941591,388.38,81852400,-0.009902700889373617
2021-05-11,383.8836790361329,384.92,116888000,-0.008924620863319688
2021-05-12,382.14593854145664,376.74,134811000,-0.021245233055046775
2021-05-13,378.2801563667472,381.26,106394000,0.012012536962524578
2021-05-14,383.9858394467586,387.12,82201600,0.015355196374356339
2021-05-17,386.01175585096786,386.13,65129200,-0.002544330474906431
2021-05-18,386.3926838620524,382.81,59810200,-0.008615806583701535
2021-05-19,378.1407743642917,381.8,106467100,-0.0026216983927568327
2021-05-20,382.6755962796749,385.91,78022200,0.01075790685091893
2021-05-21,387.3870310910262,385.59,76578700,-0.0008187113784986488
2021-05-24,387.82376329020775,389.52,51376700,0.010194197463278876
2021-05-25,390.6023692130514,388.66,57451400,-0.0022185166422828972
2021-05-26,389.2455300855949,389.43,43088600,0.001984277636489784
2021-05-27,390.453631092409,389.64,56707700,0.0005250418309445948
2021-05-28,391.19707455869894,390.33,58520200,0.0017888265191514652
2021-06-01,392.68387589063093,389.99,54216600,-0.0008809713702286892
2021-06-02,390.63956543786463,390.6,49097100,0.0015728734574786962
2021-06-03,388.29767053815266,389.15,58138800,-0.003711699247589295
2021-06-04,390.99262682035794,392.71,55938800,0.009146037344515578
2021-06-07,392.7025150607527,392.33,51555000,-0.0009701298842589301
2021-06-08,393.1857759973802,392.41,47134300,0.00021328735080006211
2021-06-09,393.25073913778317,391.83,48436300,-0.001492148701907614
2021-06-10,393.0463976777421,393.65,51020100,0.0046486411295934005
2021-06-11,394.19863560369777,394.3,45570800,0.0016522810789589837
2021-06-14,394.4124317172902,395.18,42358500,0.00223916349662745
2021-06-15,395.33238351653245,394.46,51508500,-0.0018342961721490303
2021-06-16,394.5983235481571,392.26,80386100,-0.005583171664850672
2021-06-17,391.84760199223103,392.13,90949700,-0.00033181721780484175
2021-06-18,388.85950415112694,386.84,118676300,-0.013490492830018908
2021-06-21,388.5891597876732,392.37,72822000,0.01431603627526501
2021-06-22,392.3650319575485,394.47,57700300,0.0053461362058027095
2021-06-23,394.54664482628675,394.0,49445400,-0.001205317010751883
2021-06-24,396.13155325117157,396.33,45110300,0.00591565921638848
2021-06-25,397.0732323076562,397.74,58129500,0.0035522074861240593
2021-06-28,398.25727348362227,398.54,53159600,0.002015884924605915
2021-06-29,398.91918326202716,398.75,35970500,0.0005380090861204501
2021-06-30,398.29453168040874,399.09,64827900,0.0008417082590805869
2021-07-01,399.8421294554618,401.3,53441000,0.005536471146185384
2021-07-02,402.4526561515775,404.36,57697700,0.007643605150997823
2021-07-06,404.42000719816014,403.63,68710400,-0.0018210296662781733
2021-07-07,404.3079005145231,405.05,63549500,0.0035334767319716853
2021-07-08,399.7582794572034,401.75,97595200,-0.008147790357137086
2021-07-09,403.25443886623873,406.04,76238600,0.010674717920869492
2021-07-12,405.95817542684443,407.5,52889600,0.003581986753135258
2021-07-13,406.7132991811884,406.11,52911300,-0.0034090862284404944
2021-07-14,407.79474610312883,406.71,64130400,0.0014921106602650003
2021-07-15,405.3801248896569,405.32,55126400,-0.003415351184571702
2021-07-16,406.4989460325066,402.15,75874700,-0.007843520800068449
2021-07-19,397.34360297120685,396.21,147987000,-0.014767913277553335
2021-07-20,396.86813967571476,401.88,99608200,0.014330483119159076
2021-07-21,403.07728599269296,405.14,64724400,0.008096098887267589
2021-07-22,405.31487664645783,405.99,47878500,0.0020942255357818684
2021-07-23,407.90677774508174,410.16,63766600,0.010288157407522869
2021-07-26,409.5755177575135,411.17,43719200,0.0024545727335882894
2021-07-27,410.1349462433999,409.3,67397100,-0.004557488188969949
2021-07-28,409.9205257266722,409.13,52472400,-0.00041001186491873565
2021-07-29,410.05108065733845,410.82,47435300,0.004147450588185775
2021-07-30,408.27037783028055,408.83,68951200,-0.0048563688213634215
2021-08-02,410.53585279390853,407.97,58783300,-0.0020981546420887343
2021-08-03,408.76438768989965,411.29,58053900,0.008135288327885348
2021-08-04,410.0137549202648,409.27,46732200,-0.004918758238925625
2021-08-05,410.42399765718676,411.86,38969700,0.0063329125559219435
2021-08-06,412.17675592861804,412.54,46930000,0.0016524374471178493
2021-08-09,412.5123024707758,412.2,41222600,-0.0008137224978440605
2021-08-10,412.6521993404,412.72,43339300,0.0012440844170948928
2021-08-11,413.78031206478073,413.74,44034300,0.0024848553593090905
2021-08-12,413.5938605071988,414.98,38909400,0.0029970058707591285
2021-08-13,415.43054010755844,415.74,39470300,0.0018198781703087086
2021-08-16,414.44228007699377,416.72,73740000,0.002354636417623013
2021-08-17,414.17191970261024,413.99,92673900,-0.006555187493038295
2021-08-18,412.97846664369814,409.45,89351900,-0.010945211211165762
2021-08-19,406.7412780804755,410.09,92812200,0.001548334318277833
2021-08-20,410.4332861309736,413.35,72008700,0.007957122061817756
2021-08-23,415.02961932645024,416.99,54973000,0.008796577908449565
2021-08-24,417.6493835449219,417.65,38744700,0.0015873276089324317
2021-08-25,417.8359134013071,418.53,40529700,0.0020984930439329474
2021-08-26,418.2460333600454,416.06,57829600,-0.005903346984823199
2021-08-27,416.85693316240236,419.78,77235100,0.008941052690567775
2021-08-30,420.4463669901376,421.62,48357400,0.004397612828321629
2021-08-31,421.5278256069639,421.0,59300200,-0.0014816498355492147
2021-09-01,421.9286615929036,421.22,48721400,0.0005313438505103463
2021-09-02,422.63728833645627,422.52,42501000,0.0030767525397499274
2021-09-03,421.3880192926544,422.41,47170500,-0.00024268676787231325
2021-09-07,422.0686845634547,420.9,51671500,-0.0035752970726676825
2021-09-08,420.37174479230555,420.39,56181900,-0.0012185909399681227
2021-09-09,420.1946484083509,418.59,57970400,-0.004280108413926564
2021-09-10,420.51168409438407,415.29,89948200,-0.007884434915537586
2021-09-13,418.2741120636888,416.35,83738600,0.0025591836008842517
2021-09-14,417.7892271408591,414.11,78197100,-0.005396658465190218
2021-09-15,414.526223828561,417.57,78792200,0.008352883997834848
2021-09-16,417.04343662553293,416.9,77786700,-0.0015853493026897203
2021-09-17,416.13475093436307,412.84,118425000,-0.009741165003074093
2021-09-20,406.74432982392835,405.96,166445500,-0.016674130186955627
2021-09-21,408.2875973593277,405.58,92526100,-0.0009445625596600227
2021-09-22,407.83862947573203,409.53,102350100,0.009754784257415494
2021-09-23,411.39280997305156,414.51,76396000,0.012150053850623177
2021-09-24,412.8798959122565,415.19,62094800,0.0016471101176160907
2021-09-27,414.1612437208706,414.0,61371100,-0.002860944204935989
2021-09-28,411.24311932770905,405.66,130436300,-0.020151811591692326
2021-09-29,407.0342471994263,406.34,82329200,0.0016831110976700536
2021-09-30,407.81055870084094,401.38,140506000,-0.012222288229554956
2021-10-01,403.0966246093554,406.15,129240100,0.011884100086380522
2021-10-04,404.9859246361656,400.91,128570000,-0.01289603956304286
2021-10-05,402.40448811569496,405.08,90682500,0.010404999515108315
2021-10-06,401.4972736297954,406.76,113032200,0.004156130750530895
2021-10-07,410.0272942635366,410.28,72437500,0.008645782433256866
2021-10-08,411.04673863158837,409.53,74557400,-0.0018238552983553813
2021-10-11,408.87687942323765,406.57,65233300,-0.007239598349539689
2021-10-12,407.48324414407466,405.57,71181200,-0.002461647797536437
2021-10-13,406.58533954701886,407.02,72974000,0.003597630083474357
2021-10-14,410.6726817686658,413.87,70236800,0.016820828478249172
2021-10-15,415.9758420926981,417.02,66260200,0.00761576373059536
2021-10-18,415.24619873026535,418.26,62213200,0.0029602586808861187
2021-10-19,419.8759589330048,421.48,46996800,0.0077148736337029344
2021-10-20,421.94304215430157,423.14,49571600,0.0039278962523920935
2021-10-21,422.54160853266404,424.24,41305400,0.002608207921569683
2021-10-22,423.8136529308841,423.8,58845100,-0.0010361380106480578
2021-10-25,424.88920251258514,426.08,45214500,0.0053627007682388594
2021-10-26,427.62030473700503,426.46,56075100,0.0009000341792384514
2021-10-27,426.9188157990134,424.57,72438000,-0.0044302173324695104
2021-10-28,425.9928363723962,428.67,51437900,0.009648837877773264
2021-10-29,426.37633178072844,429.54,70162400,0.002029176197748228
2021-11-01,430.5197400572505,430.28,48433600,0.0017202731918588565
2021-11-02,430.44493394260024,432.02,48908400,0.004043107662839773
2021-11-03,431.4549400945778,434.65,52509800,0.006104981609611704
2021-11-04,435.252290589815,436.7,52847100,0.0047125790192499295
2021-11-05,438.9186703415237,438.22,66390600,0.003469567679665664
2021-11-08,439.3116013484249,438.59,50405200,0.0008539293949003657
2021-11-09,438.9562129182513,437.14,51149100,-0.0033053008179998455
2021-11-10,435.45806257315104,433.62,69429700,-0.00804509273079379
2021-11-11,435.11209676144165,433.77,34848500,0.0003237380199339057
2021-11-12,435.02789318029676,437.04,53466700,0.0075467755575286954
2021-11-15,438.32012144161854,437.19,46980500,0.00034229723340462037
2021-11-16,436.92650252909095,438.92,48857500,0.003957827383887835
2021-11-17,438.65676324112394,437.85,47858300,-0.002429343240195947
2021-11-18,438.88131251708705,439.34,50625600,0.0033966082566860845
2021-11-19,439.2273759676528,438.55,57315600,-0.0017882396154951241
2021-11-22,440.4245466558774,437.32,72762000,-0.002815274056912398
2021-11-23,436.99201694576334,437.9,73206500,0.0013260916896487007
2021-11-24,435.90706300520714,439.07,61858800,0.0026698570215253348
2021-11-26,432.4277829370123,429.28,112669600,-0.022303067692666767
2021-11-29,434.0458252551393,434.54,86268800,0.012266511025122773
2021-11-30,432.10980741288563,426.09,148559600,-0.019457468285996704
2021-12-01,431.77304290871774,421.35,131939200,-0.011107362046457347
2021-12-02,421.5688309159097,427.81,127637800,0.015316160302225157
2021-12-03,429.4628896298023,424.08,137331600,-0.00870107114305363
2021-12-06,426.6194532350287,429.11,98977500,0.011843055337873443
2021-12-07,434.3637525195676,437.98,95484700,0.02068481664520072
2021-12-08,438.3762317093102,439.14,72238800,0.0026480230164231955
2021-12-09,437.8617859732188,436.18,61272600,-0.006751567755117316
2021-12-10,438.871953514165,440.28,77159800,0.009413554020520465
2021-12-13,439.76988472108684,436.38,87724700,-0.00885824684066261
2021-12-14,433.1291314907617,433.38,97264100,-0.006880272324065406
2021-12-15,433.4378558520737,440.15,116899300,0.015625182644945168
2021-12-16,441.99589716215934,436.27,116568600,-0.008818449270828532
2021-12-17,433.20551444609686,431.63,135511600,-0.01064280895672809
2021-12-20,426.5696462517917,427.04,107134800,-0.010633566015576412
2021-12-21,430.4460118667737,434.62,69806300,0.0177590391684197
2021-12-22,434.3693368416024,438.97,58890200,0.00999872346861519
2021-12-23,439.96328236392037,441.7,56439700,0.006222001670314503
2021-12-27,443.07001273264143,447.95,56808600,0.014152165854902199
2021-12-28,448.3824922202725,447.58,47274600,-0.0008170482328921924
2021-12-29,447.6878408773432,448.16,54503000,0.0012789730033604396
2021-12-30,448.57956514884495,446.92,55329000,-0.0027643453315930877
2021-12-31,446.4301930229222,445.79,65237400,-0.0025202432729893864
2022-01-03,447.04960339482227,448.37,72668200,0.005789887668909088
2022-01-04,449.7903556966754,448.22,71178700,-0.00033480151864717644
2022-01-05,447.85680153227196,439.62,104538900,-0.019202283213711313
2022-01-06,439.15611548728646,439.2,86858900,-0.0009393740667087425
2022-01-07,439.21243352735695,437.47,85111600,-0.003953499925825832
2022-01-10,434.28484075797536,436.92,119362000,-0.0012443750071067239
2022-01-11,436.6594768734693,440.9,74303100,0.009108288854373647
2022-01-12,442.6289048560433,442.09,67605400,0.0027035869871498974
2022-01-13,443.19200052308105,436.0,91173100,-0.013778728147031405
2022-01-14,432.8675097785327,436.18,95890900,0.0004089752820883863
2022-01-18,431.50661955919577,428.46,109709100,-0.017709443305951145
2022-01-19,429.99552299874756,424.01,109357600,-0.01038351873796306
2022-01-20,425.8844492805024,419.31,122379700,-0.01106818891090977
2022-01-21,418.1974961479108,411.08,202271200,-0.019630436244531646
2022-01-24,405.4983319626778,412.83,251783900,0.004246580345837581
2022-01-25,406.4650696517462,407.79,167997300,-0.012208991547706494
2022-01-26,413.6546772543713,406.77,186391100,-0.0025087534713976734
2022-01-27,411.34568253977307,404.76,149878300,-0.004938145637033542
2022-01-28,406.1084105135008,414.81,164457400,0.024835577283389032
2022-01-31,414.142700120237,422.28,152251400,0.018011006979895994
2022-02-01,423.0030224285111,425.13,123155400,0.00675703606489142
2022-02-02,427.52700300171256,429.26,117361000,0.009714029631795906
2022-02-03,423.25635679704544,419.17,118024400,-0.023505159886857085
2022-02-04,418.9389647113515,421.14,118454400,0.0047024941325299885
2022-02-07,421.90485354850045,419.79,84472900,-0.003209404475398192
2022-02-08,419.29559079665904,423.25,81012000,0.008227887946432366
2022-02-09,427.26417963134577,429.44,92589900,0.01463606605225376
2022-02-10,423.6225314818853,421.73,140103700,-0.017965461209132005
2022-02-11,421.81102228825836,413.41,153214600,-0.01971881456852187
2022-02-14,412.90374279218094,412.06,123006300,-0.0032695192313371146
2022-02-15,416.4798044209463,418.7,88482700,0.01612697168470456
2022-02-16,416.66744935495655,419.17,84863600,0.001120691458466716
2022-02-17,416.00115999955716,410.22,102259100,-0.021361180248782086
2022-02-18,410.4728334127503,407.56,132642900,-0.006475118305802718
2022-02-22,405.36689318747625,403.19,124391800,-0.010731760133558699
2022-02-23,406.08972029022135,396.04,132578000,-0.017738356180869608
2022-02-24,385.7785700815535,402.0,213942900,0.015048906344937052
2022-02-25,403.2268823286692,410.87,121804500,0.0220638975452927
2022-02-28,405.4984049648508,409.82,145615000,-0.002558215711018663
2022-03-01,408.3234425116689,403.57,137785900,-0.01523056929380684
2022-03-02,405.81744799908034,411.0,117726500,0.0183963348131575
2022-03-03,413.4200830615283,408.95,105501700,-0.004978319073675963
2022-03-04,405.23554101174136,405.63,113978200,-0.0081247399360862
2022-03-07,405.0478685738955,393.67,137896600,-0.029479051400289946
2022-03-08,393.85041590198745,390.69,164772700,-0.007581948627309654
2022-03-09,399.0314934618867,401.16,116990800,0.026810953000942606
2022-03-10,396.57234376713836,399.35,93972700,-0.004515613552211417
2022-03-11,401.82845214023683,394.27,95636300,-0.012715040287576307
2022-03-14,395.04251079882187,391.39,95729200,-0.007308236861830575
2022-03-15,393.99124132149103,400.0,106219100,0.021990371546823706
2022-03-16,403.48973577211655,408.87,144954800,0.02217409409312876
2022-03-17,406.96256340055044,413.98,102676900,0.012511101651833334
2022-03-18,412.3788887995638,418.52,106345500,0.0109527900463251
2022-03-21,418.3479270869368,418.4,88349800,-0.00029262108500804906
2022-03-22,419.77904208379323,423.29,74650400,0.01170148610120747
2022-03-23,420.76766221116077,417.84,79426100,-0.01287836431478695
2022-03-24,419.8543513228499,424.14,64736900,0.015074241330574889
2022-03-25,424.7690638457169,426.21,77101300,0.004883740005871218
2022-03-28,425.61638352750333,429.24,68529800,0.007112970861092638
2022-03-29,433.1106779472441,434.55,86581500,0.012370661997991528
2022-03-30,433.41197162549577,431.87,79666900,-0.006174780308093597
2022-03-31,431.1053481916122,425.22,121699900,-0.0153912165030744
2022-04-01,426.79319702790644,426.43,89048800,0.002834004610424934
2022-04-04,426.6238275552801,430.08,59601000,0.008566800504511196
2022-04-05,428.59151104712674,424.65,74214500,-0.012631456003203922
2022-04-06,420.7488018120138,420.4,106898000,-0.00999933883442261
2022-04-07,419.52485288651064,422.52,78097200,0.0050390249309635315
2022-04-08,421.7656951059346,421.39,79272700,-0.0026737985295444133
2022-04-11,418.13146105748064,414.19,89770500,-0.017092313644230583
2022-04-12,417.16173214238097,412.65,84363600,-0.0037051838681008142
2022-04-13,412.40712386848077,417.38,74070400,0.011453522498777735
2022-04-14,417.6041663493815,412.18,97869500,-0.012451878753066081
2022-04-18,411.25843764326237,412.35,66002500,0.00041113991484453827
2022-04-19,412.2469372930201,419.01,77821000,0.016142506637110587
2022-04-20,420.77709519303664,418.7,65224400,-0.0007412953513541432
2022-04-21,422.3022765002863,412.44,85417300,-0.014953670749269565
2022-04-22,411.35261559680123,401.12,132471800,-0.027439051461077835
2022-04-25,398.8871230668873,403.44,119647700,0.0057976163757194055
2022-04-26,400.92073603730137,391.76,103996300,-0.02896085212366395
2022-04-27,392.8332367337777,392.86,122030000,0.0028118305339275285
2022-04-28,397.58784935923745,402.78,105449100,0.02525944232571553
2022-04-29,398.81181190653876,387.9,145491100,-0.03695560776536222
2022-05-02,387.96565155346553,390.23,158312500,0.006019338038030897
2022-05-03,390.7336728773015,392.02,100028200,0.004584033577301083
2022-05-04,392.6825612700032,403.96,144247900,0.030452924517822
2022-05-05,399.7155659383141,389.6,172929100,-0.03554289409549882
2022-05-06,387.0524600062871,387.28,151770800,-0.005968650232349604
2022-05-09,381.4034332083206,374.88,155586100,-0.03201726919982195
2022-05-10,380.829020441603,375.74,132497200,0.00231031691637984
2022-05-11,374.7845967667288,369.78,142361000,-0.01588608695503857
2022-05-12,366.5935320489902,369.39,125090800,-0.0010438388378197772
2022-05-13,373.5040939505738,378.22,104174400,0.02390763840380572
2022-05-16,376.5828802088455,376.69,78622400,-0.0040574340824302
2022-05-17,382.74972739807595,384.44,83029700,0.020570414900892064
2022-05-18,379.8969587790726,368.94,117674500,-0.04031160339463624
2022-05-19,365.88736256542336,366.68,98510700,-0.006124644366883092
2022-05-20,370.24649717138874,366.84,131432200,0.00043644309860613184
2022-05-23,369.8510659686335,373.7,76414900,0.01871011623755181
2022-05-24,369.5969651859958,370.85,91448800,-0.0076335217078783435
2022-05-25,369.36147972355167,374.13,91472900,0.008834605306490717
2022-05-26,375.34953113826674,381.6,82168300,0.019981574870564067
2022-05-27,384.04902332628,390.97,84768700,0.02454914527436758
2022-05-31,389.359088170834,388.78,95937000,-0.005610995002448993
2022-06-01,390.8843473141323,385.63,86585800,-0.00808853421643152
2022-06-02,385.4706670691487,392.97,79609600,0.01904339766521157
2022-06-03,388.276330523708,386.53,71874300,-0.0164115254601096
2022-06-06,390.517114758432,387.7,57508900,0.0030447692563260187
2022-06-07,384.22785213796186,391.42,59272400,0.009592167012221209
2022-06-08,389.7168432014017,387.17,64350000,-0.010872066066010322
2022-06-09,385.39533612934156,377.96,86289800,-0.023782902243187465
2022-06-10,371.7812098207837,367.0,132893900,-0.02899560836534132
2022-06-13,357.63038818463684,353.06,170004900,-0.03796819538522256
2022-06-14,354.80590682519255,352.0,104011800,-0.0030132583019540915
2022-06-15,355.2860394664343,357.02,125666800,0.014256295308714195
2022-06-16,348.8367975365555,345.2,134473300,-0.03309592966104158
2022-06-17,345.61572844834046,345.95,111113900,0.002155486784449101
2022-06-21,351.6484557704295,354.66,76811900,0.025173562409249062
2022-06-22,350.44753828884603,354.01,90059400,-0.0018130428426239575
2022-06-23,356.1399405915164,357.48,79292100,0.009802696952839973
2022-06-24,360.6408676942553,368.85,98050300,0.03179394623062293
2022-06-27,369.76570339638585,367.44,66009600,-0.00381949170246787
2022-06-28,368.99032196028793,359.93,86548900,-0.020432945764215615
2022-06-29,360.48015261997824,359.64,65676000,-0.0008144651589763185
2022-06-30,355.7616388202899,356.72,112508300,-0.008124560815916504
2022-07-01,356.06435688635764,360.49,74839700,0.010576879314138532
2022-07-05,355.421319245886,361.17,81438000,0.0018884194436346036
2022-07-06,361.31223262960197,362.39,70426200,0.0033774035303080208
2022-07-07,364.15842313963157,367.82,64525900,0.01497717604049309
2022-07-08,366.191374892305,367.52,72397800,-0.000822640459324564
2022-07-11,364.84865422697527,363.32,58366900,-0.011423648010942311
2022-07-12,362.7684468745156,360.1,62219200,-0.008848763637567036
2022-07-13,354.6838222143904,358.21,84224600,-0.0052516902800212595
2022-07-14,353.27487695591316,357.34,89704800,-0.0024285535742445408
2022-07-15,361.72831741140106,364.17,79060400,0.019105167710063986
2022-07-18,367.2409659059459,361.16,63203600,-0.00825706478827637
2022-07-19,365.06610164986904,370.92,78506000,0.027019088730410923
2022-07-20,371.1084004946054,373.28,71843800,0.006373392747246243
2022-07-21,372.70638143368456,377.08,64903900,0.010183094086992028
2022-07-22,377.2073085647602,373.59,72197300,-0.00927810029878684
2022-07-25,374.20983824071493,374.04,53631500,0.0012149498050018082
2022-07-26,372.40379790822186,369.61,52946400,-0.011830998510100499
2022-07-27,372.89547598359957,379.21,82342100,0.02596634411986476
2022-07-28,380.0156283887417,383.97,73966600,0.012542314447365976
2022-07-29,385.3959148037413,389.57,87003700,0.014578758462476138
2022-08-01,386.88053246496474,388.41,69997500,-0.002961075321800233
2022-08-02,386.85206507545166,385.85,63435400,-0.006597605687717389
2022-08-03,387.9678546966585,391.89,67820600,0.01565955696690602
2022-08-04,391.8163247050197,391.63,45656600,-0.0006756211123654099
2022-08-05,387.362738241362,390.97,56814900,-0.0016900388620103568
2022-08-08,392.6483828875442,390.51,53886100,-0.0011611757349241358
2022-08-09,389.78342737869485,388.96,44931800,-0.003970686161295145
2022-08-10,395.9863295063462,397.13,68665700,0.021003859646727685
2022-08-11,399.9671764150068,397.13,59489700,0.0
2022-08-12,399.0594922732407,403.85,61694500,0.01692915585294319
2022-08-15,401.6502867542093,405.52,54048300,0.004120611422262277
2022-08-16,404.4491742905428,406.31,59289000,0.0019586840851857357
2022-08-17,402.7282650065522,403.43,63563400,-0.007097926022398893
2022-08-18,403.6264978547886,404.6,49023200,0.002906306488401178
2022-08-19,401.84890169679676,399.16,68016900,-0.013437901551582532
2022-08-22,394.3504638590042,390.85,77695600,-0.020822583605897615
2022-08-23,390.42639423875585,389.91,49105200,-0.002419141882753384
2022-08-24,389.67933184867115,391.15,49177800,0.0032010454233339924
2022-08-25,392.63893709582493,396.68,50942300,0.014117427870615096
2022-08-26,396.56310898909396,383.25,103087000,-0.03384897267695919
2022-08-29,380.3087738309777,380.72,65370800,-0.006612111590103109
2022-08-30,381.8689239380466,376.54,85652400,-0.010977949113931795
2022-08-31,378.16230081283413,373.67,76029700,-0.007608972625788524
2022-09-01,371.5054577952036,374.84,78740100,0.0031377491476543007
2022-09-02,378.4932391584454,370.89,99632100,-0.010544363180384764
2022-09-06,371.73239306497686,369.49,76637400,-0.0037731980257955655
2022-09-07,369.17937898507915,376.13,70964200,0.017965071880275074
2022-09-08,373.86937791353984,378.59,80821700,0.0065361428627297435
2022-09-09,380.8193790648535,384.47,76706900,0.015535448448776634
2022-09-12,386.53060660794216,388.6,69256300,0.010747569709857352
2022-09-13,379.95888974243803,371.7,122947100,-0.043482443542881666
2022-09-14,372.9994466237355,373.12,85023700,0.0038156817582661873
2022-09-15,371.57167994308946,368.89,87633800,-0.011353150548555568
2022-09-16,364.7238414484203,366.07,103084800,-0.007628934124167097
2022-09-19,362.9388950406954,368.91,73278500,0.0077550244263471235
2022-09-20,365.5973034872937,364.68,77274900,-0.011478702770920446
2022-09-21,366.59425728558,358.32,106746600,-0.01744368107889449
2022-09-22,357.54590716854085,355.31,89472600,-0.008399945252927088
2022-09-23,351.8492472849376,349.35,122346900,-0.016754617788180548
2022-09-26,347.8900418227232,345.9,92581200,-0.009892664584886246
2022-09-27,349.41861164213634,345.01,108294100,-0.002552864634385865
2022-09-28,345.9625820630532,351.8,110802200,0.019676276565755213
2022-09-29,348.26971141788147,344.45,112952300,-0.020889084242068257
2022-09-30,343.5130058772176,339.13,153711200,-0.01546331972272963
2022-10-03,342.82934672559077,348.08,89756500,0.026401084616618054
2022-10-04,353.57727824953827,358.87,103602800,0.030986912013803325
2022-10-05,354.51724403133267,358.03,88065700,-0.0023282822729525643
2022-10-06,356.6344579970455,354.34,82333500,-0.010315946202902215
2022-10-07,350.32053843206126,344.45,107789500,-0.027894028615160882
2022-10-10,345.5637937626023,341.82,76042800,-0.007635221762884892
2022-10-11,340.13286975709076,339.66,92482800,-0.006333088530571018
2022-10-12,340.066449523059,338.54,76991800,-0.003298407050258634
2022-10-13,331.5593747401117,347.47,147254500,0.02639128612672592
2022-10-14,349.9217782616768,339.55,123737000,-0.02278892155969836
2022-10-17,345.61129877486803,348.28,93168200,0.02569703654258837
2022-10-18,356.1691898052574,352.37,97162900,0.01174948510021756
2022-10-19,350.33955250549025,349.87,79746900,-0.007086386746465667
2022-10-20,349.42815136875413,346.94,88283100,-0.008385143172745635
2022-10-21,346.6651844936338,355.37,131038400,0.024301342238134405
2022-10-24,356.89088616369844,359.72,85436900,0.012236599621119115
2022-10-25,359.64424976923016,365.46,78846300,0.015968439965919234
2022-10-26,362.33119162480466,362.71,104087300,-0.007534108279728224
2022-10-27,363.7078921191661,360.77,81971800,-0.005340036059630959
2022-10-28,360.66966547964233,369.36,100302000,0.023790787309425854
2022-10-31,366.90756364967945,366.69,96631300,-0.007223358386977963
2022-11-01,370.42065152004557,365.08,85407600,-0.004375619139372233
2022-11-02,364.49597616975944,355.92,126990400,-0.025096348394792467
2022-11-03,352.6943098681399,352.26,87100100,-0.010296698109769742
2022-11-04,357.94474652084614,357.33,103505200,0.014392984841774537
2022-11-07,358.6187752456739,360.75,68286900,0.00956536436223665
2022-11-08,361.8469263692216,362.69,84641100,0.005395438642588513
2022-11-09,360.7266178571878,355.22,78495500,-0.020601967741691207
2022-11-10,368.4362320447595,374.74,141455800,0.054954268279586715
2022-11-11,375.5951003651524,378.37,93839900,0.00967840631309036
2022-11-14,376.6110037402308,375.15,71903500,-0.00850677916983611
2022-11-15,380.8740965559295,378.35,93194500,0.008529166931386278
2022-11-16,376.72492116529327,375.46,68508500,-0.0076288996569935374
2022-11-17,370.7243833730803,374.31,74496300,-0.003059786994283775
2022-11-18,377.6364392872866,376.01,92922500,0.004540459381228601
2022-11-21,374.69308951984544,374.65,51243200,-0.003636255913592734
2022-11-22,376.58251647845884,379.69,60429000,0.013457053773231475
2022-11-23,379.3549333957438,382.08,68261600,0.006301686014272612
2022-11-25,381.51962657797867,381.99,30545400,-0.00022388189642907896
2022-11-28,378.9181872794732,375.9,67881600,-0.01595685485665277
2022-11-29,376.0318273628986,375.25,52310000,-0.0017175624577022708
2022-11-30,375.50019965825663,387.07,144566700,0.031500776656392615
2022-12-01,388.1089126426204,386.79,76398200,-0.0007359872869332484
2022-12-02,381.918429921581,386.34,85342700,-0.0011538302525077038
2022-12-05,383.53261650160897,379.39,77289800,-0.017988995617900128
2022-12-06,379.23152341918535,373.92,77972200,-0.014414956174611082
2022-12-07,373.0791129785353,373.29,65927900,-0.0017010068684212287
2022-12-08,375.16784142056355,376.21,60737900,0.007833696495745057
2022-12-09,374.9780163583588,373.4,81447700,-0.0074699932396269375
2022-12-12,374.18985811549396,378.79,75405800,0.014416988935759267
2022-12-13,389.48562607620295,381.65,123782500,0.007569910977531125
2022-12-14,381.31075160257535,379.21,108111300,-0.006393654626225986
2022-12-15,374.37025027855924,369.94,117705900,-0.024461626292025307
2022-12-16,367.39060804195844,365.57,119858000,-0.011806066503641799
2022-12-19,365.759638812042,362.47,79878100,-0.008479534824353263
2022-12-20,361.7154089937889,362.96,74427200,0.0013682306952633727
2022-12-21,365.5497400834467,368.39,78167400,0.014952452715460973
2022-12-22,365.35897373224327,363.14,100120900,-0.014266113174423722
2022-12-23,362.11607681676225,365.23,59857300,0.005752458556246287
2022-12-27,365.111034770745,363.79,51638200,-0.003943611601551211
2022-12-28,363.7184005781533,359.26,70911500,-0.01242798758509911
2022-12-29,362.0969531215619,365.73,66970900,0.0180003747759796
2022-12-30,363.0603608203926,364.77,84022200,-0.0026339520136098304
2023-01-03,366.61799691898324,363.23,74850700,-0.004210092324692605
2023-01-04,365.48290369240163,366.04,85934100,0.0077200493850602125
2023-01-05,364.0903224089288,361.86,76970500,-0.011413448019187866
2023-01-06,364.9392455332869,370.16,104189600,0.022932223790491202
2023-01-09,372.34092442068106,369.95,73978100,-0.0005667272252989353
2023-01-10,369.3649760616946,372.54,65358100,0.00701270984056146
2023-01-11,374.1150200893582,377.25,68881100,0.012647953963115466
2023-01-12,378.3499708858858,378.63,90157700,0.0036408045800346844
2023-01-13,375.44083490462947,380.1,63903900,0.003879555100071874
2023-01-17,380.0764304370912,379.4,62677300,-0.0018317991664049682
2023-01-18,380.58192119114887,373.41,99632300,-0.015788093985008023
2023-01-19,371.3775761257745,370.69,86958900,-0.007279823842565203
2023-01-20,372.08341391228544,377.6,91806400,0.018629024702641717
2023-01-23,378.3976836413568,382.13,84178800,0.011998628312543946
2023-01-24,380.45787568340137,381.72,59524900,-0.0010734301792406642
2023-01-25,377.66317340531896,381.86,84800300,0.0003747171832653162
2023-01-26,384.51164727734886,386.06,72287400,0.010990597058832652
2023-01-27,385.01715091180836,386.94,68346200,0.0022976512038044294
2023-01-30,384.1968522201886,382.09,74202000,-0.012546831957661042
2023-01-31,382.6039606559222,387.71,86811800,0.014703253678628903
2023-02-01,386.49553736704746,391.83,101459200,0.01062783155319913
2023-02-02,395.69982017672226,397.53,101654500,0.014556911892838587
2023-02-03,392.58090757531625,393.31,94736800,-0.010628957522169968
2023-02-06,390.86399847100074,390.9,60295300,-0.006111494978407905
2023-02-07,389.98649761106446,396.01,90990700,0.013078690032485518
2023-02-08,394.0497990721952,391.68,76227500,-0.010934676529851028
2023-02-09,395.27066286428095,388.29,78694900,-0.008669224521750118
2023-02-10,387.1155453391367,389.19,70769700,0.0023337232958526855
2023-02-13,389.84341318387385,393.76,64913500,0.011738836355413174
2023-02-14,392.24703262517374,393.58,88389300,-0.00046013107961850874
2023-02-15,391.39817989035606,394.86,61555700,0.0032474450465180826
2023-02-16,389.91022227936105,389.42,76431500,-0.013768830006515298
2023-02-17,387.3063070107498,388.45,89257800,-0.0024982293205089157
2023-02-21,384.4448207915137,380.66,82655900,-0.020061028730294916
2023-02-22,381.06826525497337,380.13,83742300,-0.0013782120634723283
2023-02-23,383.0141287647056,382.16,96242400,0.005319593044950333
2023-02-24,377.15764870927023,378.07,108194400,-0.010682550210908692
2023-02-27,381.4021728412389,379.36,80444700,0.0034060054375331106
2023-02-28,378.8840949077096,377.96,96438600,-0.0036960310683810116
2023-03-01,377.1481328157973,376.51,99706800,-0.003835943879336834
2023-03-02,374.54423904245056,379.44,85127800,0.007777377641034144
2023-03-03,381.24957080469574,385.52,90120000,0.016037847083203882
2023-03-06,386.3429951594612,385.79,72795900,0.0006928784711108804
2023-03-07,385.74208739761093,379.88,108310600,-0.015328804356424364
2023-03-08,379.99057269709033,380.5,74746600,0.0016320982536646156
2023-03-09,381.2781550603871,373.48,111945300,-0.018449970228012313
2023-03-10,372.9322836127058,368.09,189253000,-0.014429411197526387
2023-03-13,364.17625337042944,367.56,157790000,-0.0014252820882890704
2023-03-14,372.4648886988362,373.64,149752400,0.016530002911755437
2023-03-15,368.06778985522413,371.3,172996900,-0.00625440391303933
2023-03-16,368.9548421813165,377.82,143254200,0.017545207868167045
2023-03-17,376.49072469808146,373.4,140553400,-0.011692558811534526
2023-03-20,374.17366441642594,376.99,93055800,0.00961561880134143
2023-03-21,380.3396653906553,381.94,91524200,0.013130484324580305
2023-03-22,381.7662363043328,375.43,111746600,-0.017046646262414256
2023-03-23,378.28116967824513,376.44,119351300,0.0027036210313429176
2023-03-24,375.16943071668686,378.91,107682400,0.006561991296508918
2023-03-27,381.18223941875726,379.62,74010400,0.001869811627109863
2023-03-28,378.9322518472337,378.77,62871700,-0.002244554417240696
2023-03-29,382.9152718021636,384.27,77497900,0.01453488489201038
2023-03-30,386.8982643494234,386.52,69840000,0.005855183788904705
2023-03-31,387.44397246110736,391.97,112062600,0.014094503028546423
2023-04-03,391.45576785501316,393.47,67391100,0.0038106803845450177
2023-04-04,394.1079241464662,391.28,66601500,-0.005548080416296841
2023-04-05,390.555750574138,390.26,65200200,-0.0026183208678870473
2023-04-06,389.4642856578285,391.78,63743300,0.0039009994131218306
2023-04-10,389.3111041664071,392.18,63681000,0.0010264146969312105
2023-04-11,392.8057304769011,392.29,59297900,0.00026830454869597453
2023-04-12,394.3472150182869,390.69,86420400,-0.004075999438640898
2023-04-13,391.7716880699347,395.88,85814800,0.01328279899869722
2023-04-14,395.24728574948534,394.91,78161500,-0.002442690964016836
2023-04-17,394.82598073584927,396.33,66436400,0.0035881971011588742
2023-04-18,397.89941712105417,396.59,63560000,0.0006522719213917227
2023-04-19,394.6823328652232,396.52,55227300,-0.00016906000329652837
2023-04-20,393.7153643600863,394.36,75840400,-0.00545693593774399
2023-04-21,394.6536851353828,394.66,73457400,0.0007769523132361567
2023-04-24,394.4621654970849,395.07,64332100,0.0010431224823748142
2023-04-25,393.11213941820307,388.8,97766700,-0.01587385453338752
2023-04-26,389.4163794213185,387.16,80447000,-0.004235609226647119
2023-04-27,389.6844497545518,394.86,92968400,0.019908006658808874
2023-04-28,393.98336171566496,398.23,89433100,0.00853502917903537
2023-05-01,397.7940910544224,397.83,62122300,-0.001009629064197659
2023-05-02,397.12381613612365,393.36,103998500,-0.011239342346817782
2023-05-03,393.85893960371277,390.66,91531800,-0.006863877028817078
2023-05-04,389.61735962844165,387.89,94901900,-0.0070830964736768864
2023-05-05,391.5132147900382,395.07,87891800,0.018512791265872908
2023-05-08,395.4004621354889,395.18,50046800,0.0002664953680788784
2023-05-09,393.6387379211536,393.45,49220100,-0.004385345084424119
2023-05-10,396.2717922718493,395.29,96142900,0.004672491613133545
2023-05-11,394.42385640636445,394.6,70157100,-0.0017441125681797454
2023-05-12,395.83132277822824,394.08,70481500,-0.0013102731852306926
2023-05-15,394.68235310668433,395.44,54289400,0.0034500393628651427
2023-05-16,394.33769327560117,392.8,57705500,-0.006682571192793918
2023-05-17,394.80685403141115,397.56,87287000,0.01213893463721094
2023-05-18,397.2483956831172,401.39,97177200,0.009633320202023565
2023-05-19,402.2941323052739,400.81,103793300,-0.0014552700795300577
2023-05-22,400.82922685915275,400.97,60745400,0.0004061294327040166
2023-05-23,399.33559189738094,396.47,86383500,-0.011222781385421432
2023-05-24,394.8738657064858,393.6,89213700,-0.007244823413490864
2023-05-25,397.09510914438385,397.01,90961600,0.00865981846557995
2023-05-26,397.6600131701632,402.15,93830000,0.012950692007011266
2023-05-30,404.07491779092874,402.3,72216000,0.0003807957812258511
2023-05-31,400.4845443720238,400.07,110811800,-0.005545000885631368
2023-06-01,400.3026119453019,403.87,88865000,0.009500985805273698
2023-06-02,406.43990546910896,409.71,91426200,0.014461157698108185
2023-06-05,410.05914256559197,408.93,65460200,-0.0019161266131775267
2023-06-06,408.5176374533879,409.82,64022200,0.00217742104600549
2023-06-07,410.2122539217262,408.4,85373300,-0.0034578963366821425
2023-06-08,408.4697322463781,410.87,61952800,0.006048703168263003
2023-06-09,411.66764397898567,411.61,85742800,0.001794334824898547
2023-06-12,412.5868512563838,415.34,76104300,0.009071933472734939
2023-06-13,416.79956309947863,418.08,95899700,0.006592724968005115
2023-06-14,418.4176322305589,418.58,100612100,0.0011907534813280218
2023-06-15,417.7666616239276,423.77,110303100,0.012397964369021297
2023-06-16,425.7476786538035,422.33,114165800,-0.0034062136844394963
2023-06-20,420.39474593750015,420.14,76160400,-0.005188457895969889
2023-06-21,419.15510212154635,417.98,76982300,-0.00512355930765418
2023-06-22,417.0312964707104,419.49,70637200,0.0036097659131675286
2023-06-23,416.051016626355,416.32,92074500,-0.007560074107932024
2023-06-26,415.75312807727073,414.62,72823600,-0.004085698135981364
2023-06-27,415.4936902341691,419.16,72813700,0.010963371764373342
2023-06-28,418.088316566666,419.38,75636000,0.0005041793739890554
2023-06-29,418.96288231167824,421.03,67882300,0.003941459961479099
2023-06-30,424.2292689763498,426.0,104964000,0.011800789778114051
2023-07-03,425.6515034890419,426.49,32793400,0.0011503617679293754
2023-07-05,424.68089648543395,425.85,58418400,-0.0014871402049853044
2023-07-06,422.2879821858995,422.52,80658300,-0.007830669721768713
2023-07-07,421.52883222243753,421.45,86134200,-0.002524577305022979
2023-07-10,421.0963071478734,422.52,62443500,0.0025309669266857515
2023-07-11,423.27782759435644,425.21,64463800,0.006368539316104149
2023-07-12,428.9861838112243,428.63,91924500,0.008045782240671207
2023-07-13,430.4373699947139,432.03,72425200,0.00793706565303709
2023-07-14,432.9168373466267,431.76,69815800,-0.0006227375786951317
2023-07-17,431.6194032211896,433.26,52680200,0.003472073497158279
2023-07-18,432.93600974084484,436.48,80668200,0.007430644721515556
2023-07-19,437.27013362266524,437.45,65891700,0.002223644336604158
2023-07-20,436.462879583876,434.55,70591600,-0.006634505918643119
2023-07-21,436.2610459263221,434.55,71275600,0.0
2023-07-24,435.6940732292396,436.49,54023400,0.00446733906163832
2023-07-25,436.22265220298175,437.68,55191200,0.002730064075543437
2023-07-26,436.7511800509619,437.75,71052900,0.00015367442594693692
2023-07-27,441.1238279449385,434.85,92194400,-0.006629851355386296
2023-07-28,438.1062519781901,439.11,80011800,0.00979029361336381
2023-07-31,439.5765831414508,439.94,62040400,0.0019040052219059245
2023-08-01,438.48102764934566,438.68,55291500,-0.0028615403483293056
2023-08-02,435.5787978326574,432.58,93933400,-0.013910771379835207
2023-08-03,430.5719002384005,431.34,64276100,-0.0028659318977147796
2023-08-04,433.14742331097347,429.39,100128900,-0.0045227269061109965
2023-08-07,431.21576252551705,433.14,58357500,0.008728489272434192
2023-08-08,430.61032036745866,431.25,71361300,-0.0043486749403353064
2023-08-09,431.5233041246725,428.37,78789600,-0.006685212681205366
2023-08-10,430.7160393980688,428.52,93005500,0.00035891199937987395
2023-08-11,426.6605919753528,428.28,68690900,-0.0005830405489853918
2023-08-14,427.3621343832933,430.64,47867400,0.0055199912097421144
2023-08-15,428.87093856214887,425.62,75707500,-0.011648774475621626
2023-08-16,425.2094830101528,422.5,80107200,-0.007338167606260493
2023-08-17,423.9601849698295,419.28,95711300,-0.007619869952331881
2023-08-18,416.47389934127483,419.48,98852000,0.000481331605013402
2023-08-21,420.4908700639508,422.21,68719000,0.006506163216661198
2023-08-22,423.9794015102556,421.07,64994200,-0.002708490407634656
2023-08-23,422.1246379899384,425.76,68441000,0.011137709248336458
2023-08-24,427.35254280721006,419.86,88517300,-0.013859080650615807
2023-08-25,421.57678397318654,422.82,102325100,0.0070496413578184924
2023-08-28,424.99799661992967,425.5,61595400,0.006341389019629329
2023-08-29,425.3920253511655,431.65,83081900,0.01445479393891147
2023-08-30,431.9846290752829,433.43,69053900,0.004118917872557359
2023-08-31,434.0411436980902,432.79,66084600,-0.001463473916015423
2023-09-01,435.5019052625726,433.6,58944100,0.0018652176466851245
2023-09-05,433.15705635053166,431.73,55166200,-0.004321878073714647
2023-09-06,430.91787558724553,428.82,70758500,-0.00672245372777347
2023-09-07,425.83416623260746,427.51,70355400,-0.003070098154895229
2023-09-08,427.5542931353447,428.15,61659700,0.0015058684252906573
2023-09-11,430.7641392036296,430.97,60180100,0.006576798250387705
2023-09-12,429.5244300194834,428.6,67565400,-0.0054856668295107935
2023-09-13,428.8228912507801,429.1,60199300,0.0011660142725671285
2023-09-14,431.5617375492493,432.8,83430800,0.008622268389973042
2023-09-15,431.22266691861245,427.59,111848900,-0.012048410253054587
2023-09-18,427.2783073434339,427.84,55752200,0.0005866035703239181
2023-09-19,426.9214475367596,426.95,66514600,-0.0020739140839630688
2023-09-20,428.2042256747919,423.03,82562600,-0.009193077208439315
2023-09-21,420.18992560678913,416.03,104095800,-0.01652864122831721
2023-09-22,417.0556045109426,415.1,100829700,-0.0022485837421395427
2023-09-25,413.8924379607471,416.84,70874500,0.004205360019944315
2023-09-26,413.8152657492611,410.72,96168400,-0.014691274582096292
2023-09-27,411.88640908082164,410.88,104705800,0.00039900559187389106
2023-09-28,410.33377256481566,413.27,92258300,0.005797533955424816
2023-09-29,416.3034507511099,412.26,115111300,-0.0024268408718579604
2023-10-02,411.4331625829839,412.1,83798600,-0.00039780824976143325
2023-10-03,409.928751834983,406.58,103760600,-0.013385939368823818
2023-10-04,407.0452013606301,409.54,87453000,0.007281979702899344
2023-10-05,409.25367196798504,409.39,70142700,-0.00037675378476975663
2023-10-06,406.9487369471333,414.25,113273300,0.01187273893280505
2023-10-09,412.35895200676424,416.9,80374400,0.006402035638406023
2023-10-10,417.52823984465374,419.07,78607300,0.005205027852235311
2023-10-11,420.1320860419277,420.79,62451700,0.00409616047855077
2023-10-12,421.39542469186426,418.22,81154200,-0.006096511576380581
2023-10-13,419.717357751377,416.14,95143100,-0.004980839612863552
2023-10-16,418.3768791839652,420.52,75433200,0.010521516593836377
2023-10-17,417.40284337508905,420.5,75324700,-4.5865138060929844e-05
2023-10-18,418.733685585988,414.9,93559800,-0.013325159481197946
2023-10-19,415.60896233004064,411.25,121323000,-0.008786571762237405
2023-10-20,410.81602762056735,406.2,123919900,-0.012287698684348647
2023-10-23,404.67274501676764,405.49,92035100,-0.001733250950695986
2023-10-24,407.60452747929617,408.55,78564200,0.007539373672874605
2023-10-25,406.8715964855641,402.69,94223200,-0.014352200266594894
2023-10-26,401.62529724925633,397.86,115156800,-0.011974490453624198
2023-10-27,399.4457299187491,396.06,107367700,-0.00453279462915801
2023-10-30,398.8381024524088,400.8,86562700,0.011955664443128677
2023-10-31,401.36484674476185,403.31,79665200,0.006280305647988316
2023-11-01,404.27737373849845,407.61,98068100,0.010664767721626944
2023-11-02,411.3946192920617,415.43,94938900,0.01916431166915311
2023-11-03,417.72103970546937,419.22,100167800,0.009123189169152113
2023-11-06,419.96815874248256,420.18,67831700,0.002300670495051005
2023-11-07,420.1803410344543,421.38,64256100,0.0028460680704587293
2023-11-08,421.97409276953505,421.68,61746000,0.000732347382665699
2023-11-09,422.82275020857907,418.4,83174400,-0.007798799907394627
2023-11-10,420.4600141525394,424.93,89462200,0.01560488125277848
2023-11-13,423.5943238724324,424.52,52236100,-0.0009531779348788127
2023-11-14,430.43192160638574,432.76,97176900,0.019400710648425745
2023-11-15,434.08695751300667,433.67,77327600,0.0021169837311705297
2023-11-16,433.2286423726769,434.2,66665800,0.0012231033892862175
2023-11-17,434.2123590781554,434.74,83133200,0.0012438893181689892
2023-11-20,434.4920641115296,438.09,69936200,0.007697646973265915
2023-11-21,437.0476983171483,437.13,49244600,-0.002179472264966731
2023-11-22,438.783649698811,438.82,59394900,0.003860856688096659
2023-11-24,438.8704609965596,439.09,29737400,0.0006153974115337135
2023-11-27,438.4653845031241,438.3,50506000,-0.0018009928291808919
2023-11-28,437.91569543871145,438.74,62115000,0.000990164362688839
2023-11-29,440.87640839051414,438.43,63146000,-0.0007034404728889498
2023-11-30,439.2658732507552,440.15,79752700,0.003937459497423523
2023-12-01,439.5455435028684,442.76,89183400,0.005915924059017863
2023-12-04,439.3815141945957,440.43,72430900,-0.005249629486977825
2023-12-05,439.05365215206086,440.35,69793500,-0.00019699144247831146
2023-12-06,442.47728857768345,438.57,69124700,-0.004029729599363985
2023-12-07,440.6449205313009,441.92,66995400,0.0076303778900863595
2023-12-08,441.17532857795476,443.82,83194400,0.00429915072868714
2023-12-11,443.32592420547695,445.54,65002200,0.0038894942192895243
2023-12-12,445.1969357013274,447.58,68327600,0.004567389474784411
2023-12-13,447.95509399152206,453.75,93278000,0.013790078444626985
2023-12-14,455.6800061214895,455.21,119026000,0.003209465798810651
2023-12-15,454.61284974570634,454.46,141553700,-0.0016465948049367851
2023-12-18,456.05560175631547,457.01,70375300,0.005624954127060322
2023-12-19,457.5565059029809,459.79,55761800,0.006080955740738636
2023-12-20,458.9412058569742,453.42,102921000,-0.013857226495829433
2023-12-21,456.39451800386655,457.72,86667500,0.009481867583110093
2023-12-22,458.8444200582337,458.64,67160400,0.0020098534490471387
2023-12-26,459.0477470448917,460.58,55387000,0.004222440041757203
2023-12-27,460.37426892004174,461.41,68000300,0.001807952699303339
2023-12-28,461.76869846768426,461.58,77158100,0.00037785653555233445
2023-12-29,461.39104484329897,460.25,122283100,-0.0028949684526652364
2024-01-02,457.1982355112993,457.67,123623700,-0.0055964222469487845
2024-01-03,455.5230751447963,453.94,103585900,-0.008166622980206983
2024-01-04,453.4605375615008,452.47,84232200,-0.003221140762365571
2024-01-05,452.6761936894624,453.09,86118900,0.0013696300933097039
2024-01-08,453.58644474883687,459.56,74879100,0.014276007618540643
2024-01-09,456.9174526401683,458.86,65931400,-0.0015170437827003447
2024-01-10,459.13482782984977,461.46,67310600,0.005655275907605617
2024-01-11,462.4561601628175,461.26,77940700,-0.00044057696668642343
2024-01-12,462.69825780727723,461.58,58026400,0.0006927821704558745
2024-01-16,460.2000221906259,459.88,85014900,-0.003671233311448918
2024-01-17,456.868988843808,457.32,68843900,-0.005558761840165349
2024-01-18,458.9895962811143,461.39,91856200,0.008892806131968412
2024-01-19,462.51426116700225,467.14,110834500,0.012466217691016412
2024-01-22,468.67274557207963,468.13,75844900,0.002114345834856257
2024-01-23,468.67274693324026,469.5,49945300,0.0029164846770144415
2024-01-24,472.3523319806955,470.01,81765000,0.001093182604395393
2024-01-25,472.129646862115,472.57,72525000,0.005438971990336272
2024-01-26,472.1393464785506,471.97,76641600,-0.0012703888137589603
2024-01-29,472.27489403038163,475.7,61322800,0.007919315895255075
2024-01-30,475.0151877688741,475.33,58618400,-0.0007734882337023796
2024-01-31,473.13665425188526,467.58,126011100,-0.016317332389816475
2024-02-01,469.27310972065493,473.7,91891600,0.01308817726383138
2024-02-02,474.1340406811921,478.69,99228200,0.010527410320712027
2024-02-05,478.05572128716557,476.94,75757100,-0.00364118474871844
2024-02-06,477.8813679101815,478.33,55918600,0.0029032328242613037
2024-02-07,480.5636719721608,482.32,70556500,0.00834053589895456
2024-02-08,482.3162670291635,482.53,52343600,0.00044158194787180527
2024-02-09,483.0328221928446,485.32,63979400,0.005779457003501243
2024-02-12,485.2889315927697,485.1,56502300,-0.00043910224687293553
2024-02-13,478.8593667536311,478.42,113099200,-0.013772969024313686
2024-02-14,481.0477983876243,482.77,68387800,0.009087716802688828
2024-02-15,483.4685762738627,486.1,61683000,0.006899732879512399
2024-02-16,485.8022467252244,483.68,75532900,-0.004979909412018091
2024-02-20,481.94833972980865,481.02,71736700,-0.005505423590219882
2024-02-21,479.7212103303219,481.45,59293400,0.0009057847460316459
2024-02-22,488.0389961871901,491.42,76402500,0.02069547359013213
2024-02-23,493.132341506589,491.76,61321800,0.0006897559045329071
2024-02-26,492.1930670722987,489.96,50386700,-0.0036625510700231123
2024-02-27,490.64373169951057,490.87,48854500,0.0018576275248776142
2024-02-28,489.3170987326298,490.22,56506600,-0.0013216898954541145
2024-02-29,491.9703784764342,491.98,83924800,0.0035951176621313863
2024-03-01,492.85151281479995,496.6,76844800,0.009388195743716965
2024-03-04,495.80488009764395,496.07,49799300,-0.0010724194381077634
2024-03-05,494.0715531499916,491.11,72855600,-0.009994155680371097
2024-03-06,494.3717142498123,493.6,68382400,0.005067222017711925
2024-03-07,496.8797308469733,498.5,58652100,0.009926556441253398
2024-03-08,499.12617653924883,495.5,86532500,-0.006002298291439279
2024-03-11,494.3039754152461,495.08,62557200,-0.0008598423681860368
2024-03-12,497.17992269457994,500.4,73114400,0.010757494913311794
2024-03-13,500.72385457506516,499.62,55104100,-0.0015676407241896895
2024-03-14,500.5883050955873,498.63,110171800,-0.001976722175369261
2024-03-15,495.57751113868864,495.21,107646300,-0.006866682762940779
2024-03-18,499.25887018669476,498.15,88893300,0.005943246772398769
2024-03-19,497.46196123413176,500.92,60755300,0.005557165375169371
2024-03-20,500.9780657234889,505.55,69594600,0.009249158439107008
2024-03-21,508.37962905466236,507.22,60256100,0.0033049097851804987
2024-03-22,507.13629916336896,506.26,79070800,-0.0018958277830282144
2024-03-25,504.89254263399073,504.86,48512100,-0.0027628219278593713
2024-03-26,506.28145712240774,503.93,65463700,-0.0018471453661331738
2024-03-27,506.7477422439313,508.17,82999800,0.00840384072798761
2024-03-28,508.20475523799445,508.07,96294900,-0.00019103294594657871
2024-04-01,508.8069627833215,507.18,62477500,-0.0017398071417926708
2024-04-02,503.3772549881494,503.96,74230300,-0.006358099362240521
2024-04-03,502.87207664118336,504.51,59155800,0.0010983564982520733
2024-04-04,508.50581204447843,498.36,96858100,-0.012206036546792975
2024-04-05,499.7056529768442,503.56,74546500,0.010446896478915946
2024-04-08,504.26119543845846,503.84,48401800,0.0005594304051850241
2024-04-09,505.5724514220362,504.43,68049200,0.001156757476388659
2024-04-10,498.75370676862974,499.38,82652800,-0.010013224602685611
2024-04-11,500.8906025681321,503.14,70099000,0.007546842576529267
2024-04-12,499.61816498812357,496.2,92561100,-0.013803096677538873
2024-04-15,500.3564559239092,489.98,92101400,-0.0125279737270374
2024-04-16,490.45867707344763,489.09,73484000,-0.0018238320153739496
2024-04-17,491.5368440989878,486.19,75910300,-0.005918208324327434
2024-04-18,487.5836233301547,485.19,74548100,-0.0020576684461044437
2024-04-19,485.1163881622374,480.96,102212600,-0.008728497333327812
2024-04-22,483.5525564034497,485.39,67961000,0.009209160188321519
2024-04-23,487.38924842347393,491.15,64633600,0.011866554887751901
2024-04-24,492.032173924217,490.92,55928100,-0.00047458839491565374
2024-04-25,484.8638422405587,489.05,69122400,-0.003798882876045906
2024-04-26,491.8282759764292,493.68,64306100,0.009474017107308219
2024-04-29,495.4609621651781,495.43,46415400,0.003541381321072734
2024-04-30,493.97486496700367,487.58,77483600,-0.015841202983064906
2024-05-01,487.00076428433056,486.0,80242800,-0.0032472021430119957
2024-05-02,489.69125367349665,490.55,62550200,0.009353317855195886
2024-05-03,496.5002799659129,496.63,72756700,0.012395444330334904
2024-05-06,499.0160258932404,501.76,47264700,0.01032687641883645
2024-05-07,502.71671493011996,502.31,52561300,0.0011033656087491295
2024-05-08,500.48271898197925,502.36,42047200,9.672135270877291e-05
2024-05-09,502.5418375094699,505.25,43643700,0.005761714514199046
2024-05-10,506.8448931772194,505.9,52233200,0.0012883475936438238
2024-05-13,507.57328373764415,505.97,36716400,0.00013409806024711202
2024-05-14,506.16494992736375,508.29,57535900,0.004588337361164152
2024-05-15,510.7495145476232,514.59,59504900,0.012382835275118964
2024-05-16,514.6834008229457,513.53,50244800,-0.0020574118243179562
2024-05-17,513.6440876053468,514.27,59187600,0.001437547504734793
2024-05-20,514.3823386833988,514.86,37764200,0.0011521850332256722
2024-05-21,514.1006064390205,516.12,33437000,0.002452391920846342
2024-05-22,515.4313166919542,514.63,48390000,-0.0028793330278348295
2024-05-23,517.6750375151379,510.88,57211200,-0.007304272871543005
2024-05-24,512.7116164560648,514.26,41291100,0.006616576997245716
2024-05-28,515.0622463447778,514.62,36269600,0.0006988250410566721
2024-05-29,510.6039636771278,511.01,45190300,-0.007002346806169624
2024-05-30,509.4771429084137,507.62,46377600,-0.006633925034091104
2024-05-31,508.57386073354985,512.25,90785800,0.009108226561484578
2024-06-03,513.848128094292,512.66,46835700,0.0008153583340810844
2024-06-04,511.36150323340104,513.24,34632700,0.0011178083574776565
2024-06-05,515.5478835476441,519.34,47610400,0.011885081701314748
2024-06-06,519.637123680227,519.33,30808500,-1.868653409564658e-05
2024-06-07,518.3549484930342,518.69,43224500,-0.0012157051618812975
2024-06-10,517.8887511155715,520.3,35686100,0.003089795156630215
2024-06-11,518.7531901267605,521.55,36383400,0.002408219266786471
2024-06-12,526.0965041099447,525.83,63251300,0.008213259435102094
2024-06-13,527.5728807070939,526.89,44760900,0.002013402252837526
2024-06-14,525.3679678522572,527.21,40089900,0.0006083904597147249
2024-06-17,526.5334956885656,531.41,55839500,0.007958794452240792
2024-06-18,531.4678314025467,532.76,41376400,0.0025408272998925785
2024-06-20,533.6824639158926,531.31,70328200,-0.002716544837253032
2024-06-21,530.4929219620788,530.6,64338600,-0.001340720179602073
2024-06-24,530.4247136467889,528.88,45528700,-0.0032506448605784666
2024-06-25,530.0933585291979,530.91,37936200,0.0038508530722058953
2024-06-26,529.8010709636176,531.57,38550600,0.0012481518282372317
2024-06-27,531.4381433443106,532.41,35041500,0.0015764724631710525
2024-06-28,533.1823416161415,530.32,76144500,-0.003935207051480205
2024-07-01,531.6915058832783,531.41,40297800,0.0020581855488281953
2024-07-02,529.8107580224772,534.99,40434800,0.006729604332527339
2024-07-03,534.6733013066347,537.37,32789900,0.004462649779879424
2024-07-05,537.6745738489498,540.47,41488400,0.0057663790197348685
2024-07-08,541.250918262468,541.1,36110500,0.0011541396402809934
2024-07-09,542.0499781069125,541.62,27289700,0.0009724430112412197
2024-07-10,542.8392819787523,546.98,38701200,0.009895286435918749
2024-07-11,547.0975967198616,542.26,53054200,-0.00862266356548047
2024-07-12,543.3849335691044,545.68,53084400,0.006307531646837727
2024-07-15,547.6726520198463,547.19,40584300,0.0027502945306061566
2024-07-16,548.4910214723672,550.43,36475300,0.00592989292015722
2024-07-17,544.5250561904461,542.71,57119000,-0.0140210160554467
2024-07-18,544.2424632762184,538.54,56270400,-0.007684943087470586
2024-07-19,538.3079467810027,534.97,65509100,-0.006640698047366889
2024-07-22,538.8732666357521,540.48,43346700,0.01031012874568904
2024-07-23,540.3737749293225,539.63,34439600,-0.0015687881179545782
2024-07-24,534.8388986294111,527.4,74515300,-0.022662486762486833
2024-07-25,527.5207202794586,524.66,61158300,-0.005210401963480105
2024-07-26,528.427065396124,530.53,53763800,0.011199794880409453
2024-07-29,532.0715107948711,530.84,39515800,0.0005877660449546962
2024-07-30,532.3054207151831,528.15,46853600,-0.005066374868738621
2024-07-31,534.9559895004857,536.74,65663400,0.016254763078828338
2024-08-01,538.4542082657176,529.14,76428700,-0.014161121936752785
2024-08-02,522.0639142511643,519.29,82789100,-0.01861835023491809
2024-08-05,498.5697588887383,504.16,146267400,-0.029123845174314877
2024-08-06,505.9561368728723,508.81,84826300,0.009219682529805429
2024-08-07,514.9698561147811,505.41,70698300,-0.006683968372306115
2024-08-08,510.52630556896884,517.09,63276600,0.023117281322892147
2024-08-09,516.2756927717697,519.37,45619600,0.004409783629055974
2024-08-12,520.5632672781688,519.65,42542100,0.0005252995176763253
2024-08-13,522.8239831490899,528.19,52333100,0.01644557530091073
2024-08-14,528.9824644571885,529.86,42446900,0.003154756395283176
2024-08-15,535.4626581650564,538.94,60846800,0.017140336759196684
2024-08-16,537.3335322529779,540.15,44430700,0.0022418982885310523
2024-08-19,540.5589895349276,545.31,39121800,0.00956144497064515
2024-08-20,544.8661286211883,544.43,33732300,-0.0016260690385396792
2024-08-21,545.4703825334594,546.3,41514600,0.0034366969502579447
2024-08-22,548.1889915317105,542.01,56121500,-0.007848673551824725
2024-08-23,545.2364013003757,547.77,50639400,0.010625308336750017
2024-08-26,548.7932548639113,546.46,35788600,-0.002383599250467716
2024-08-27,545.197411094177,547.21,32693900,0.001372906058578982
2024-08-28,546.8735372102509,544.04,41066000,-0.00580521267877987
2024-08-29,545.9964997373786,544.09,38715200,8.952696107789038e-05
2024-08-30,546.4446989296116,549.28,62700100,0.009545883171716785
2024-09-03,546.1523100029519,537.98,60600100,-0.020579018022183426
2024-09-04,536.1447696240151,536.88,47224900,-0.0020466950526479843
2024-09-05,536.817154296066,535.57,44264300,-0.002432194921198616
2024-09-06,535.8914419191495,526.56,68493800,-0.016830059251654927
2024-09-09,530.7366093479087,532.45,40445800,0.011196235674205912
2024-09-10,534.351804730089,534.77,36394600,0.004355727114005781
2024-09-11,534.683107736862,540.26,75248600,0.010258871438541872
2024-09-12,540.8318274541291,544.81,51819600,0.008423138494075166
2024-09-13,545.4118431545087,547.65,39310500,0.005222869311307221
2024-09-16,547.389917673041,548.46,36656100,0.0014768050991735837
2024-09-17,550.6641466211254,548.69,49321000,0.0004087469851710157
2024-09-18,549.3389057758787,547.06,59044900,-0.0029658479197016696
2024-09-19,556.4231830771506,556.39,75315500,0.017064356728375918
2024-09-20,555.0313424308147,555.43,77503100,-0.0017287267010225316
2024-09-23,556.4975550473902,556.82,44116900,0.0024989563415040994
2024-09-24,557.6117584874984,558.41,46805700,0.0028612486764134637
2024-09-25,558.2568026720365,557.18,38428600,-0.0022056951748942177
2024-09-26,561.4238456875147,559.39,48336000,0.003964896833263953
2024-09-27,560.4560792948731,558.58,42100900,-0.001450509096614594
2024-09-30,557.5530628987858,560.82,63557400,0.004007314873941237
2024-10-01,560.465907913519,555.79,72668800,-0.008958432325494314
2024-10-02,554.9042964358707,556.03,38097800,0.00042213350048814213
2024-10-03,554.5621954422553,555.01,40846500,-0.0018281074093783323
2024-10-04,559.4395649274686,560.06,42939100,0.009087226065216614
2024-10-07,558.4133612174717,554.99,49964700,-0.009040265816705362
2024-10-08,557.553120131347,560.24,37398700,0.009457391041938434
2024-10-09,560.2313175326061,564.12,37912200,0.006926470123619355
2024-10-10,562.782595149714,563.13,44138100,-0.0017498383566125764
2024-10-11,563.0561277259117,566.51,42268000,0.005988037581308836
2024-10-14,568.1095385598273,571.14,36217200,0.00817840117315427
2024-10-15,571.4035871421002,566.7,54203600,-0.007769660270121936
2024-10-16,566.7019840754366,569.17,30725400,0.004346221321686938
2024-10-17,572.6938072697387,569.21,34393700,8.611074442255173e-05
2024-10-18,570.8952748825009,571.4,37416800,0.003846449132983487
2024-10-21,570.6802188403536,570.47,36439000,-0.0016421922272843448
2024-10-22,567.9434768669773,570.16,34183800,-0.0005310007958057028
2024-10-23,568.1485895916966,564.95,49314600,-0.009137680632709477
2024-10-24,566.897492764615,566.17,34979900,0.002162771484864434
2024-10-25,568.393014498126,565.98,47268200,-0.0003452923277402764
2024-10-28,569.4388580651755,567.73,30174700,0.0030913421176221867
2024-10-29,566.7704218431865,568.65,42899700,0.0016184206240155152
2024-10-30,568.1779762445088,566.93,41435800,-0.0030252079193149317
2024-10-31,562.5772452055423,555.81,60182500,-0.019603101890180663
2024-11-01,558.4328313722141,558.16,45667500,0.004220417054029646
2024-11-04,558.2959404133777,556.96,38217000,-0.0021539924147711
2024-11-05,557.8659451341218,563.69,39478300,0.012091924532784626
2024-11-06,575.9095457320777,577.71,68182000,0.024865513828021824
2024-11-07,579.7020264980958,582.17,47233200,0.007732139566883456
2024-11-08,582.722322897382,584.7,46444900,0.004331774643717257
2024-11-11,586.2801485471324,585.25,37586800,0.0009527466076082458
2024-11-12,585.175669871058,583.44,43006100,-0.0031063327117399897
2024-11-13,583.8953540381888,583.72,47388600,0.0004860334429925839
2024-11-14,583.8464232004079,579.97,38904100,-0.006430279456848043
2024-11-15,576.4178358264271,572.54,75988800,-0.012808558725898367
2024-11-18,572.9967827127789,574.88,37001700,0.004097350095992214
2024-11-19,571.5208668268807,576.98,49412000,0.0036554208946959488
2024-11-20,577.0629483995475,577.18,50032600,0.00033882283447983497
2024-11-21,580.0147564203452,580.28,46750300,0.005368147546016111
2024-11-22,580.2689646034843,582.08,38226400,0.0030996230785129697
2024-11-25,585.9967993093868,584.05,42441400,0.003392034648267206
2024-11-26,585.2929516850081,587.1,45621300,0.00522138804441763
2024-11-27,586.9155026434518,585.32,34000200,-0.0030301275581092746
2024-11-29,586.1336096679657,588.96,30177400,0.006212252031299492
2024-12-02,589.3688921712513,590.01,31746000,0.001792321774351846
2024-12-03,589.7794898104154,590.29,26906600,0.000463856150800801
2024-12-04,591.9690071030493,593.95,42787600,0.006209626570398141
2024-12-05,593.9530901421784,592.98,28762200,-0.001645818366638352
2024-12-06,593.738143242676,594.1,31241500,0.0018957701105462021
2024-12-09,593.9823964628125,591.04,34742700,-0.0051498238445257805
2024-12-10,591.7147337183083,589.2,37234500,-0.0031090697223884467
2024-12-11,592.1155320836123,593.76,28677700,0.007730670035946519
2024-12-12,592.8974892997352,590.7,31543800,-0.005152585929971143
2024-12-13,592.7216579621548,590.58,35904700,-0.0001983880967142415
2024-12-16,592.3305635374098,593.1,43695200,0.004269807608039633
2024-12-17,590.5613981975558,590.66,55773500,-0.004120034227280023
2024-12-18,590.3561794711514,573.06,108248700,-0.029803379207074987
2024-12-19,578.020816522432,572.88,85919500,-0.00030716989274937045
2024-12-20,570.5609748943081,579.76,125716700,0.012010900850058848
2024-12-23,579.5052825841503,583.23,57635800,0.005988340412128146
2024-12-24,584.5756905048978,589.71,33160100,0.011115071527136644
2024-12-26,587.949453201798,589.75,41219100,6.665365333424766e-05
2024-12-27,586.0271215733671,583.55,64969300,-0.010526642608095438
2024-12-30,576.5630589676712,576.89,56578800,-0.011411682852174976
2024-12-31,578.5441278348751,574.79,57052700,-0.0036379656551073225
2025-01-02,578.0342139844852,573.38,50204000,-0.00245696071262691
2025-01-03,576.2100986967752,580.54,37888500,0.012503475553182541
2025-01-06,584.7816606701658,583.89,47679400,0.00576051594844551
2025-01-07,585.9094391002772,577.29,60393100,-0.011304100584961563
2025-01-08,577.3575056942733,578.13,47304700,0.0014610447966336704
2025-01-10,574.5917674597674,569.31,73105000,-0.01526754467506164
2025-01-13,564.6765795569504,570.19,47910100,0.0015504685444753807
2025-01-14,573.1011353265001,570.97,48420600,0.0013761558729881163
2025-01-15,578.956079102548,581.36,56900200,0.018189872366344506
2025-01-16,582.7220679112103,580.24,43319700,-0.0019231528367921191
2025-01-17,585.4584175885924,586.07,58070600,0.010040007716690669
2025-01-21,589.0967593301249,591.43,42532900,0.00915329782101093
2025-01-22,594.2457369774064,594.76,48196000,0.005621669506018723
2025-01-23,594.1280457618639,598.0,41152100,0.005458065583400229
2025-01-24,598.0607394613536,596.26,34604700,-0.0029193693517148844
2025-01-27,583.3496990163546,587.82,70361100,-0.014145474165838445
2025-01-28,589.0478589949998,592.87,44433300,0.00859257514869105
2025-01-29,592.0880784150642,590.21,37177400,-0.004482980456218866
2025-01-30,592.3234200043604,593.38,39281300,0.0053669664194127
2025-01-31,595.7952259985301,590.22,66566900,-0.005321858304584093
2025-02-03,581.2509121761593,586.25,65857200,-0.006729615115073195
2025-02-04,586.3116394651887,590.19,33457800,0.006708474732966652
2025-02-05,589.0674493379312,592.58,30653100,0.004054459336477301
2025-02-06,594.3142808571387,594.64,35771500,0.0034755049668830917
2025-02-07,595.1970270806008,589.19,50788500,-0.009153457596513759
2025-02-10,592.3922016880001,593.2,26048700,0.006791307077217645
2025-02-11,590.9406891686515,593.65,30056700,0.0007605776315475765
2025-02-12,587.6552234594287,591.74,45076100,-0.0032215675382295528
2025-02-13,592.8335121773658,597.98,40921300,0.010557621170611098
2025-02-14,598.1882471856823,597.95,26910400,-4.929908037309971e-05
2025-02-18,599.1101412981178,599.71,26749000,0.002935838625845344
2025-02-19,598.3256621675536,601.12,31011100,0.002355067190657145
2025-02-20,599.7574971023196,598.62,36554000,-0.004160319845275984
2025-02-21,598.4039822903428,588.38,76519800,-0.01710426448858804
2025-02-24,590.4209369132893,585.7,50737200,-0.00455029562658138
2025-02-25,585.6447380509082,582.79,58266500,-0.004973235149697275
2025-02-26,584.4483164935664,583.09,43321600,0.0005050037472074109
2025-02-27,585.3504072406853,573.78,74196700,-0.0159621850789039
2025-02-28,574.2780799729966,582.73,88744100,0.015605734633580726
2025-03-03,584.6933298193593,572.52,74249200,-0.01752011865747627
2025-03-04,568.5406690059347,565.75,109648200,-0.011836944340679834
2025-03-05,565.5789075488999,571.83,71230500,0.010747989977533123
2025-03-06,564.3921877543482,561.68,80094900,-0.017751152762360167
2025-03-07,559.9004310284239,564.82,81158800,0.005604785572778992
2025-03-10,556.6541826711317,549.78,99326600,-0.02663562879515402
2025-03-11,548.6220367842027,545.21,88102100,-0.008312773804027063
2025-03-12,551.3386407379146,548.1,69588200,0.005306567271615936
2025-03-13,547.7296277070824,540.8,74079400,-0.013330353413383622
2025-03-14,545.3953858640715,551.97,62660300,0.0206556160732716
2025-03-17,551.9466155584751,556.22,49008700,0.007711245396651023
2025-03-18,553.9179548314441,550.21,66041400,-0.010808335030514149
2025-03-19,551.9859243939003,556.2,66556000,0.010890822875730954
2025-03-20,552.4763694984304,554.59,62958200,-0.0028916370774351163
2025-03-21,550.1543857754978,554.78,83763000,0.00032983069351377736
2025-03-24,561.4863807824129,564.71,58766800,0.01790851112775793
2025-03-25,565.9129505962637,566.07,38355700,0.0024038461538462563
2025-03-26,565.8047238585734,559.31,51848300,-0.011938329377862766
2025-03-27,557.9254317069114,557.83,42164200,-0.002655674108104966
2025-03-28,556.3023922676962,546.59,71662700,-0.020138325776888455
2025-03-31,540.8585640195936,550.26,95328200,0.006712831808701525
2025-04-01,548.354126889779,551.82,54609600,0.0028242465034116204
2025-04-02,545.9933271249679,555.31,76014500,0.0063285286834458
2025-04-03,536.2154977474014,527.94,125986000,-0.04928084518002507
2025-04-04,515.1253487932553,497.04,217965100,-0.05854293514288289
2025-04-07,481.20799599577117,496.15,256611400,-0.0017811294100512631
2025-04-08,513.3448497413204,488.38,165816600,-0.0156628970820738
2025-04-09,485.3887517916309,539.67,241867300,0.1050196638760379
2025-04-10,523.4866290700438,516.02,162331200,-0.04381929414255514
2025-04-11,514.4761933704091,525.23,97866300,0.017842966096081714
2025-04-14,535.172792794898,530.32,68034000,0.009701309641358513
2025-04-15,530.8643368073726,528.84,56892900,-0.0028007268193963597
2025-04-16,523.0047395671859,517.08,83484800,-0.022227990343564707
2025-04-17,519.0306499479765,517.82,79868100,0.0014267187463665731
2025-04-21,512.6562685653938,505.5,69368100,-0.0238028192919969
2025-04-22,511.6529994400941,518.65,75948100,0.026017831494603794
2025-04-23,531.6119173418257,526.68,90590700,0.01549547679367791
2025-04-24,527.9624225863133,537.77,64150400,0.021048917134121048
2025-04-25,537.7305086834277,541.66,61119600,0.007225434182062562
2025-04-28,542.3931048050576,541.86,47613800,0.00038120534809804596
2025-04-29,539.9535089190233,545.28,47775100,0.006299374906016286
2025-04-30,538.6353953740775,545.49,93101500,0.00039680807361719417
2025-05-01,551.2265660956555,549.36,63186100,0.007087011956024902
2025-05-02,555.5153624660799,557.51,60717300,0.014844110563275503
2025-05-05,553.3905821110088,554.32,38659200,-0.005734441495723663
2025-05-06,548.8263903141681,549.68,48264700,-0.008358162019163173
2025-05-07,551.0102132045591,551.99,55588000,0.004205532915692922
2025-05-08,556.0170826268422,555.84,65130800,0.006967704526426033
2025-05-09,557.2369337452446,555.13,37603400,-0.0012739814489766133
2025-05-12,571.9822603015932,573.48,78993600,0.03304724724832586
2025-05-13,573.890562385163,577.26,67947200,0.006603869472230128
2025-05-14,578.2188228927168,578.0,66283500,0.0012780844466173669
2025-05-15,576.0055507079343,580.83,71268100,0.004884375826294196
2025-05-16,581.6027001482121,584.5,76052100,0.0063340096153452485
2025-05-19,578.5041197159628,585.14,68168500,0.0010939252169079872
2025-05-20,583.4127091135157,583.18,60614500,-0.003362261746350459
2025-05-21,578.8385787658873,573.35,95197700,-0.016850754571148485
2025-05-22,573.1527081060358,573.58,70860400,0.000394410757779573
2025-05-23,566.5818940711587,569.66,76029000,-0.006825457716522543
2025-05-27,576.507266661779,581.5,72588500,0.020790558732404207
2025-05-28,581.9075989404909,578.14,68445500,-0.005785543289605233
2025-05-29,583.3831371525944,580.42,69973300,0.0039474266243269
2025-05-30,579.320555390729,579.77,90601200,-0.0011184442562377495
2025-06-02,578.1696961697437,583.04,61630500,0.005633012815451588
2025-06-03,582.6748967264019,586.36,63606200,0.005702480290520562
2025-06-04,587.2195213026215,586.21,57314200,-0.0002684505635119905
2025-06-05,587.8785767379185,583.37,92278700,-0.004832782960816684
2025-06-06,588.8917438854173,589.36,66588700,0.010269002220969492
2025-06-09,589.9344673159251,589.9,53016400,0.0009012919138797759
2025-06-10,590.426305457828,593.24,66247000,0.005669725381956647
2025-06-11,594.3315085062023,591.55,73658200,-0.0028521635422879
2025-06-12,590.2196557337946,593.9,64129000,0.00397423956478371
2025-06-13,588.7343748466453,587.26,89506000,-0.011179972940572491
2025-06-16,590.6034249017806,592.85,79984100,0.009514273488879121
2025-06-17,590.4164759991057,587.78,82209400,-0.008545182675272933
2025-06-18,588.675394655937,587.69,76605000,-0.00015056814553315867
2025-06-20,590.3565237964918,586.31,94051400,-0.002348489797368125
2025-06-23,587.0611954614843,592.1,87426000,0.009877340797457723
2025-06-24,596.2266992885851,598.64,67735300,0.011047302183246677
2025-06-25,599.7586945360007,598.98,62114800,0.0005603485498484329
2025-06-26,600.8242007377552,603.67,78548400,0.00782377492146935
2025-06-27,604.6621068443518,606.66,86258400,0.004968425624821915
2025-06-30,609.1016996773074,609.57,92502500,0.004781079152404333
2025-07-01,608.0953617899536,609.37,70030100,-0.00032361685086557124
2025-07-02,608.9635746030316,612.13,66510400,0.004533304513562708
2025-07-03,614.1036930875782,616.95,51065800,0.00788132829242616
2025-07-07,615.0014790783108,612.36,74814500,-0.007451977060185855
2025-07-08,613.0184402574613,612.02,59024600,-0.0005477000385931685
2025-07-09,614.4193967168262,615.69,66113300,0.005996587938471132
2025-07-10,615.8301939872533,617.43,57529000,0.002820223327903104
2025-07-11,614.38979053738,615.26,63670200,-0.00351534033191947
2025-07-14,614.804168244691,616.43,51898500,0.001908260069777068
2025-07-15,619.1057784945341,613.8,74317300,-0.004273228812600283
2025-07-16,615.3764310442137,615.85,88987500,0.003343222494186504
2025-07-17,616.0275671883336,619.62,68885700,0.006119571230611909
2025-07-18,620.8619473428577,619.17,65621600,-0.0007321830451703093
2025-07-21,620.3390502929688,620.34,63375000,0.0018961200268128309
2025-07-22,620.6645066309135,620.43,60046300,0.0001429606631879743
2025-07-23,623.0816882564411,625.71,70511000,0.008507550549488707
2025-07-24,626.0907261554769,625.91,71307100,0.0003309737593313322
2025-07-25,626.5742531786653,628.56,56865400,0.004224394417492228
2025-07-28,628.9321516432593,628.4,54917100,-0.0002511098453120697
2025-07-29,629.7904764849706,626.74,60556300,-0.002637607015591792
2025-07-30,627.3930824208583,625.95,80418900,-0.0012592832087132688
2025-07-31,630.8857242490737,623.6,103385200,-0.0037511180467195704
2025-08-01,617.9020271938194,613.38,140103600,-0.016390596232467858
2025-08-04,617.280474690056,622.71,73218000,0.01519979653071335
2025-08-05,623.3184070376644,619.55,68051400,-0.00506997011593413
2025-08-06,620.6151401423151,624.3,64357500,0.007659668036719802
2025-08-07,627.7087670325432,623.77,74205800,-0.0008375656453195601
2025-08-08,625.5580704635792,628.64,64051600,0.007797641558588975
2025-08-11,628.9123942278318,627.39,58742300,-0.0019776542257662344
2025-08-12,629.7312404986845,634.07,64730800,0.010646054700523155
2025-08-13,636.2625497647373,636.24,60092800,0.003423258482342151
2025-08-14,634.1709920856589,636.3,59327500,9.305267750447932e-05
2025-08-15,637.3280514224831,634.81,68592500,-0.0023413520331988513
2025-08-18,634.2400917394748,634.67,43804900,-0.00021748402328902738
2025-08-19,634.4965717210093,631.23,69750700,-0.00542520451503492
2025-08-20,630.8264521540534,629.55,88890300,-0.002657103671908412
2025-08-21,627.7483287539096,627.03,54805800,-0.004011786002919404
2025-08-22,629.2084743239826,636.66,84083200,0.015356808979611891
2025-08-25,635.4041188479046,633.86,51274300,-0.004401211313363129
2025-08-26,633.5888838455812,636.51,51581600,0.004187063309941674
2025-08-27,635.9271580330511,637.96,48341100,0.0022786450217604504
2025-08-28,638.5612839961418,640.22,61519500,0.003541316007178885
2025-08-29,638.7881685836082,636.4,74522200,-0.005963766656904346
2025-09-02,628.9518765829083,631.68,81983500,-0.007410239855265122
2025-09-03,634.05255551225,635.11,70820900,0.005419573443143255
2025-09-04,635.7791465574808,640.42,65219200,0.008357508586952056
2025-09-05,642.7444163544111,638.56,85178900,-0.002896333007960439
2025-09-08,639.9226770155989,640.13,63133100,0.0024564651294738393
2025-09-09,640.2679925951522,641.61,66133900,0.002311904932623232
2025-09-10,644.8556665576591,643.46,78034500,0.002890849480148505
2025-09-11,645.4082598463015,648.81,69934400,0.008310343898671801
2025-09-12,648.7824254618777,648.59,72780100,-0.00033452064959471617
2025-09-15,650.7949828188489,652.05,63772400,0.00532372597768993
2025-09-16,652.6004065429622,651.15,61169000,-0.0013768407135983374
2025-09-17,651.1601963123729,650.34,101952200,-0.0012421680237529875
2025-09-18,653.014970896297,653.38,90459200,0.0046724639030437665
2025-09-19,655.2606553211801,656.62,97945600,0.004952742546505018
2025-09-22,655.1320445581616,659.72,69452200,0.004731085163901749
2025-09-23,659.6037107504653,656.13,81708900,-0.005443665189056368
2025-09-24,657.4173382288552,654.04,68082200,-0.0031815654135318727
2025-09-25,650.91749472694,651.03,89622100,-0.0046134455757694814
2025-09-26,652.4707616041429,654.76,69179200,0.005729103921045642
2025-09-29,657.2689872647139,656.6,73499000,0.002810434169152165
2025-09-30,655.8542079251938,659.07,86288000,0.003766799753069261
2025-10-01,656.0916347397471,661.32,72545400,0.0034075139409872612
2025-10-02,663.2938778298502,662.08,56896000,0.0011517315659728133
2025-10-03,662.838842966907,662.07,70494400,-1.4749984535544769e-05
2025-10-06,664.4514922823549,664.44,54623300,0.0035863272632872256
2025-10-07,665.3616291701808,661.98,72020100,-0.0037075342375781917
2025-10-08,663.0960778489103,665.93,60702200,0.005963018112918661
2025-10-09,666.3411584665431,664.0,66501900,-0.002896927773588187
2025-10-10,664.9560020556908,646.05,159422600,-0.02702787419005037
2025-10-13,653.5985682812151,655.96,79560500,0.01534405245669701
2025-10-14,650.1556923521978,655.16,88779600,-0.0012216093756775015
2025-10-15,659.7026642450096,658.07,81702600,0.0044394680203003745
2025-10-16,659.7027147054259,653.59,110563300,-0.00681016559073544
2025-10-17,652.4608239631079,657.3,96500900,0.005676293099704743
2025-10-20,660.1973267543179,664.13,60493400,0.010400419493367341
2025-10-21,664.2733620876278,664.12,56249000,-1.4888084340025642e-05
2025-10-22,664.8273632729761,660.67,80564000,-0.005198959693403782
2025-10-23,660.988802941274,664.59,65604500,0.005929999418908372
2025-10-24,669.2398161192735,670.02,74356500,0.008172552647061071
2025-10-27,675.442806418656,677.93,63339800,0.011797628449856656
2025-10-28,679.7167206093349,679.73,61738100,0.0026560392684344958
2025-10-29,681.3689223981395,680.05,85657100,0.0004803961984587435
2025-10-30,676.6004800474726,672.57,76335800,-0.010998034372851295
2025-10-31,677.7282029402567,674.78,87164100,0.0032801089636860237
2025-11-03,678.3514739521635,676.05,57315000,0.001876696652084675
2025-11-04,668.8935461650569,668.03,78427000,-0.011853550232820531
2025-11-05,667.7755543304748,670.35,74402400,0.0034654021681033154
2025-11-06,669.2496813312496,663.16,85035300,-0.010729329446956037
2025-11-07,660.781013040124,663.81,100592400,0.0009845249103577203
2025-11-10,670.011442763763,674.17,75842900,0.015604317681877422
2025-11-11,672.6925273614432,675.71,58953400,0.0022892485351109215
2025-11-12,677.4808612736824,676.09,62312500,0.0005564170786802602
2025-11-13,673.2367288900627,664.87,103457800,-0.016593945359895557
2025-11-14,658.2780414721369,664.76,96846700,-0.000163772180045485
2025-11-17,662.5519561070769,658.56,90456100,-0.00931643571527141
2025-11-18,655.0330052616243,653.03,114467500,-0.008397553718616058
2025-11-19,653.7272041810384,655.56,94703000,0.0038632365293529425
2025-11-20,665.7276649913678,645.57,165293500,-0.015242276237766972
2025-11-21,648.0582892153691,652.0,123956200,0.00996119766575232
2025-11-24,655.6167748873626,661.59,80437900,0.014718553120582678
2025-11-25,661.4933747936815,667.82,81077100,0.009405944613086525
2025-11-26,670.3973078307199,672.43,71879600,0.006903451122352244
2025-11-28,673.5928002628821,676.1,49212000,0.005458464350335035
2025-12-01,671.5646559458772,673.01,61201200,-0.004565522877085559
2025-12-02,674.6414676887413,674.26,62953800,0.0018522513914331906
2025-12-03,673.3059439079583,676.59,57238500,0.0034628390228845785
2025-12-04,677.9854656605314,677.09,61970300,0.000731151162097321
2025-12-05,678.1535326146577,678.37,79241000,0.0018993336917458858
2025-12-08,679.2617413091358,676.33,55231500,-0.0030041115903878257
2025-12-09,675.8584445640498,675.75,58310100,-0.0008630954932499213
2025-12-10,675.2746659471688,680.23,85671300,0.006632084722901999
2025-12-11,677.82719343181,681.81,86173700,0.002327071699470329
2025-12-12,680.8248329648462,674.48,113160300,-0.010752008599530072
2025-12-15,678.4207075198718,673.46,90811000,-0.001510940359255808
2025-12-16,671.9802275249427,671.62,122030600,-0.0027322728752857683
2025-12-17,672.6331978735437,664.23,110625200,-0.01100356428531768
2025-12-18,670.3675163697123,669.25,108650100,0.0075511768241409705
2025-12-19,671.3463691548195,675.32,103599500,0.009063578290348762
2025-12-22,678.639344063116,679.52,69556700,0.006229818660208997
2025-12-23,678.6195066727895,682.63,64840000,0.004570524308344925
2025-12-24,682.6183200290311,685.03,39445600,0.0035176469336466454
2025-12-26,685.2874813951044,684.96,41613300,-0.00010139418790333643
2025-12-29,682.2114479341877,682.52,62559500,-0.0035636809822511273
2025-12-30,682.1221392108215,681.69,47160700,-0.0012212056239845337
