date,loss
2014-09-18,0.07464335114905024
2014-09-19,0.07240150831598655
2014-09-20,-0.035111238924079614
2014-09-21,0.024967658573127677
2014-09-22,-0.008317415847792081
2014-09-23,-0.08033258980830758
2014-09-24,0.029306072958098176
2014-09-25,0.027867817193167922
2014-09-26,0.0175225712651671
2014-09-27,0.012202475999442203
2014-09-28,0.05753862134517328
2014-09-29,0.004554565208133669
2014-09-30,-0.03010936786854685
2014-10-01,0.008640560327416795
2014-10-02,0.022521436563615105
2014-10-03,0.042370445494222315
2014-10-04,0.0890971731632362
2014-10-05,0.02573685720834996
2014-10-06,-0.029418542484082596
2014-10-07,-0.018335537549769843
2014-10-08,-0.048630490107531996
2014-10-09,-0.03367050886515816
2014-10-10,0.009535019685869594
2014-10-11,-0.0020363018397691725
2014-10-12,-0.04387568380252533
2014-10-13,-0.030862165749712976
2014-10-14,-0.02642945473533767
2014-10-15,0.015326230901940996
2014-10-16,0.031435894996154054
2014-10-17,-0.0031370869973757617
2014-10-18,-0.01982518661870101
2014-10-19,0.004855387987120306
2014-10-20,0.017351722052715512
2014-10-21,-0.009436987957972875
2014-10-22,0.008619789324393464
2014-10-23,0.06675031813644425
2014-10-24,0.00020087830465635576
2014-10-25,0.031390769190214725
2014-10-26,-0.021178223352178425
2014-10-27,0.004846733365239283
2014-10-28,-0.013028475982844394
2014-10-29,0.06357224291092703
2014-10-30,-0.028534896464091998
2014-10-31,0.02043287172521867
2014-11-01,0.037868067090557754
2014-11-02,-0.0004389084643792419
2014-11-03,-0.005086850113011883
2014-11-04,-0.008929583542813927
2014-11-05,-0.02685022019464371
2014-11-06,-0.028469860439230645
2014-11-07,0.01987907050661142
2014-11-08,-0.008934452738033633
2014-11-09,-0.050171934079645264
2014-11-10,-0.01002490925623583
2014-11-11,-0.002099037344141317
2014-11-12,-0.14144374235950072
2014-11-13,0.006694405456441629
2014-11-14,0.05600854991385603
2014-11-15,0.056051804516045835
2014-11-16,-0.0307583475088815
2014-11-17,0.00122276592224785
2014-11-18,0.032024492730085764
2014-11-19,-0.014176812837002903
2014-11-20,0.061544745368212604
2014-11-21,0.019732890613733702
2014-11-22,-0.0058883821245041875
2014-11-23,-0.04068049266746527
2014-11-24,-0.02506062301536968
2014-11-25,0.004128981904106339
2014-11-26,0.018765719594816287
2014-11-27,-0.003522897512379116
2014-11-28,-0.018166490984887675
2014-11-29,0.0025427473603651814
2014-11-30,-0.006784023042740145
2014-12-01,-0.003163902586034823
2014-12-02,-0.005443390244398497
2014-12-03,0.01667309327292109
2014-12-04,0.014520545533967717
2014-12-05,-0.01942568211280815
2014-12-06,0.005505316911438858
2014-12-07,-0.0008267924847559234
2014-12-08,0.035786540910186744
2014-12-09,0.027139664971795558
2014-12-10,0.016760020464782286
2014-12-11,-0.011884754732860379
2014-12-12,-0.005791883069589239
2014-12-13,0.014761954756862644
2014-12-14,-0.012177354377937011
2014-12-15,0.01804122065223821
2014-12-16,0.05439412969735232
2014-12-17,0.022529037468551814
2014-12-18,0.026555352175350936
2014-12-19,-0.02049210790497289
2014-12-20,-0.037401783536729974
2014-12-21,0.02800742641911091
2014-12-22,-0.03383962868132819
2014-12-23,-0.008060580781696913
2014-12-24,0.036643529605327387
2014-12-25,0.010992379373534256
2014-12-26,-0.02756574140127263
2014-12-27,0.03747331232117634
2014-12-28,-0.004346879974207228
2014-12-29,0.014507111911498326
2014-12-30,0.0062014705350289445
2014-12-31,-0.029977023965103558
2015-01-01,0.018738274882211695
2015-01-02,-0.0024886192856885233
2015-01-03,0.11402781772464736
2015-01-04,0.061958949741243954
2015-01-05,-0.03816904066200965
2015-01-06,-0.0417958802770686
2015-01-07,-0.0280729729527459
2015-01-08,0.038046038508232904
2015-01-09,-0.02460744467252288
2015-01-10,0.05525782685593136
2015-01-11,0.03381165828602173
2015-01-12,-0.008008149758100299
2015-01-13,0.17030572694913534
2015-01-14,0.23755771549530522
2015-01-15,-0.164002352794029
2015-01-16,0.008360051860799687
2015-01-17,0.043393840687305896
2015-01-18,-0.05411005929718177
2015-01-19,-0.02127073585047844
2015-01-20,0.016641349425745678
2015-01-21,-0.07114626123199319
2015-01-22,-0.02828326756390444
2015-01-23,0.002260455630801953
2015-01-24,-0.06229262485473296
2015-01-25,-0.023411802380044453
2015-01-26,-0.07497944406522498
2015-01-27,0.03724435725045598
2015-01-28,0.11900073718364432
2015-01-29,0.0017200206333921858
2015-01-30,0.030823974429389264
2015-01-31,0.040380437381728564
2015-02-01,-0.04279332203631927
2015-02-02,-0.04840574994570224
2015-02-03,0.04710245086441019
2015-02-04,0.0018277448453036722
2015-02-05,0.0438935079933491
2015-02-06,-0.02346618327569626
2015-02-07,-0.0243911975438062
2015-02-08,0.01924847748019274
2015-02-09,0.01489018780860793
2015-02-10,0.0012319433610069224
2015-02-11,0.002979369869067089
2015-02-12,-0.01169767654801286
2015-02-13,-0.05978710744575146
2015-02-14,-0.08892349379425551
2015-02-15,0.09148384584019954
2015-02-16,0.00419058296067406
2015-02-17,-0.04091862847771824
2015-02-18,0.03035636359272711
2015-02-19,-0.01660519034172677
2015-02-20,-0.014444690551578291
2015-02-21,-0.003092238871982713
2015-02-22,0.035619980715916974
2015-02-23,-0.012277195944320576
2015-02-24,0.0006574070841032816
2015-02-25,0.005312847871439998
2015-02-26,0.004406063968623295
2015-02-27,-0.07102164294766813
2015-02-28,-0.001712282492500946
2015-03-01,-0.023089070174587865
2015-03-02,-0.05774631039705618
2015-03-03,-0.021645212985012714
2015-03-04,0.03104098668249274
2015-03-05,-0.011236844892019125
2015-03-06,0.012589019563885341
2015-03-07,-0.012889423033744005
2015-03-08,0.006926764001895432
2015-03-09,-0.05410555539115711
2015-03-10,-0.007406767027843437
2015-03-11,-0.015707453323950217
2015-03-12,0.006855895378802532
2015-03-13,0.0311121803793417
2015-03-14,0.01217173654759659
2015-03-15,-0.01586579121122548
2015-03-16,-0.014558606023415802
2015-03-17,0.017664059044773035
2015-03-18,0.10791478367740183
2015-03-19,-0.017899766313779417
2015-03-20,-0.0031414604385734918
2015-03-21,0.006608245488491631
2015-03-22,-0.030059926984876507
2015-03-23,0.004563319168047861
2015-03-24,0.082590521853266
2015-03-25,-0.0024482110178939095
2015-03-26,-0.009439546802021883
2015-03-27,0.006065833740133761
2015-03-28,-0.023085000457077995
2015-03-29,0.04071110245965527
2015-03-30,-0.01963596613450928
2015-03-31,0.013429797994592731
2015-04-01,-0.012403125199171193
2015-04-02,-0.022920312531111483
2015-04-03,-0.005191934481623315
2015-04-04,0.0024605390743548295
2015-04-05,-0.02683829306360957
2015-04-06,0.019787843949012902
2015-04-07,0.009090445919442811
2015-04-08,0.03275265389486289
2015-04-09,0.00550856238328955
2015-04-10,0.031702583387589446
2015-04-11,-0.0020311955561355304
2015-04-12,0.0016881656356903948
2015-04-13,0.05021671457956225
2015-04-14,0.024465706767396074
2015-04-15,-0.02110272663610571
2015-04-16,-0.02095542078043026
2015-04-17,0.025213125195807665
2015-04-18,-0.0021244232660850323
2015-04-19,0.003390457413689029
2015-04-20,-0.009060362216785637
2015-04-21,-0.0462926999365405
2015-04-22,0.004656580910825517
2015-04-23,-0.009714594733087079
2015-04-24,0.022210307810530832
2015-04-25,0.02131806137951217
2015-04-26,0.031225931376802334
2015-04-27,-0.043936871246002325
2015-04-28,0.01507693138911128
2015-04-29,0.00020810680116101977
2015-04-30,-0.04476096650210979
2015-05-01,0.01736823289978208
2015-05-02,-0.012209757927328984
2015-05-03,-0.022841919434434907
2015-05-04,0.005590600314613073
2015-05-05,0.012194490570728496
2015-05-06,0.02721337153245333
2015-05-07,-0.032337406914244825
2015-05-08,-0.0271381890420925
2015-05-09,0.00836334599719275
2015-05-10,0.0063717546420386335
2015-05-11,-0.007718906748170874
2015-05-12,0.004328871534384656
2015-05-13,0.019833570375609212
2015-05-14,-0.002332538373417759
2015-05-15,-0.002849091256635625
2015-05-16,0.006129713522271202
2015-05-17,-0.002744457633568561
2015-05-18,0.015636672562722796
2015-05-19,0.005078760472612182
2015-05-20,-0.008889134295103438
2015-05-21,-0.005650190252098664
2015-05-22,-0.021039654392675935
2015-05-23,0.006160084501103912
2015-05-24,-0.008674087312006046
2015-05-25,0.016077734830484965
2015-05-26,-2.529049072865961e-05
2015-05-27,-0.0007040801201424068
2015-05-28,-0.0005266583962282316
2015-05-29,0.0013151069966266735
2015-05-30,0.015947042706826734
2015-05-31,0.013612984892928127
2015-06-01,0.032065210637688614
2015-06-02,-0.012823055324273793
2015-06-03,-0.00031438017957116854
2015-06-04,0.006885832118475905
2015-06-05,-0.002795569450765387
2015-06-06,-0.0029607228818376284
2015-06-07,0.012209768590979025
2015-06-08,-0.024850080233436732
2015-06-09,-0.002443544510369354
2015-06-10,0.0010702625984199304
2015-06-11,-0.003934540853908535
2015-06-12,-0.0012051366843483038
2015-06-13,-0.010467578165980995
2015-06-14,-0.004897611391449256
2015-06-15,-0.013946807230271138
2015-06-16,-0.0577215235200358
2015-06-17,0.006441746888822008
2015-06-18,0.0011117713391535112
2015-06-19,0.017832259441455525
2015-06-20,-0.002474401130183899
2015-06-21,0.0051844736489190454
2015-06-22,-0.012409180462625208
2015-06-23,0.01096724591440124
2015-06-24,0.015598171178905587
2015-06-25,-0.00945146884397475
2015-06-26,-0.0032689569671338244
2015-06-27,-0.029910238649985002
2015-06-28,0.007916041018021671
2015-06-29,-0.031827984516984625
2015-06-30,-0.023102661546717907
2015-07-01,0.017064046599051412
2015-07-02,0.012485740380607286
2015-07-03,-0.003611140537128755
2015-07-04,-0.017594399701258708
2015-07-05,-0.04139866364903754
2015-07-06,0.010659248530482286
2015-07-07,0.010548688624993648
2015-07-08,-0.01705095721058097
2015-07-09,0.005766569135055685
2015-07-10,-0.056558632505455265
2015-07-11,-0.02844776519770061
2015-07-12,-0.05880019194966264
2015-07-13,0.06242651475623316
2015-07-14,0.015841069719805347
2015-07-15,0.0057038327096080475
2015-07-16,0.027452597215516125
2015-07-17,-0.00496088681237782
2015-07-18,0.016491018120761647
2015-07-19,0.004692632405765162
2015-07-20,-0.019425230515446274
2015-07-21,0.01134799606665116
2015-07-22,-0.005022936197976215
2015-07-23,0.0042401477702135515
2015-07-24,-0.043346917965858316
2015-07-25,-0.0014523190754852883
2015-07-26,-0.013722713943767523
2015-07-27,-0.003199635296651489
2015-07-28,-0.0027310880836206508
2015-07-29,0.01656498435681487
2015-07-30,0.0064714333140721645
2015-07-31,0.0107343496138054
2015-08-01,0.010769111724396336
2015-08-02,-0.0035908351551854666
2015-08-03,0.004919921450151317
2015-08-04,-0.014091618850608268
2015-08-05,0.01176525184182441
2015-08-06,0.011794015540393898
2015-08-07,-0.0036118428850578886
2015-08-08,0.0687973817394527
2015-08-09,-0.01553406541650176
2015-08-10,0.0023151860348410653
2015-08-11,-0.02212268918500627
2015-08-12,0.014941646019161535
2015-08-13,0.008656834399337742
2015-08-14,-0.006040512802955279
2015-08-15,0.01566327593274089
2015-08-16,0.011706545070410978
2015-08-17,0.0020561200546923707
2015-08-18,0.20063416232442743
2015-08-19,-0.07132455635785633
2015-08-20,-0.03751679130467895
2015-08-21,0.0118868375389682
2015-08-22,0.009413433789144688
2015-08-23,0.009686912182080969
2015-08-24,0.08062473359634079
2015-08-25,-0.05145266189809527
2015-08-26,-0.018872365248561083
2015-08-27,0.004713708157642016
2015-08-28,-0.02905731598082126
2015-08-29,0.0070081875315019145
2015-08-30,0.004444526744575541
2015-08-31,-0.005644959118664133
2015-09-01,0.008446556918348894
2015-09-02,-0.0050851953697263535
2015-09-03,0.00920554074485158
2015-09-04,-0.013618286292616499
2015-09-05,-0.02029220950741306
2015-09-06,-0.020305669091942837
2015-09-07,-2.9201476095330115e-05
2015-09-08,-0.01555502844545953
2015-09-09,0.022579945075460288
2015-09-10,-0.001296586674883571
2015-09-11,-0.0068117443452915295
2015-09-12,0.02052511060196729
2015-09-13,0.020256631126833225
2015-09-14,-0.0005724908294613855
2015-09-15,0.0014752050165764698
2015-09-16,0.005280859583557768
2015-09-17,-0.0031335504931134946
2015-09-18,-0.013678307924647123
2015-09-19,0.006381558728588466
2015-09-20,0.0012145562897130722
2015-09-21,0.018010636554186336
2015-09-22,-0.015438219324374681
2015-09-23,0.0014536376070196364
2015-09-24,-0.018270269270815796
2015-09-25,-0.0026188032116559834
2015-09-26,0.003425043884538861
2015-09-27,0.006778029461708515
2015-09-28,-0.027062503461009677
2015-09-29,0.010318932398919053
2015-09-30,0.0026525785544473644
2015-10-01,-0.006287901367533316
2015-10-02,0.0010782396311614989
2015-10-03,-0.006037526926853979
2015-10-04,0.001974859783494672
2015-10-05,-0.008875137866671141
2015-10-06,-0.02335414868766111
2015-10-07,0.012653776022319324
2015-10-08,0.0027406993970222338
2015-10-09,-0.00669225774201338
2015-10-10,-0.004131944378731938
2015-10-11,-0.008573415850475552
2015-10-12,0.00707619925894907
2015-10-13,-0.016976402807395333
2015-10-14,-0.009894468274496332
2015-10-15,-0.00920791593427537
2015-10-16,-0.03306241831528717
2015-10-17,-0.02913381488056866
2015-10-18,0.033808578905344916
2015-10-19,-0.0068332950027678975
2015-10-20,-0.022616842061920966
2015-10-21,0.011912782119455399
2015-10-22,-0.02869372725336826
2015-10-23,-0.008984280367577967
2015-10-24,-0.018482975533646497
2015-10-25,-0.007167478715194853
2015-10-26,-0.005694398925499903
2015-10-27,-0.029317184247970474
2015-10-28,-0.03620017059679138
2015-10-29,-0.029872560540859655
2015-10-30,-0.04412825288520052
2015-10-31,0.043137922471269186
2015-11-01,-0.03522899562797236
2015-11-02,-0.10425089733390326
2015-11-03,-0.11056939286686604
2015-11-04,-0.019991331284302655
2015-11-05,0.06320802060226931
2015-11-06,0.03124236154384214
2015-11-07,-0.03157358504810171
2015-11-08,0.03452072206175425
2015-11-09,-0.01828275054987659
2015-11-10,0.12130161493200711
2015-11-11,0.07948267475756071
2015-11-12,-0.08343250231798256
2015-11-13,0.004145825976570227
2015-11-14,0.01148951093765005
2015-11-15,0.03902062067538069
2015-11-16,-0.032526283053829305
2015-11-17,-0.013045224166090356
2015-11-18,0.0015051812647567857
2015-11-19,0.025551598987975044
2015-11-20,0.012734415693713075
2015-11-21,-0.015117034311317484
2015-11-22,0.00734040736066012
2015-11-23,0.004601806040729209
2015-11-24,0.009329992771021057
2015-11-25,-0.02517673649736144
2015-11-26,-0.0719310041994384
2015-11-27,-0.015077831251610264
2015-11-28,0.0018478030727119411
2015-11-29,-0.03819174564629389
2015-11-30,-0.016102103514945905
2015-12-01,0.04010493374025533
2015-12-02,0.009148211621262082
2015-12-03,-0.005162169451390206
2015-12-04,-0.005901531467588603
2015-12-05,-0.06854136502537268
2015-12-06,0.0004269224582968289
2015-12-07,-0.01722051389587518
2015-12-08,-0.049392364906644164
2015-12-09,-0.00480120389518298
2015-12-10,0.005003322142095781
2015-12-11,-0.08411289544844237
2015-12-12,0.03820582051168074
2015-12-13,0.0028592860113268426
2015-12-14,-0.02375453391274045
2015-12-15,-0.0464931172186154
2015-12-16,0.022575188405547387
2015-12-17,-0.0025115213867521707
2015-12-18,-0.016392763646442193
2015-12-19,0.002795019118873129
2015-12-20,0.04340314781103667
2015-12-21,0.009181682084783822
2015-12-22,0.004723479133980716
2015-12-23,-0.013263423371260949
2015-12-24,-0.028047706368313604
2015-12-25,-0.0014671689620477152
2015-12-26,0.0879885393752486
2015-12-27,-0.01321059837446073
2015-12-28,0.0012874337757977062
2015-12-29,-0.025032256844190873
2015-12-30,0.014804794390454037
2015-12-31,-0.00920923660459228
2016-01-01,-0.00871094524036167
2016-01-02,0.0020651206226820714
2016-01-03,0.007937979079086463
2016-01-04,-0.007137117514959161
2016-01-05,0.002614903893657051
2016-01-06,0.006631301754831982
2016-01-07,-0.06527232134918742
2016-01-08,0.010574244034119464
2016-01-09,0.012475212401743629
2016-01-10,-0.0008486021915259452
2016-01-11,-0.0009750167059737574
2016-01-12,0.028817166747445385
2016-01-13,0.007646965823602343
2016-01-14,0.0047874381276169385
2016-01-15,0.1664338052665779
2016-01-16,-0.06174599774960438
2016-01-17,0.01360572109487995
2016-01-18,-0.012655651139036144
2016-01-19,0.018295459016986062
2016-01-20,-0.10023896012970848
2016-01-21,0.024006242647881867
2016-01-22,0.070088214427767
2016-01-23,-0.012984866282223048
2016-01-24,-0.039172003871981685
2016-01-25,0.028301970204966494
2016-01-26,-0.0010894589086653844
2016-01-27,-0.007162729626808593
2016-01-28,0.0378833441545607
2016-01-29,0.002145413118275195
2016-01-30,0.0032174964557383176
2016-01-31,0.02540358060856337
2016-02-01,-0.011563538116676307
2016-02-02,-0.0037243945294053483
2016-02-03,0.012087764139591044
2016-02-04,-0.051739984040954964
2016-02-05,0.007846488370578702
2016-02-06,0.026282180931773355
2016-02-07,-0.0002602216956023363
2016-02-08,0.008460639214485643
2016-02-09,-0.00689017662225599
2016-02-10,-0.014835057495084155
2016-02-11,0.00524101373583598
2016-02-12,-0.012066925497951821
2016-02-13,-0.01957738050316613
2016-02-14,-0.03847356761024338
2016-02-15,0.017451229283921166
2016-02-16,-0.018084566484096332
2016-02-17,-0.021447477040665734
2016-02-18,-0.014429798757375453
2016-02-19,0.003766753265904786
2016-02-20,-0.03818639098201341
2016-02-21,-0.003730765878716895
2016-02-22,0.002395809974121328
2016-02-23,0.03963782937665178
2016-02-24,-0.00997770875420976
2016-02-25,0.0009675826813181336
2016-02-26,-0.017761730167476383
2016-02-27,-0.0008488879767351332
2016-02-28,-0.002274733499287574
2016-02-29,-0.009625851196027416
2016-03-01,0.005898152327929521
2016-03-02,0.0259211734527871
2016-03-03,0.0055295837758946205
2016-03-04,0.02573318626747075
2016-03-05,0.0255562226581641
2016-03-06,-0.017660229918133284
2016-03-07,-0.016092289510488238
2016-03-08,0.0008427683488395658
2016-03-09,-0.0021427764853751744
2016-03-10,-0.005459271215821551
2016-03-11,-0.010870102896019172
2016-03-12,0.024160158622951636
2016-03-13,-0.005912678130918167
2016-03-14,-0.0057145906134999196
2016-03-15,-0.0009408697604203162
2016-03-16,-0.00043413495998539736
2016-03-17,-0.00861962835702918
2016-03-18,0.026678073244245377
2016-03-19,-0.002185378505023388
2016-03-20,-0.008034521831448932
2016-03-21,0.0010833482479985395
2016-03-22,-0.011503628063921653
2016-03-23,0.00011482461319438798
2016-03-24,0.0039475208968670706
2016-03-25,-0.0018786395368977987
2016-03-26,-0.0018392655901028447
2016-03-27,-0.02088368232159591
2016-03-28,0.005955455919149955
2016-03-29,0.01835323371311265
2016-03-30,0.0040897837626671105
2016-03-31,-0.004601068441725693
2016-04-01,-0.0029495739086860765
2016-04-02,-0.006945378098913718
2016-04-03,-7.36676345786342e-05
2016-04-04,-0.0012821509021542581
2016-04-05,-0.00611729420992552
2016-04-06,0.0014561557733853048
2016-04-07,0.0015788999563638598
2016-04-08,0.005683832552027873
2016-04-09,0.0022339446042406734
2016-04-10,-0.0051202219024044345
2016-04-11,-0.0021776197629015653
2016-04-12,-0.0063869202424251
2016-04-13,0.0034302129771983905
2016-04-14,-0.001292438380009947
2016-04-15,-0.01271921454071168
2016-04-16,-0.001996962758353169
2016-04-17,0.007396563983103657
2016-04-18,-0.0027851198861912063
2016-04-19,-0.016012375952933273
2016-04-20,-0.013411121805216768
2016-04-21,-0.01804237081908121
2016-04-22,0.00823986987830282
2016-04-23,-0.010144991001068509
2016-04-24,-0.018206143015635057
2016-04-25,-0.006241458369899468
2016-04-26,-0.010054896687550094
2016-04-27,0.04700588971564477
2016-04-28,-0.009676665628468313
2016-04-29,-0.013463193902923071
2016-04-30,0.015007762991123413
2016-05-01,-0.007902806121518367
2016-05-02,0.016075393468011404
2016-05-03,-0.012592678802026256
2016-05-04,0.007986434929728583
2016-05-05,-0.0028032456633388632
2016-05-06,-0.02562337748220021
2016-05-07,0.0023242375185406018
2016-05-08,-2.6155527757670403e-05
2016-05-09,-0.0042109578579271325
2016-05-10,0.021041470263289737
2016-05-11,-0.004057024567579209
2016-05-12,-0.004491484985559609
2016-05-13,-0.001985911166300505
2016-05-14,-2.143133023365203e-06
2016-05-15,-0.004154456691545624
2016-05-16,0.007469340532431954
2016-05-17,0.0008370650055065897
2016-05-18,-0.0018405921427778833
2016-05-19,0.035609688044568585
2016-05-20,-0.008988122730631124
2016-05-21,-0.0011559189106849438
2016-05-22,0.008759131625917297
2016-05-23,-0.010938696675652637
2016-05-24,-0.004102724435104247
2016-05-25,-0.0080797499085015
2016-05-26,-0.00838338224035434
2016-05-27,-0.04333640303418643
2016-05-28,-0.1128765764615354
2016-05-29,0.007208408249862471
2016-05-30,-0.014397124792801783
2016-05-31,0.0046524887371504585
2016-06-01,-0.010360414042520567
2016-06-02,-0.0019574102710910157
2016-06-03,-0.05641478580218467
2016-06-04,-0.006187873623703142
2016-06-05,-0.003920876676725658
2016-06-06,-0.018199331047312053
2016-06-07,0.015385797185729206
2016-06-08,-0.008716773544990978
2016-06-09,0.012133965657505163
2016-06-10,-0.004930078348693751
2016-06-11,-0.04942247784544362
2016-06-12,-0.10334540197584181
2016-06-13,-0.04588794913443161
2016-06-14,0.02707767672920061
2016-06-15,-0.012912921843862118
2016-06-16,-0.09843663970118602
2016-06-17,0.02296667978803112
2016-06-18,-0.009724105855091677
2016-06-19,-0.00993952443153728
2016-06-20,0.03538659489137982
2016-06-21,0.10062637470045903
2016-06-22,0.11183281125116834
2016-06-23,-0.04567816659395928
2016-06-24,-0.06412308826311645
2016-06-25,0.0002646158768267041
2016-06-26,0.05525740531723876
2016-06-27,-0.04034047275833968
2016-06-28,0.012707228240071165
2016-06-29,0.01105149439629652
2016-06-30,-0.05094960079975523
2016-07-01,-0.004384970078765935
2016-07-02,-0.03972412820578125
2016-07-03,0.06614146528546334
2016-07-04,-0.03725008160035872
2016-07-05,0.01925050808487774
2016-07-06,-0.009946948982912429
2016-07-07,0.055814131448865864
2016-07-08,-0.039728728712684167
2016-07-09,0.023626432892050374
2016-07-10,0.002460990247984299
2016-07-11,0.0026229218977028494
2016-07-12,-0.025747344854117726
2016-07-13,0.015288944121917827
2016-07-14,-0.005500751056055478
2016-07-15,-0.007836069201630321
2016-07-16,0.0037582138956780797
2016-07-17,-0.02789554519918658
2016-07-18,0.009394022492954113
2016-07-19,0.00035959849243671893
2016-07-20,0.01072666729204274
2016-07-21,0.0010114604291151619
2016-07-22,0.0218808756405852
2016-07-23,-0.007559530760042644
2016-07-24,-0.00870109451418649
2016-07-25,0.010929235856856501
2016-07-26,0.0035424219096129757
2016-07-27,-0.0039322038437801
2016-07-28,-0.0010432110288771566
2016-07-29,-0.002983220215594417
2016-07-30,0.0029648642255801294
2016-07-31,0.04746581641342204
2016-08-01,0.029912482748605147
2016-08-02,0.10203010339079038
2016-08-03,-0.033922473824015205
2016-08-04,-0.020852690662256746
2016-08-05,0.005628873840730598
2016-08-06,-0.02190447893396618
2016-08-07,-0.008322149488365755
2016-08-08,0.002764089776312475
2016-08-09,0.005518912614127954
2016-08-10,-0.007292153979075189
2016-08-11,0.005050762660932431
2016-08-12,0.0026531875140320326
2016-08-13,0.003360209928904319
2016-08-14,0.0261506116650263
2016-08-15,0.005683403271326991
2016-08-16,-0.017820376550905882
2016-08-17,0.00734023893252839
2016-08-18,-0.001920622984812707
2016-08-19,-0.0022818636847428365
2016-08-20,-0.010484628874761412
2016-08-21,0.0006690222291649347
2016-08-22,-0.00932322350619505
2016-08-23,0.005705201028606711
2016-08-24,0.00555687158466975
2016-08-25,0.004181594516967547
2016-08-26,-0.0032659352920632904
2016-08-27,0.016882788233942674
2016-08-28,-0.006932640596471534
2016-08-29,-0.00033972840024976483
2016-08-30,-0.005897840381638802
2016-08-31,0.0035230737927989374
2016-09-01,0.005522013463223132
2016-09-02,-0.005634962090118573
2016-09-03,-0.03864166859006237
2016-09-04,-0.017271891548303744
2016-09-05,0.003363902032143534
2016-09-06,-0.006320259493133727
2016-09-07,-0.0067071261444615286
2016-09-08,-0.01897446284342963
2016-09-09,0.00553158577042357
2016-09-10,-0.0010397382473276812
2016-09-11,0.027297413260301932
2016-09-12,-0.0025087001024223436
2016-09-13,-0.0016395239549115224
2016-09-14,-0.0023657090055393985
2016-09-15,0.00579551390802684
2016-09-16,0.0002998148952037711
2016-09-17,0.001630748436377438
2016-09-18,-0.006398819300182159
2016-09-19,0.0010614932563648425
2016-09-20,0.0015029961233066263
2016-09-21,0.018521286090436524
2016-09-22,0.0014261435254936741
2016-09-23,-0.010914608078408126
2016-09-24,0.0003599932414831772
2016-09-25,0.0029897562714503566
2016-09-26,-0.011940295680517948
2016-09-27,0.0030917504072912475
2016-09-28,0.0023750863514084876
2016-09-29,-0.001594430381482155
2016-09-30,-0.006651166765530886
2016-10-01,-0.006942781023424133
2016-10-02,0.005046962251341239
2016-10-03,-0.002029340688839957
2016-10-04,0.003156278103337991
2016-10-05,-0.0037735852395111976
2016-10-06,-0.0008323076058103856
2016-10-07,-0.0066658822718955795
2016-10-08,-0.003214616894831762
2016-10-09,0.0038126647243284764
2016-10-10,-0.0036285883913862423
2016-10-11,-0.035046199059068035
2016-10-12,0.007641377949793359
2016-10-13,-0.0009332355641282225
2016-10-14,-0.005624946282864251
2016-10-15,0.0027083083748717296
2016-10-16,-0.004663039034061375
2016-10-17,0.003806910666839414
2016-10-18,0.0019308126118640864
2016-10-19,0.011730713161854736
2016-10-20,-0.0005342972035953977
2016-10-21,-0.0031194639533134627
2016-10-22,-0.037932748741517315
2016-10-23,0.00033936153919938793
2016-10-24,0.0050502347652334224
2016-10-25,-0.00583679437741284
2016-10-26,-0.03101697407941272
2016-10-27,-0.014648070528238745
2016-10-28,-0.0019420146335618082
2016-10-29,-0.035367937275241255
2016-10-30,0.017813938679665752
2016-10-31,0.0012717508386612868
2016-11-01,-0.04029305139626144
2016-11-02,-0.015008828651200042
2016-11-03,0.07296402147635615
2016-11-04,-0.020885316495602286
2016-11-05,-0.00026025527640044494
2016-11-06,-0.011454947164834677
2016-11-07,0.011863106911188161
2016-11-08,-0.009507701949810892
2016-11-09,-0.018735864175560887
2016-11-10,0.010757646118391773
2016-11-11,-0.0012249273056294976
2016-11-12,0.015979621136042624
2016-11-13,0.004296847536326436
2016-11-14,-0.004250013120779194
2016-11-15,-0.00931509784055172
2016-11-16,-0.04476444393221426
2016-11-17,0.00433755399513024
2016-11-18,-0.014214767311386753
2016-11-19,-4.125311033206099e-05
2016-11-20,0.02777656409281962
2016-11-21,-0.011184405960807617
2016-11-22,-0.016234141375310433
2016-11-23,0.009028479985516568
2016-11-24,0.005798443042807149
2016-11-25,-0.0018354151713557891
2016-11-26,0.00848594966017769
2016-11-27,0.004561827647718748
2016-11-28,-0.005147704093007552
2016-11-29,0.0002840586693164628
2016-11-30,-0.013619341360082256
2016-12-01,-0.014753367423404079
2016-12-02,-0.02758985869159421
2016-12-03,0.008765074276257324
2016-12-04,-0.0035170682626715884
2016-12-05,0.019800038791605978
2016-12-06,-0.007254480199637271
2016-12-07,-0.005100679537056672
2016-12-08,-0.0034802886525932436
2016-12-09,-0.00257062028419703
2016-12-10,-0.002398818851631832
2016-12-11,0.006370219326260213
2016-12-12,-0.013364293370413102
2016-12-13,-0.0006011050423324342
2016-12-14,-0.0011843354190241068
2016-12-15,0.004351215826299784
2016-12-16,-0.008725572393616902
2016-12-17,-0.00751651938548553
2016-12-18,0.00037809276351838595
2016-12-19,-0.0027588436407261544
2016-12-20,-0.010243612033812419
2016-12-21,-0.04086418376144389
2016-12-22,-0.035627265068141116
2016-12-23,-0.06433033120214732
2016-12-24,0.02544283836463343
2016-12-25,0.0029404263277360136
2016-12-26,-0.012670140107804989
2016-12-27,-0.027802640113682216
2016-12-28,-0.04476426663918266
2016-12-29,0.0024869088545919683
2016-12-30,0.01267274056710545
2016-12-31,-0.002602629691136565
2017-01-01,-0.035254245031351175
2017-01-02,-0.0231932356156819
2017-01-03,-0.021389344804024595
2017-01-04,-0.10096034523200412
2017-01-05,0.1305752503587256
2017-01-06,0.1162092411941805
2017-01-07,-0.007051147530085599
2017-01-08,-0.002872818355796807
2017-01-09,0.00922922448476417
2017-01-10,-0.005358747291348979
2017-01-11,0.154476649076822
2017-01-12,-0.03422186501689435
2017-01-13,-0.0235150973517181
2017-01-14,0.006785261137378217
2017-01-15,-0.00412872890504259
2017-01-16,-0.011777592965049231
2017-01-17,-0.08790389778017535
2017-01-18,0.023761878519635897
2017-01-19,-0.013950027432390346
2017-01-20,0.00451146111407703
2017-01-21,-0.029463579406780675
2017-01-22,-0.003123784353016916
2017-01-23,0.003967041519035664
2017-01-24,0.031237062820323513
2017-01-25,-0.00987059326696027
2017-01-26,-0.017639684998950036
2017-01-27,-0.0023555870752018566
2017-01-28,-0.0019985743437936853
2017-01-29,0.0022748052839063494
2017-01-30,-0.0009631589010205876
2017-01-31,-0.052922642786310134
2017-02-01,-0.019006132801864053
2017-02-02,-0.022768592259201456
2017-02-03,-0.01774054215906327
2017-02-04,-0.012533864584718972
2017-02-05,0.015032413323470606
2017-02-06,-0.010467402259395613
2017-02-07,-0.022101353214739453
2017-02-08,-0.0016192383259246404
2017-02-09,0.06679373711864839
2017-02-10,0.005757777136341599
2017-02-11,-0.015830756402559893
2017-02-12,0.005259445444450886
2017-02-13,0.008582726834247316
2017-02-14,-0.013941699990017325
2017-02-15,-0.0029124762485075646
2017-02-16,-0.019618070354985556
2017-02-17,-0.018103858479592574
2017-02-18,-0.007816821423608265
2017-02-19,0.006231366653728313
2017-02-20,-0.03018297661805735
2017-02-21,-0.03218096643729992
2017-02-22,-0.0019168315546742576
2017-02-23,-0.043156065604358626
2017-02-24,-0.005947789654449995
2017-02-25,0.025753164457221128
2017-02-26,-0.01850171104290626
2017-02-27,-0.012596285399297639
2017-02-28,-0.0
2017-03-01,-0.03540895276981042
2017-03-02,-0.02305329049724388
2017-03-03,-0.018987094918869202
2017-03-04,0.015683220977968794
2017-03-05,-0.00949149811352054
2017-03-06,-0.00449612840115088
2017-03-07,0.039494404934135224
2017-03-08,0.06198638601041199
2017-03-09,-0.032921643223535656
2017-03-10,0.062287794611083476
2017-03-11,-0.05157845284233942
2017-03-12,-0.03800712718862541
2017-03-13,-0.008592592591656786
2017-03-14,-0.006537416006712844
2017-03-15,-0.0077201112927306964
2017-03-16,0.05072016609052072
2017-03-17,0.07659209371416738
2017-03-18,0.12205008924073008
2017-03-19,-0.06261202328713968
2017-03-20,-0.016729458954285712
2017-03-21,-0.061000122725365626
2017-03-22,0.06583995192109933
2017-03-23,0.010106803783773714
2017-03-24,0.10238115832507738
2017-03-25,-0.036918803491548365
2017-03-26,0.006242870215820875
2017-03-27,-0.0785947087867763
2017-03-28,-0.0013187365535516804
2017-03-29,0.006880373004662187
2017-03-30,0.013105023821427681
2017-03-31,-0.043243369791162264
2017-04-01,-0.008093712582577179
2017-04-02,-0.019857106712706095
2017-04-03,-0.03708384279737139
2017-04-04,0.00927523563605931
2017-04-05,0.007502123814714591
2017-04-06,-0.05019560806332238
2017-04-07,0.00489921144156862
2017-04-08,0.0008075936023825001
2017-04-09,-0.010085493189348422
2017-04-10,0.0006231496912175624
2017-04-11,-0.014949240225947288
2017-04-12,0.0038580352329780727
2017-04-13,0.026241638711645643
2017-04-14,0.001489195149852973
2017-04-15,-0.004256290746533749
2017-04-16,-0.008847520245841664
2017-04-17,-0.009230848207914503
2017-04-18,-0.014765945740239381
2017-04-19,0.001139577024277243
2017-04-20,-0.015405853693441088
2017-04-21,0.005736069884235737
2017-04-22,-0.007873599679878615
2017-04-23,0.020091536367346584
2017-04-24,-0.03495168393262307
2017-04-25,-0.012195827596242196
2017-04-26,-0.012244046631326971
2017-04-27,-0.02820710655915428
2017-04-28,0.0009490512239789706
2017-04-29,-0.004025414930823013
2017-04-30,-0.019553509516993917
2017-05-01,-0.05324256303039975
2017-05-02,-0.021723477635178665
2017-05-03,-0.025330039559928564
2017-05-04,-0.03143181439131002
2017-05-05,-0.01149654917107177
2017-05-06,-0.014900234291777762
2017-05-07,-0.011280142062885478
2017-05-08,-0.07632481902191007
2017-05-09,-0.018403898923351595
2017-05-10,-0.01793702814316485
2017-05-11,-0.03380135427898459
2017-05-12,0.06962597013852297
2017-05-13,-0.045724379957238714
2017-05-14,-0.0022137248439940134
2017-05-15,0.03974203487147224
2017-05-16,0.002292105846447192
2017-05-17,-0.05858053337167216
2017-05-18,-0.026591435579729535
2017-05-19,-0.05112090162962312
2017-05-20,-0.0476561384037526
2017-05-21,0.02110149480738968
2017-05-22,-0.06275487042773906
2017-05-23,-0.06545545339360417
2017-05-24,-0.05174051688319059
2017-05-25,0.05841669584304932
2017-05-26,0.04551527081265308
2017-05-27,0.07716098991381969
2017-05-28,-0.05576617659363846
2017-05-29,-0.045258586960507545
2017-05-30,0.03617577429230326
2017-05-31,-0.04973814374809657
2017-06-01,-0.05176378021810398
2017-06-02,-0.0329535875114417
2017-06-03,-0.010711766542318386
2017-06-04,0.0014083655732494782
2017-06-05,-0.06735100598126734
2017-06-06,-0.06358522530476088
2017-06-07,0.046847390437499754
2017-06-08,-0.026532117208718432
2017-06-09,-0.006462467476989901
2017-06-10,-0.04294152679478317
2017-06-11,-0.0035220027412663424
2017-06-12,0.10636361588756964
2017-06-13,-0.021348727352915563
2017-06-14,0.08070016068395891
2017-06-15,0.0168140987006463
2017-06-16,-0.02166589360816841
2017-06-17,-0.053088672857665754
2017-06-18,0.041353444427734504
2017-06-19,-0.0160809000217493
2017-06-20,-0.04978630510902381
2017-06-21,0.012083164993093668
2017-06-22,-0.006046838033450255
2017-06-23,-0.01449481602903642
2017-06-24,0.05088858716688844
2017-06-25,0.007429651761239913
2017-06-26,0.04379667150922624
2017-06-27,-0.029420318014430347
2017-06-28,-0.008714329466792743
2017-06-29,0.013871636990232392
2017-06-30,0.023299107639985044
2017-07-01,0.01883529334869347
2017-07-02,-0.029113422496172298
2017-07-03,-0.022716585492221508
2017-07-04,-0.014550011544242314
2017-07-05,-0.00013455901540363518
2017-07-06,-0.0025218342707584
2017-07-07,0.035071388234270806
2017-07-08,-0.02070021881530923
2017-07-09,0.02078755903474558
2017-07-10,0.059670073291998124
2017-07-11,0.01476351029164194
2017-07-12,-0.02577926845049998
2017-07-13,0.017213972837918482
2017-07-14,0.054273088825368215
2017-07-15,0.11092125143308323
2017-07-16,0.03515030423318027
2017-07-17,-0.1438615807515655
2017-07-18,-0.039795972717640425
2017-07-19,0.019794585747284255
2017-07-20,-0.21459581921064388
2017-07-21,0.05464632077387589
2017-07-22,-0.0519880561168258
2017-07-23,0.028779145918047342
2017-07-24,-0.008918580766257985
2017-07-25,0.06694254490338364
2017-07-26,0.018422250208638885
2017-07-27,-0.0547430594223052
2017-07-28,-0.050087183657445335
2017-07-29,0.029831732800538295
2017-07-30,-0.01120801469662751
2017-07-31,-0.0419625652194951
2017-08-01,0.05617898537460666
2017-08-02,0.002796165333308995
2017-08-03,-0.03411146270777818
2017-08-04,-0.031985182588555545
2017-08-05,-0.11625750003820046
2017-08-06,0.01205237273640462
2017-08-07,-0.05006445291700739
2017-08-08,-0.01206095642712161
2017-08-09,0.022912944057223775
2017-08-10,-0.011544298825368856
2017-08-11,-0.07664270358758349
2017-08-12,-0.062151276619637826
2017-08-13,-0.04739533913409287
2017-08-14,-0.05999850660357008
2017-08-15,0.03366926614382545
2017-08-16,-0.0455060905777128
2017-08-17,0.010321242503651034
2017-08-18,0.04029362277580252
2017-08-19,-0.007919315940433566
2017-08-20,0.025610788049179205
2017-08-21,0.021243393592236003
2017-08-22,-0.024384535605044045
2017-08-23,-0.012360737249258057
2017-08-24,-0.04317329334896507
2017-08-25,-0.008481266861428458
2017-08-26,0.0044017025017839126
2017-08-27,-0.006978621159059976
2017-08-28,5.013417577619334e-05
2017-08-29,-0.04382912405601541
2017-08-30,0.0030008191758980583
2017-08-31,-0.029799367864147074
2017-09-01,-0.03931965968186678
2017-09-02,0.06617280669547498
2017-09-03,-0.0009146616866667978
2017-09-04,0.07865244791780196
2017-09-05,-0.032563502729336564
2017-09-06,-0.04917392208622048
2017-09-07,-0.0006001447663004128
2017-09-08,0.08412374960926737
2017-09-09,0.0006363103318393091
2017-09-10,0.024703643884018568
2017-09-11,-0.009253833940325928
2017-09-12,0.007346793001922602
2017-09-13,0.06197104848606778
2017-09-14,0.2075298468188717
2017-09-15,-0.1423295036032813
2017-09-16,0.003436802629408275
2017-09-17,0.011698419937503098
2017-09-18,-0.12629601670346902
2017-09-19,0.0351042298413958
2017-09-20,0.004857681376487073
2017-09-21,0.07298189967391884
2017-09-22,9.366567553529894e-05
2017-09-23,-0.043573584608263244
2017-09-24,0.029314820772494088
2017-09-25,-0.06395472542058253
2017-09-26,0.008625829531936302
2017-09-27,-0.07623090435074809
2017-09-28,0.006194336903600101
2017-09-29,0.002796940229908634
2017-09-30,-0.04132431925839092
2017-10-01,-0.014877173197663997
2017-10-02,-0.0012662095917030135
2017-10-03,0.021048548498460898
2017-10-04,0.020621245145205476
2017-10-05,-0.023149656085278497
2017-10-06,-0.009748054894297626
2017-10-07,-0.012748976770246745
2017-10-08,-0.04063463202861561
2017-10-09,-0.03443773060751759
2017-10-10,-0.0020871274361351166
2017-10-11,-0.009260592591038536
2017-10-12,-0.12093108463263826
2017-10-13,-0.03611310687508494
2017-10-14,-0.03216238155630449
2017-10-15,0.026691482867168537
2017-10-16,-0.008313063950489405
2017-10-17,0.021195572848553824
2017-10-18,0.002647296986752327
2017-10-19,-0.020857095323062205
2017-10-20,-0.0517062173997819
2017-10-21,-0.0033463152036217036
2017-10-22,0.0038505258934469068
2017-10-23,0.013083660993739222
2017-10-24,0.07049808413802779
2017-10-25,-0.039758880928574096
2017-10-26,-0.026431731700242787
2017-10-27,0.021211310291386017
2017-10-28,0.004822288401198703
2017-10-29,-0.06734084346998825
2017-10-30,0.003796746882877619
2017-10-31,-0.05364759642581373
2017-11-01,-0.04517490778615678
2017-11-02,-0.04495834544204169
2017-11-03,-0.018096170044845903
2017-11-04,-0.023608699089706
2017-11-05,-0.003713981650421861
2017-11-06,0.053324601848219855
2017-11-07,-0.017169747457020566
2017-11-08,-0.043187833291546796
2017-11-09,0.04329978834888477
2017-11-10,0.07639967782768012
2017-11-11,0.040163421356786085
2017-11-12,0.0662480083528882
2017-11-13,-0.0975099371105213
2017-11-14,-0.01155880655935634
2017-11-15,-0.09752915968167002
2017-11-16,-0.07327191344658618
2017-11-17,0.02088556075564038
2017-11-18,-0.010472891923132355
2017-11-19,-0.031132347250235382
2017-11-20,-0.020219707267558867
2017-11-21,0.01590258224989855
2017-11-22,-0.02233381227401497
2017-11-23,0.02636729831656395
2017-11-24,-0.02638433629480957
2017-11-25,-0.06305893658721441
2017-11-26,-0.05957458008958222
2017-11-27,-0.05095910220949361
2017-11-28,-0.024194809821774188
2017-11-29,0.017064228542038876
2017-11-30,-0.03429276074330862
2017-12-01,-0.06999820553385039
2017-12-02,-0.008979571044842705
2017-12-03,-0.022199572962955286
2017-12-04,-0.029070296029922785
2017-12-05,-0.022016762442421917
2017-12-06,-0.18172416088180857
2017-12-07,-0.22511895434132784
2017-12-08,0.07722626494389065
2017-12-09,0.08769744361032222
2017-12-10,-0.01809828138568269
2017-12-11,-0.09153033338474723
2017-12-12,-0.027866079189228038
2017-12-13,0.05957373243077356
2017-12-14,-0.009450503424906668
2017-12-15,-0.06672275050137494
2017-12-16,-0.09632672719671541
2017-12-17,0.01845892013095586
2017-12-18,0.0013907497993828459
2017-12-19,0.07254290633921227
2017-12-20,0.06700506450657447
2017-12-21,0.05069001039219793
2017-12-22,0.1332232172821606
2017-12-23,-0.06082280889142556
2017-12-24,0.05404986305608948
2017-12-25,-0.007212278283202518
2017-12-26,-0.1378513383721832
2017-12-27,0.016363152489107035
2017-12-28,0.08097704981335378
2017-12-29,-0.003396832333957667
2017-12-30,0.12359779448691187
2017-12-31,-0.08890117328095244
2018-01-01,0.0358999768524143
2018-01-02,-0.0925892597121414
2018-01-03,-0.014505086054969111
2018-01-04,-0.02585842824803167
2018-01-05,-0.11094452953729485
2018-01-06,-0.005578376143830052
2018-01-07,0.061740689989334026
2018-01-08,0.08267549955484522
2018-01-09,0.03861992220665626
2018-01-10,-0.025562164635524225
2018-01-11,0.11058116741362263
2018-01-12,-0.04198319183702074
2018-01-13,-0.02678987830152579
2018-01-14,0.04182295922437423
2018-01-15,-0.0034647868456980165
2018-01-16,0.18458172530715175
2018-01-17,0.02662523913776235
2018-01-18,-0.025266707476315743
2018-01-19,-0.011480784055017625
2018-01-20,-0.10552244967375776
2018-01-21,0.10615162399161542
2018-01-22,0.05937426753876515
2018-01-23,0.005779885423653502
2018-01-24,-0.04418609725643604
2018-01-25,0.008842259367552611
2018-01-26,0.007846394102556208
2018-01-27,-0.02382021404816243
2018-01-28,-0.02976063348641126
2018-01-29,0.04245369798060674
2018-01-30,0.11132515302966894
2018-01-31,-0.011295200421318582
2018-02-01,0.10845799638872773
2018-02-02,0.03775622775012468
2018-02-03,-0.03823265293714762
2018-02-04,0.10299083790500331
2018-02-05,0.17398211533124852
2018-02-06,-0.10870919082663183
2018-02-07,0.017261906053983648
2018-02-08,-0.08115416198669995
2018-02-09,-0.05546355066788704
2018-02-10,0.013259122522587949
2018-02-11,0.05874826338459948
2018-02-12,-0.09347499762512804
2018-02-13,0.03746663522015054
2018-02-14,-0.09916074093751738
2018-02-15,-0.06836184023155013
2018-02-16,-0.006617573638271057
2018-02-17,-0.08238283884948888
2018-02-18,0.05179217303128765
2018-02-19,-0.06187369895710683
2018-02-20,-0.015767739342639062
2018-02-21,0.06459170224791023
2018-02-22,0.06626121098880938
2018-02-23,-0.02916567969339066
2018-02-24,0.048535445290413405
2018-02-25,0.01523197751850677
2018-02-26,-0.07011553986619887
2018-02-27,-0.0340346060989737
2018-02-28,0.03102947063646394
2018-03-01,-0.05182687604474616
2018-03-02,-0.012288390831968733
2018-03-03,-0.03573183173255637
2018-03-04,-0.0019910549659772955
2018-03-05,-0.005258650235306609
2018-03-06,0.07101737882303372
2018-03-07,0.0785471416488412
2018-03-08,0.05895751127349285
2018-03-09,0.006134788034011313
2018-03-10,0.05182014795719041
2018-03-11,-0.0773108269362234
2018-03-12,0.039774699535065794
2018-03-13,0.0011163614975213596
2018-03-14,0.10603202002040293
2018-03-15,-0.0037476840392196608
2018-03-16,-0.00450614197866649
2018-03-17,0.05186813420832641
2018-03-18,-0.03802058543426426
2018-03-19,-0.048302106725166924
2018-03-20,-0.03224371887087316
2018-03-21,-0.0017722101148143986
2018-03-22,0.022745729727735496
2018-03-23,-0.017168711059965366
2018-03-24,0.02410683537135471
2018-03-25,0.02008233931084544
2018-03-26,0.03428971504220468
2018-03-27,0.04692919680936608
2018-03-28,-0.01538459954530477
2018-03-29,0.10442950860100436
2018-03-30,0.03915922419318774
2018-03-31,-0.01197496528897845
2018-04-01,0.018715563309412864
2018-04-02,-0.03440450062348593
2018-04-03,-0.051223352843477454
2018-04-04,0.08422475580705478
2018-04-05,0.006201068910304803
2018-04-06,0.026050420941338085
2018-04-07,-0.040569778635102284
2018-04-08,-0.0161371745154427
2018-04-09,0.03665561276645477
2018-04-10,-0.009412414998555812
2018-04-11,-0.019352815614150316
2018-04-12,-0.12412693581038274
2018-04-13,-0.0008501580097129826
2018-04-14,-0.01136885881377853
2018-04-15,-0.04203655981360764
2018-04-16,0.03300812914143919
2018-04-17,0.01962125912828721
2018-04-18,-0.03253592757494634
2018-04-19,-0.015906496489625957
2018-04-20,-0.06437648463049019
2018-04-21,-0.005608362578138261
2018-04-22,0.010523309510453865
2018-04-23,-0.014483697709083162
2018-04-24,-0.08235319918742609
2018-04-25,0.09193210663750347
2018-04-26,-0.04808821013231678
2018-04-27,0.0322395933068439
2018-04-28,-0.03942918286213941
2018-04-29,-0.007523614187495628
2018-04-30,0.019136041014403197
2018-05-01,0.01324016669459219
2018-05-02,-0.012739001376982891
2018-05-03,-0.05353715789106724
2018-05-04,0.004433170333562973
2018-05-05,-0.016094355065083252
2018-05-06,0.020843383079432266
2018-05-07,0.02962092312799005
2018-05-08,0.014853101418770562
2018-05-09,-0.009737078547251641
2018-05-10,0.03062326710905233
2018-05-11,0.0689361065966995
2018-05-12,-0.007482389783710855
2018-05-13,-0.025429769131291063
2018-05-14,0.0008199646268759205
2018-05-15,0.023964474196194036
2018-05-16,0.016772482047846687
2018-05-17,0.03335153970564195
2018-05-18,-0.019168176638719434
2018-05-19,0.0004594502127542603
2018-05-20,-0.031752487481541386
2018-05-21,0.011133876917273966
2018-05-22,0.045839471398213046
2018-05-23,0.06206765944472573
2018-05-24,-0.0038982826938899168
2018-05-25,0.014229521588760126
2018-05-26,0.016751549202161684
2018-05-27,-0.0016762090503006405
2018-05-28,0.032025159738966816
2018-05-29,-0.046090611580090195
2018-05-30,0.008880942351451794
2018-05-31,-0.011764678499798073
2018-06-01,-0.006289122618005123
2018-06-02,-0.01343460036267325
2018-06-03,-0.009997649447416887
2018-06-04,0.02701622323891649
2018-06-05,-0.015749961130953748
2018-06-06,-0.002645286611436144
2018-06-07,-0.0031646133192780724
2018-06-08,0.006968564365645907
2018-06-09,0.012263867528105044
2018-06-10,0.1042933363808614
2018-06-11,-0.017659179795872778
2018-06-12,0.04813047339938324
2018-06-13,0.035954273506747965
2018-06-14,-0.049982602628063255
2018-06-15,0.033321874056011454
2018-06-16,-0.014389722742134216
2018-06-17,0.007799634776661505
2018-06-18,-0.035601191439461784
2018-06-19,-0.00520115825376602
2018-06-20,-0.0009758784644155417
2018-06-21,0.006931549314601128
2018-06-22,0.10092513460307667
2018-06-23,-0.012867880610642049
2018-06-24,-0.0017429078270061015
2018-06-25,-0.012228084684466036
2018-06-26,0.025199768617492124
2018-06-27,-0.010360226200307545
2018-06-28,0.04207551892667362
2018-06-29,-0.051961304162501123
2018-06-30,-0.029426269046298203
2018-07-01,0.002842915424254111
2018-07-02,-0.03513597605397694
2018-07-03,0.012871725512867362
2018-07-04,-0.010354208139776208
2018-07-05,-0.0062841192296037365
2018-07-06,-0.005162002311365564
2018-07-07,-0.027115385407600508
2018-07-08,0.012185823192757565
2018-07-09,0.004754487007430659
2018-07-10,0.06302716705344925
2018-07-11,-0.010178711879892067
2018-07-12,0.026285767240593776
2018-07-13,-0.001482289507841217
2018-07-14,-0.006084371585678029
2018-07-15,-0.013219819655417867
2018-07-16,-0.05834774166521402
2018-07-17,-0.08243286458020968
2018-07-18,-0.006771106197490973
2018-07-19,-0.012951038487558252
2018-07-20,0.015212500162381477
2018-07-21,-0.00882132629206077
2018-07-22,0.00010780651465853488
2018-07-23,-0.03868656433444906
2018-07-24,-0.0884546416030793
2018-07-25,0.029254690417220935
2018-07-26,0.028491418656974198
2018-07-27,-0.02648726157352419
2018-07-28,-0.0033185039026142372
2018-07-29,-0.00320641247214717
2018-07-30,0.004632012619252318
2018-07-31,0.05013794188199755
2018-08-01,0.02019234469295715
2018-08-02,0.0076040421112573775
2018-08-03,0.017699946974245928
2018-08-04,0.05552450759252941
2018-08-05,-0.0050534181440378585
2018-08-06,0.016644870348810327
2018-08-07,0.028995953086401502
2018-08-08,0.06853482384772068
2018-08-09,-0.040774573013564665
2018-08-10,0.06016427603596317
2018-08-11,-0.017791511924364466
2018-08-12,-0.004273118524736129
2018-08-13,0.0039809244546156666
2018-08-14,0.015661306329478587
2018-08-15,-0.017398593339543036
2018-08-16,-0.004146085616168998
2018-08-17,-0.038083278208336936
2018-08-18,0.024126888066354907
2018-08-19,-0.01273198071380139
2018-08-20,0.030832908467442785
2018-08-21,-0.028168761359932258
2018-08-22,0.017419128922693004
2018-08-23,-0.02450168206824125
2018-08-24,-0.027928230011097385
2018-08-25,-0.0064124672521687996
2018-08-26,0.008304176683980409
2018-08-27,-0.026102376198721546
2018-08-28,-0.030277809712914813
2018-08-29,0.006945951847084595
2018-08-30,0.009829420799983127
2018-08-31,-0.008469072019252824
2018-09-01,-0.021878714118539457
2018-09-02,-0.010987305122022542
2018-09-03,0.001742290079993956
2018-09-04,-0.013897370676709589
2018-09-05,0.08041781637747243
2018-09-06,0.03958783805725853
2018-09-07,0.009556698168818017
2018-09-08,0.037992262867389735
2018-09-09,-0.011955253777374625
2018-09-10,-0.004566762205364724
2018-09-11,0.0013437780737511058
2018-09-12,-0.004829112103060521
2018-09-13,-0.025723516554865874
2018-09-14,0.0007060768656483014
2018-09-15,-0.004670726045218974
2018-09-16,0.003984578276937406
2018-09-17,0.03688071788794455
2018-09-18,-0.01424242361641818
2018-09-19,-0.004266345706214488
2018-09-20,-0.01875390373168553
2018-09-21,-0.032486665751885406
2018-09-22,0.0019276638417005945
2018-09-23,0.0016899322578373187
2018-09-24,0.017318842593149884
2018-09-25,0.02284124873972531
2018-09-26,-0.007499922625336217
2018-09-27,-0.027598692087246655
2018-09-28,0.004897601761743681
2018-09-29,0.006367171722292317
2018-09-30,-0.0035683367196754708
2018-10-01,0.00543920393591315
2018-10-02,0.005099772645630063
2018-10-03,0.00819539381745712
2018-10-04,-0.011331035300968855
2018-10-05,-0.0069383488553248175
2018-10-06,0.005173043848845555
2018-10-07,-0.002219673093834595
2018-10-08,-0.007435585416514066
2018-10-09,0.0014426384505712788
2018-10-10,0.008634710127935695
2018-10-11,0.051295382144624056
2018-10-12,-0.0029271598167849833
2018-10-13,-0.0018168218647266394
2018-10-14,-0.0007855566385387347
2018-10-15,-0.04743633360553313
2018-10-16,6.521446177784128e-05
2018-10-17,0.00786572755709154
2018-10-18,0.010401673695689338
2018-10-19,0.0017462065653074937
2018-10-20,-0.0036712537146421764
2018-10-21,0.0010545924945415059
2018-10-22,-0.0007417487199009042
2018-10-23,0.0017619397642864927
2018-10-24,-0.0030990249977650625
2018-10-25,0.0030141263870882
2018-10-26,0.00023782477161892504
2018-10-27,-0.0008691357350833926
2018-10-28,-0.0009270241282320825
2018-10-29,0.023990543470313163
2018-10-30,-0.00025896418864301634
2018-10-31,0.0026336269445917018
2018-11-01,-0.009479090296346939
2018-11-02,-0.0016700572222643
2018-11-03,0.004263663863637974
2018-11-04,-0.0023348777659298278
2018-11-05,-0.0068038692776419656
2018-11-06,-0.0064204349103652286
2018-11-07,-0.010642787457474817
2018-11-08,0.011771661474414798
2018-11-09,0.0106081363243139
2018-11-10,-0.00368900647570952
2018-11-11,-0.00031977009731966983
2018-11-12,0.0062585574452049195
2018-11-13,0.001850602522267611
2018-11-14,0.10277649273173681
2018-11-15,0.015864955827275286
2018-11-16,0.012915841594389046
2018-11-17,0.0038131143366994845
2018-11-18,-0.012383547969032271
2018-11-19,0.14356147255391308
2018-11-20,0.09007563428611133
2018-11-21,-0.033203655465095516
2018-11-22,0.052694412359316274
2018-11-23,0.004322277012643036
2018-11-24,0.11348021178490733
2018-11-25,-0.03275273942871904
2018-11-26,0.059289959286095456
2018-11-27,-0.010945085463912742
2018-11-28,-0.10822444579237071
2018-11-29,-0.005020181260204391
2018-11-30,0.06308129823555883
2018-12-01,-0.04796953376593715
2018-12-02,0.017905439628711557
2018-12-03,0.06119579004793354
2018-12-04,-0.015988811461090185
2018-12-05,0.05263875080027785
2018-12-06,0.06404661855090774
2018-12-07,0.029151749215485624
2018-12-08,-0.016293013151101775
2018-12-09,-0.03896482421444885
2018-12-10,0.03135850250725668
2018-12-11,0.022540327664477524
2018-12-12,-0.018046272769709704
2018-12-13,0.05096896140814731
2018-12-14,0.021718554248833184
2018-12-15,0.0017666084928983055
2018-12-16,-0.004954827235499686
2018-12-17,-0.08625387653959106
2018-12-18,-0.04148507479472932
2018-12-19,-0.013408299801074757
2018-12-20,-0.09867679132172595
2018-12-21,0.05926230044008081
2018-12-22,-0.02974381467096963
2018-12-23,0.0037943596349006648
2018-12-24,-0.01971419201541739
2018-12-25,0.06668429052768687
2018-12-26,-0.010897550330662953
2018-12-27,0.0539162995271533
2018-12-28,-0.07104028607292981
2018-12-29,0.026733418957821234
2018-12-30,-0.011850725299472748
2018-12-31,0.03240073596075585
2019-01-01,-0.026581224952000385
2019-01-02,-0.025657066653891034
2019-01-03,0.02742232180619206
2019-01-04,-0.005452331614920808
2019-01-05,0.003251487248933267
2019-01-06,-0.058447089054905726
2019-01-07,0.012684700557385667
2019-01-08,-0.0013901547706836324
2019-01-09,-0.0011030020343775215
2019-01-10,0.0924592824929815
2019-01-11,-0.002291770109090111
2019-01-12,0.0070936849314874395
2019-01-13,0.030039431790895278
2019-01-14,-0.04218810159294485
2019-01-15,0.020548563372547957
2019-01-16,-0.006679301401546422
2019-01-17,-0.006424485580328479
2019-01-18,0.005649816019732142
2019-01-19,-0.01915170905873867
2019-01-20,0.03480896076891465
2019-01-21,0.006961443903655484
2019-01-22,-0.00795053055647093
2019-01-23,0.005411671839448025
2019-01-24,-0.004381431105509742
2019-01-25,0.00030542026954499585
2019-01-26,-0.0007482631299659863
2019-01-27,0.005147111803203804
2019-01-28,0.0321855631491495
2019-01-29,0.006456126661071388
2019-01-30,-0.010978782970954
2019-01-31,0.008176606850343018
2019-02-01,-0.00868238253365107
2019-02-02,-0.009449478125773406
2019-02-03,0.016334438234447555
2019-02-04,0.0014038013125416823
2019-02-05,-0.0020802425249583987
2019-02-06,0.015287693750092953
2019-02-07,0.004196583300843028
2019-02-08,-0.07569393609415692
2019-02-09,-0.0012056010064354034
2019-02-10,-0.005157899926351539
2019-02-11,0.011380348161982145
2019-02-12,-0.0013963105132088508
2019-02-13,0.0058905436608690425
2019-02-14,0.004190873583172263
2019-02-15,-0.0010859628225890826
2019-02-16,-0.002476157344838119
2019-02-17,-0.01206226371912486
2019-02-18,-0.06376138183178885
2019-02-19,-0.007981955101910685
2019-02-20,-0.013269765098495359
2019-02-21,0.01149189028232773
2019-02-22,-0.012917451356471413
2019-02-23,-0.03363089286305142
2019-02-24,0.08356456820529345
2019-02-25,-0.01878844714597673
2019-02-26,0.007325399279809829
2019-02-27,0.000859279158257992
2019-02-28,-0.0009701838898456305
2019-03-01,-0.0012440007407169633
2019-03-02,-0.0012509840035555334
2019-03-03,0.004471006548912776
2019-03-04,0.02250631409689688
2019-03-05,-0.035213632013154125
2019-03-06,-0.0019403387629408418
2019-03-07,-0.0019299650258204676
2019-03-08,0.0026502747112911442
2019-03-09,-0.01581381071084786
2019-03-10,0.0029599503848159307
2019-03-11,0.011804535394846043
2019-03-12,-0.0010055701480762823
2019-03-13,0.00062410552370009
2019-03-14,-0.00450815746490209
2019-03-15,-0.009268473031698707
2019-03-16,-0.021928138916455526
2019-03-17,0.005820417128650456
2019-03-18,-0.0018065426803688849
2019-03-19,-0.009547038273958657
2019-03-20,-0.003992356946232674
2019-03-21,0.014328401790338464
2019-03-22,0.0013307952232004976
2019-03-23,-0.002942547131099483
2019-03-24,0.003389978979623323
2019-03-25,0.01480199577543759
2019-03-26,-0.005538472822803469
2019-03-27,-0.02526980216177766
2019-03-28,0.004403784140031825
2019-03-29,-0.007166825802505177
2019-03-30,-0.0020196495646784543
2019-03-31,0.00030585716708844994
2019-04-01,-0.012773998435311013
2019-04-02,-0.1600419797683949
2019-04-03,-0.018907492969508402
2019-04-04,0.010150461847883017
2019-04-05,-0.022870127391310363
2019-04-06,-0.004583028638013961
2019-04-07,-0.027116090148746438
2019-04-08,-0.017328472526209032
2019-04-09,0.016163226787921488
2019-04-10,-0.02271680293391717
2019-04-11,0.050075525287191475
2019-04-12,-0.004934263167637184
2019-04-13,-0.0013837183556808681
2019-04-14,-0.013861017615291639
2019-04-15,0.01966168568124654
2019-04-16,-0.032703409546246745
2019-04-17,-0.003123420280683767
2019-04-18,-0.008805048106448882
2019-04-19,-0.001023704360635338
2019-04-20,-0.0064038360371123865
2019-04-21,0.004384923503637693
2019-04-22,-0.015836583357513378
2019-04-23,-0.03153767871024236
2019-04-24,0.019479346575944603
2019-04-25,0.047660910406896226
2019-04-26,-0.013123813423158957
2019-04-27,0.002096608120307488
2019-04-28,-0.0031929256297156855
2019-04-29,0.007175278992262232
2019-04-30,-0.019508686623198813
2019-05-01,-0.009665964737195984
2019-05-02,-0.018809979754905393
2019-05-03,-0.04666729598003433
2019-05-04,-0.01084163602000144
2019-05-05,0.006099505040041472
2019-05-06,0.0084733105601616
2019-05-07,-0.01428706601857112
2019-05-08,-0.025899955314045275
2019-05-09,-0.031601133315537946
2019-05-10,-0.03255511923946928
2019-05-11,-0.12175582015101312
2019-05-12,0.03278809012221475
2019-05-13,-0.11407866972300376
2019-05-14,-0.022709207625678487
2019-05-15,-0.02602089592487963
2019-05-16,0.03981349360704293
2019-05-17,0.07108127725881802
2019-05-18,0.009946983850618235
2019-05-19,-0.11992989942799603
2019-05-20,0.02712584602869586
2019-05-21,0.0018795372127934414
2019-05-22,0.0362187635444826
2019-05-23,-0.025934032858881368
2019-05-24,-0.01329951557921589
2019-05-25,-0.008126317351095985
2019-05-26,-0.074251575993358
2019-05-27,-0.015168497755127118
2019-05-28,0.009793263049045299
2019-05-29,0.00695935212814635
2019-05-30,0.040056647967728856
2019-05-31,-0.03019403993490808
2019-06-01,0.0012236008424256384
2019-06-02,-0.02067926798314298
2019-06-03,0.06301805868386157
2019-06-04,0.06300147834270085
2019-06-05,-0.014996473539935253
2019-06-06,0.00028224106582634646
2019-06-07,-0.027977129076807897
2019-06-08,0.011229371413746664
2019-06-09,0.034020323814255043
2019-06-10,-0.03981203302759007
2019-06-11,0.009117973017984032
2019-06-12,-0.027144739690551607
2019-06-13,-0.010388753446054437
2019-06-14,-0.05471566495081175
2019-06-15,-0.016489111591430673
2019-06-16,-0.017508940317692987
2019-06-17,-0.03558847752156163
2019-06-18,0.025932150849555906
2019-06-19,-0.020894883881637273
2019-06-20,-0.02698349626412288
2019-06-21,-0.062790586710018
2019-06-22,-0.053464534257734585
2019-06-23,-0.014258184854998994
2019-06-24,-0.014244096327892747
2019-06-25,-0.0684254031313087
2019-06-26,-0.09886766271923943
2019-06-27,0.15181967393698742
2019-06-28,-0.10391011328681186
2019-06-29,0.036772427703724096
2019-06-30,0.10038183788517502
2019-07-01,0.02187165092867407
2019-07-02,-0.020439793649304375
2019-07-03,-0.10197242314626954
2019-07-04,0.06438271352158567
2019-07-05,0.021356009787895595
2019-07-06,-0.020741781945806056
2019-07-07,-0.021386723467300896
2019-07-08,-0.07039331175600369
2019-07-09,-0.0231592932804558
2019-07-10,0.0337512276446848
2019-07-11,0.06788441618712997
2019-07-12,-0.039472753868564206
2019-07-13,0.036508773316126876
2019-07-14,0.10507600156656484
2019-07-15,-0.06044360141002941
2019-07-16,0.13937670558066412
2019-07-17,-0.022551278856090203
2019-07-18,-0.09561955306661926
2019-07-19,0.012808461572604499
2019-07-20,-0.022200991330417415
2019-07-21,0.01572926297459085
2019-07-22,0.024449353942019494
2019-07-23,0.04370796659547665
2019-07-24,0.009013724991008056
2019-07-25,-0.010131621144278298
2019-07-26,0.004199559341958318
2019-07-27,0.04059130256046178
2019-07-28,-0.007901301370321584
2019-07-29,0.003535535708016186
2019-07-30,-0.009231027857063211
2019-07-31,-0.04857531814577599
2019-08-01,-0.03066254026424243
2019-08-02,-0.011330721144643396
2019-08-03,-0.028451137479912812
2019-08-04,-0.013625267067559002
2019-08-05,-0.07339741253272014
2019-08-06,0.02813163305123966
2019-08-07,-0.03961210267399502
2019-08-08,-0.0020443450527850055
2019-08-09,0.008684364496770227
2019-08-10,0.043846706855643715
2019-08-11,-0.014823037907253726
2019-08-12,0.012307995125175572
2019-08-13,0.04370714338940503
2019-08-14,0.0806379719242745
2019-08-15,-0.025522045965721746
2019-08-16,-0.006071112000481698
2019-08-17,0.013840282280728103
2019-08-18,-0.011086601525889401
2019-08-19,-0.05365286353343918
2019-08-20,0.01409860264611838
2019-08-21,0.05984026786228671
2019-08-22,0.0006901282262681483
2019-08-23,-0.026965838908487968
2019-08-24,0.024116765985468237
2019-08-25,0.0021128053844357898
2019-08-26,-0.022654331476248634
2019-08-27,0.018030983225030404
2019-08-28,0.04324433232151661
2019-08-29,0.025355880586420892
2019-08-30,-0.009207926773968323
2019-08-31,-0.003379326975376171
2019-09-01,-0.013132277928025817
2019-09-02,-0.058589039911261055
2019-09-03,-0.02639879832471976
2019-09-04,0.002737943980703232
2019-09-05,0.0017912085396542573
2019-09-06,0.021237571181720684
2019-09-07,-0.015711656980851706
2019-09-08,0.0072503981845572244
2019-09-09,0.01023309600539781
2019-09-10,0.021417820975587025
2019-09-11,-0.006149168432955224
2019-09-12,-0.022513994030435
2019-09-13,0.004774055257204667
2019-09-14,0.00024114056019034126
2019-09-15,0.0009983634989049381
2019-09-16,0.0068771801807728065
2019-09-17,0.003462462705750272
2019-09-18,0.004209930227213259
2019-09-19,-0.0066619464013658175
2019-09-20,0.00829163618618558
2019-09-21,0.016031424170294233
2019-09-22,-0.00504485941629184
2019-09-23,0.03445525046861395
2019-09-24,0.1209936495214672
2019-09-25,0.015616015371176536
2019-09-26,0.04433175093227527
2019-09-27,-0.01623387232043621
2019-09-28,0.0007189659749160292
2019-09-29,0.017337268541281117
2019-09-30,-0.023135803960001186
2019-10-01,-0.005939522648697366
2019-10-02,-0.005947039319423827
2019-10-03,0.01597938661828606
2019-10-04,0.00656542608285994
2019-10-05,0.006656196327979546
2019-10-06,0.020242104470858776
2019-10-07,-0.03172260496034329
2019-10-08,0.0020443649815999844
2019-10-09,-0.04362860415666088
2019-10-10,0.0010786272982693222
2019-10-11,0.03131474095669686
2019-10-12,-0.0017767504383327862
2019-10-13,0.0018669970610550547
2019-10-14,-0.006430502888083053
2019-10-15,0.02042493372661194
2019-10-16,0.019423891941978407
2019-10-17,-0.006981979739066776
2019-10-18,0.016259940076949107
2019-10-19,-0.0019237257444975665
2019-10-20,-0.02881240366522189
2019-10-21,-0.002628793271972775
2019-10-22,0.02028232136663908
2019-10-23,0.07231210270483085
2019-10-24,0.0028228801699561206
2019-10-25,-0.14476109386093217
2019-10-26,-0.06528433388686641
2019-10-27,-0.03264079600850012
2019-10-28,0.031432676505614585
2019-10-29,-0.018362811918533402
2019-10-30,0.023825095718831422
2019-10-31,0.0006673727616756513
2019-11-01,-0.006664947063719231
2019-11-02,-0.0068453823292389865
2019-11-03,0.009629700847412865
2019-11-04,-0.01901152585439151
2019-11-05,0.007473715309565572
2019-11-06,-0.0019624814591623348
2019-11-07,0.010018996001742247
2019-11-08,0.05121408380627322
2019-11-09,-0.000987733451713017
2019-11-10,-0.027081275361004672
2019-11-11,0.03343184819094057
2019-11-12,-0.0065865532404471615
2019-11-13,0.0008397010971480578
2019-11-14,0.011437202181483985
2019-11-15,0.02512939756383665
2019-11-16,-0.0068966308279384695
2019-11-17,-0.003177685280365235
2019-11-18,0.03182423938339746
2019-11-19,0.01249037483855615
2019-11-20,0.022039071560940312
2019-11-21,0.049086768125686187
2019-11-22,0.04635206471928927
2019-11-23,-0.013776814950745946
2019-11-24,0.04845012522266549
2019-11-25,-0.013839370591340378
2019-11-26,-0.010057835510045162
2019-11-27,-0.04248662643530125
2019-11-28,0.00914426790792298
2019-11-29,-0.03917091013708419
2019-11-30,0.024998412204507995
2019-12-01,0.019386782304190116
2019-12-02,0.013875477110813644
2019-12-03,0.0002517083198087148
2019-12-04,0.00934813254089389
2019-12-05,-0.026704767756073822
2019-12-06,-0.013162839304284675
2019-12-07,-0.001223739480074957
2019-12-08,-0.0010723690545205787
2019-12-09,0.021844253680856535
2019-12-10,0.016728999152694785
2019-12-11,0.008373983817170333
2019-12-12,-0.0035554716584630377
2019-12-13,-0.0036588787977558162
2019-12-14,0.020148956153597603
2019-12-15,-0.003870282470955076
2019-12-16,0.031216547911036934
2019-12-17,0.043028139847750044
2019-12-18,-0.09150203958984561
2019-12-19,0.01021559978849091
2019-12-20,-0.002215025702357289
2019-12-21,0.0038386948789303917
2019-12-22,-0.04359469833307996
2019-12-23,0.020981218944278197
2019-12-24,0.004509590580982912
2019-12-25,0.00649097736895625
2019-12-26,0.004986734773912115
2019-12-27,-0.007037180653861685
2019-12-28,-0.003820062875904435
2019-12-29,-0.014200785685395729
2019-12-30,0.017622203333694908
2019-12-31,0.013722694823239307
2020-01-01,-0.0009136166827146318
2020-01-02,0.030272928096194005
2020-01-03,-0.050171745960031294
2020-01-04,-0.008915009823896914
2020-01-05,-8.914393268935946e-05
2020-01-06,-0.047161467235659664
2020-01-07,-0.04952688932640552
2020-01-08,0.010321673202805576
2020-01-09,0.02516485111441786
2020-01-10,-0.0358370170573265
2020-01-11,0.01592428993077385
2020-01-12,-0.019095619045757743
2020-01-13,0.005913064387262195
2020-01-14,-0.0805965063783667
2020-01-15,0.0023537488141357047
2020-01-16,0.009494746324859216
2020-01-17,-0.023255338715640103
2020-01-18,-0.0015410282758632793
2020-01-19,0.026809102516198058
2020-01-20,0.005598131806099833
2020-01-21,-0.010141927934056931
2020-01-22,0.007461951294768086
2020-01-23,0.03211536772319544
2020-01-24,-0.00461893300829455
2020-01-25,0.009229306182408406
2020-01-26,-0.02699683810277081
2020-01-27,-0.03576042498236325
2020-01-28,-0.04914065669354804
2020-01-29,0.004493658672814258
2020-01-30,-0.020437036918080173
2020-01-31,0.01680504867594127
2020-02-01,-0.004518472151643944
2020-02-02,0.005177910236525379
2020-02-03,0.00545597007771587
2020-02-04,0.0121854536490776
2020-02-05,-0.04602834799275258
2020-02-06,-0.012033084493942919
2020-02-07,-0.0067748353927720014
2020-02-08,-0.0070368594474600355
2020-02-09,-0.025179720219250152
2020-02-10,0.026042505869956382
2020-02-11,-0.03505244674627077
2020-02-12,-0.011475404940052
2020-02-13,0.010873762642183454
2020-02-14,-0.009523015160699344
2020-02-15,0.04185355039924229
2020-02-16,-0.004540878520857384
2020-02-17,0.02489772344158013
2020-02-18,-0.04557569247775114
2020-02-19,0.05144998404328957
2020-02-20,0.0025892656683303506
2020-02-21,-0.008081532009711982
2020-02-22,0.002404158134973382
2020-02-23,-0.02668506547579107
2020-02-24,0.028031992193656916
2020-02-25,0.03248723753845248
2020-02-26,0.057407687925487366
2020-02-27,0.004092966388449268
2020-02-28,0.012836217768337236
2020-02-29,0.008446835964171201
2020-03-01,0.004318240904803676
2020-03-02,-0.035250739590151826
2020-03-03,0.009274764811755473
2020-03-04,0.0037097436703969933
2020-03-05,-0.03628484201142127
2020-03-06,-0.004811004368074786
2020-03-07,0.02357983053034934
2020-03-08,0.09430352876922735
2020-03-09,0.02301429329184435
2020-03-10,0.0017576850801850666
2020-03-11,-0.00021498848832731012
2020-03-12,0.46473017533977296
2020-03-13,-0.11268622219754491
2020-03-14,0.06753557004657186
2020-03-15,-0.03624573263084445
2020-03-16,0.07264505770911892
2020-03-17,-0.04124552567019178
2020-03-18,-0.002448204386069575
2020-03-19,-0.1671043242496126
2020-03-20,-0.0012244500086869695
2020-03-21,0.0022144850761294074
2020-03-22,0.05907702386252891
2020-03-23,-0.09578323765146265
2020-03-24,-0.04844470857364082
2020-03-25,0.00801155993972081
2020-03-26,-0.005281211361417012
2020-03-27,0.03741337669931112
2020-03-28,0.03581324079079013
2020-03-29,0.052650213305665085
2020-03-30,-0.08226844860278629
2020-03-31,-0.001368107409615196
2020-04-01,-0.025777803165675912
2020-04-02,-0.02788875596596145
2020-04-03,0.008906283829348233
2020-04-04,-0.019725803844387817
2020-04-05,0.011186860819705755
2020-04-06,-0.06838401551364988
2020-04-07,0.013201383140758695
2020-04-08,-0.021734626116209514
2020-04-09,0.004373997983961782
2020-04-10,0.06165264619598333
2020-04-11,0.0009341136128114594
2020-04-12,-0.016198094339308036
2020-04-13,0.018247903368068016
2020-04-14,0.0003813508563592871
2020-04-15,0.029712937076683203
2020-04-16,-0.06902911272643515
2020-04-17,0.0029015210954838368
2020-04-18,-0.022500902000608027
2020-04-19,0.009446987957285106
2020-04-20,0.04370789261905666
2020-04-21,0.00023764284804566149
2020-04-22,-0.033849812461733006
2020-04-23,-0.04297334717626114
2020-04-24,-0.016178084496425684
2020-04-25,-0.0025177397803475064
2020-04-26,-0.014417636083330129
2020-04-27,-0.01495735604802822
2020-04-28,-0.0014686626299017075
2020-04-29,-0.11984140644428902
2020-04-30,0.01632197818592355
2020-05-01,-0.02353691044657035
2020-05-02,-0.013872127279034094
2020-05-03,0.010189912204170495
2020-05-04,-0.0017052718293899742
2020-05-05,-0.010093566989645255
2020-05-06,-0.029084126239824877
2020-05-07,-0.07107536685466279
2020-05-08,0.010998547172291293
2020-05-09,0.025599497514193534
2020-05-10,0.09133874992634657
2020-05-11,0.017817356616017375
2020-05-12,-0.0232893964825246
2020-05-13,-0.05152160673099469
2020-05-14,-0.048814308336527425
2020-05-15,0.04255454133663077
2020-05-16,-0.005219563387115276
2020-05-17,-0.03084341466898477
2020-05-18,-0.005757095071523827
2020-05-19,-0.0002531804680276828
2020-05-20,0.021407053865041548
2020-05-21,0.04743978112005262
2020-05-22,-0.011039704675422358
2020-05-23,-0.0029045429371388543
2020-05-24,0.04655584805354227
2020-05-25,-0.013173543308948167
2020-05-26,0.008103063993220552
2020-05-27,-0.038410971222694656
2020-05-28,-0.03686071480897355
2020-05-29,0.00913557886418624
2020-05-30,-0.02730538972956484
2020-05-31,0.024984292562996217
2020-06-01,-0.07198931640233779
2020-06-02,0.06474947480283666
2020-06-03,-0.013229694990896244
2020-06-04,-0.014793539385652563
2020-06-05,0.013881075272663914
2020-06-06,0.0012271221586050945
2020-06-07,-0.010835668358634767
2020-06-08,-0.0012940603543832425
2020-06-09,-0.002474647666023554
2020-06-10,-0.00756591700730524
2020-06-11,0.05715571914128428
2020-06-12,-0.01691958379014404
2020-06-13,0.0005872938226618028
2020-06-14,0.009382843818570023
2020-06-15,-0.006785862337686215
2020-06-16,-0.00919733936802677
2020-06-17,0.006075177257296805
2020-06-18,0.00724264397501192
2020-06-19,0.013243316204145586
2020-06-20,-0.004760633072752032
2020-06-21,0.003081241183796443
2020-06-22,-0.03642039931563134
2020-06-23,0.0019773010491619188
2020-06-24,0.033370923273779836
2020-06-25,0.005253081495321345
2020-06-26,0.011059043986902698
2020-06-27,0.012909378740095026
2020-06-28,-0.010796911071170564
2020-06-29,-0.0051566968672220465
2020-06-30,0.005768117633966839
2020-07-01,-0.00983678469207803
2020-07-02,0.011433924918011266
2020-07-03,0.003965412107265914
2020-07-04,-0.004959953765059784
2020-07-05,0.006431364974036432
2020-07-06,-0.032690364054528694
2020-07-07,0.013227475028494522
2020-07-08,-0.01884958505462196
2020-07-09,0.016076772716190905
2020-07-10,-9.051613040455209e-05
2020-07-11,0.004153644618958577
2020-07-12,-0.0039049160883403893
2020-07-13,0.003551357868856212
2020-07-14,4.331631390260929e-05
2020-07-15,0.005465061808117076
2020-07-16,0.006614939463274875
2020-07-17,-0.002096417007004295
2020-07-18,-0.0008353119275824921
2020-07-19,-0.0029193317943758054
2020-07-20,0.0023526855605594836
2020-07-21,-0.022726572419009328
2020-07-22,-0.015923467431184803
2020-07-23,-0.005831453188377249
2020-07-24,0.004621806400934839
2020-07-25,-0.014595935230040647
2020-07-26,-0.023292897324558883
2020-07-27,-0.10400866598506177
2020-07-28,0.007126663372121388
2020-07-29,-0.01704870717725163
2020-07-30,-0.0009676074745081875
2020-07-31,-0.01892242337372686
2020-08-01,-0.03779203373214687
2020-08-02,0.061911857122825646
2020-08-03,-0.017286053356239672
2020-08-04,0.0036037470015529804
2020-08-05,-0.04716003790353572
2020-08-06,-0.002784144331385825
2020-08-07,0.015251902049187646
2020-08-08,-0.013065469924046941
2020-08-09,0.006684391826167338
2020-08-10,-0.01718420090459035
2020-08-11,0.04016111286278769
2020-08-12,-0.015169300755772669
2020-08-13,-0.017048853955416797
2020-08-14,0.001296361228177031
2020-08-15,-0.008193734253123777
2020-08-16,-0.0022817499658520377
2020-08-17,-0.029951760409884235
2020-08-18,0.02170941475499902
2020-08-19,0.01961788699136637
2020-08-20,-0.01016132774175868
2020-08-21,0.024361862793125022
2020-08-22,-0.007676821280393403
2020-08-23,0.0014543864269716935
2020-08-24,-0.009364458635234827
2020-08-25,0.035306004408532356
2020-08-26,-0.010696334763965401
2020-08-27,0.014463477673961746
2020-08-28,-0.01916471859560327
2020-08-29,0.0030920412474540297
2020-08-30,-0.017627931208674324
2020-08-31,0.0026235581917250007
2020-09-01,-0.02449528784504093
2020-09-02,0.04759982836281475
2020-09-03,0.108024907829682
2020-09-04,-0.02568095890557451
2020-09-05,0.03310004713411871
2020-09-06,-0.010834787536525494
2020-09-07,-0.008640468391535637
2020-09-08,0.02322390559011147
2020-09-09,-0.010879835709758444
2020-09-10,-0.011724294913524443
2020-09-11,-0.003638635248421432
2020-09-12,-0.003958714499077175
2020-09-13,0.011404867595945653
2020-09-14,-0.03400365092776386
2020-09-15,-0.010812510742824319
2020-09-16,-0.016347532426243053
2020-09-17,0.002364091830582051
2020-09-18,0.0004023369137903027
2020-09-19,-0.013590771382837723
2020-09-20,0.0141678855300922
2020-09-21,0.04449331082805089
2020-09-22,-0.0072569445920738825
2020-09-23,0.028125828810467837
2020-09-24,-0.04893613643511954
2020-09-25,0.00627888978372976
2020-09-26,-0.005410230472935921
2020-09-27,-0.0022805831897412406
2020-09-28,0.006108227146350323
2020-09-29,-0.01252558330751577
2020-09-30,0.0055619032310387645
2020-10-01,0.015421675401221661
2020-10-02,0.004102545378274992
2020-10-03,0.0025226166977002406
2020-10-04,-0.011334718114116692
2020-10-05,-0.011532279024733388
2020-10-06,0.017659664062251813
2020-10-07,-0.006069812450621233
2020-10-08,-0.022861384647314218
2020-10-09,-0.013537193923190284
2020-10-10,-0.02074267777372715
2020-10-11,-0.007744148940002064
2020-10-12,-0.014924866101628098
2020-10-13,0.011267025530866026
2020-10-14,-0.000315673400463534
2020-10-15,-0.005744241377636975
2020-10-16,0.01518396829079633
2020-10-17,-0.0031726798498982116
2020-10-18,-0.010967693217915127
2020-10-19,-0.02227634146506345
2020-10-20,-0.014734826605249336
2020-10-21,-0.07338405430586939
2020-10-22,-0.011027987566796663
2020-10-23,0.0026529704553783216
2020-10-24,-0.01355828284978525
2020-10-25,0.0058830252475124915
2020-10-26,-0.0033765071930938885
2020-10-27,-0.04332755896265355
2020-10-28,0.02844584941845549
2020-10-29,-0.012475103458646658
2020-10-30,-0.008052075583308513
2020-10-31,-0.01716060814063042
2020-11-01,0.003189593193523672
2020-11-02,0.01367823012311885
2020-11-03,-0.02907841515337467
2020-11-04,-0.013061444695718672
2020-11-05,-0.09741581080424415
2020-11-06,0.0008969303080480761
2020-11-07,0.04817614127429782
2020-11-08,-0.04261566759184631
2020-11-09,0.009558200327301026
2020-11-10,0.002704687109614758
2020-11-11,-0.026488015591815354
2020-11-12,-0.03596670089126322
2020-11-13,-0.0025443132057155655
2020-11-14,0.015418716403050705
2020-11-15,0.007029240926094911
2020-11-16,-0.04656389869041283
2020-11-17,-0.054102475844138374
2020-11-18,-0.008947999876361636
2020-11-19,-0.0007346200168832048
2020-11-20,-0.04414876269819295
2020-11-21,-0.0011227042351799794
2020-11-22,0.014710561659748133
2020-11-23,0.00032018509970887474
2020-11-24,-0.03968026776556164
2020-11-25,0.019839332374638075
2020-11-26,0.08820525362378571
2020-11-27,0.0024647942560283285
2020-11-28,-0.034978293300267825
2020-11-29,-0.025635704702410122
2020-11-30,-0.07666315234015364
2020-12-01,0.04283053060242915
2020-12-02,-0.020950814137308933
2020-12-03,-0.012643316046180679
2020-12-04,0.039099467524232566
2020-12-05,-0.024012613075875922
2020-12-06,-0.009916644389898553
2020-12-07,0.007965956561317785
2020-12-08,0.04641845955624486
2020-12-09,-0.012625041029578565
2020-12-10,0.01569464022080565
2020-12-11,0.011347356530151446
2020-12-12,-0.04041245632345914
2020-12-13,-0.01785353982728499
2020-12-14,-0.005431863337978572
2020-12-15,-0.008816158477203611
2020-12-16,-0.0930515975767781
2020-12-17,-0.06778242711074886
2020-12-18,-0.014487680725324005
2020-12-19,-0.031140804146840156
2020-12-20,0.016581622945616773
2020-12-21,0.029138076932326975
2020-12-22,-0.04207656794577848
2020-12-23,0.023039436663009637
2020-12-24,-0.021057908650393337
2020-12-25,-0.03838601817057906
2020-12-26,-0.06938918605018134
2020-12-27,0.006250988870123867
2020-12-28,-0.030458043294241247
2020-12-29,-0.010198176486275929
2020-12-30,-0.05262518188935121
2020-12-31,-0.005558802229052879
2021-01-01,-0.012759952848226697
2021-01-02,-0.08959001114880642
2021-01-03,-0.020175172403393154
2021-01-04,0.02502246735581663
2021-01-05,-0.06128001171320478
2021-01-06,-0.08002182823088061
2021-01-07,-0.06687092425852742
2021-01-08,-0.0355928898794487
2021-01-09,0.01340052262051337
2021-01-10,0.04830048595686678
2021-01-11,0.07551390060372581
2021-01-12,0.04731647785882869
2021-01-13,-0.09533972073625589
2021-01-14,-0.048921612778852486
2021-01-15,0.06216649897230796
2021-01-16,0.017731847143619858
2021-01-17,0.010750872199338055
2021-01-18,-0.02316538885922865
2021-01-19,0.015413522880192659
2021-01-20,0.014579216975338103
2021-01-21,0.14252813081835994
2021-01-22,-0.06833341147530216
2021-01-23,0.028834641394269323
2021-01-24,-0.006890847351743181
2021-01-25,-0.0023822686367903426
2021-01-26,-0.006266383460683916
2021-01-27,0.06787434522440919
2021-01-28,-0.0950202595471698
2021-01-29,-0.025090070847817985
2021-01-30,0.0013665573129015413
2021-01-31,0.034289423389572346
2021-02-01,-0.0126875420679964
2021-02-02,-0.057167938879420434
2021-02-03,-0.053773897801538996
2021-02-04,0.01467867670382311
2021-02-05,-0.03245885330843299
2021-02-06,-0.02898274128113115
2021-02-07,0.009276588183404773
2021-02-08,-0.17182056188812328
2021-02-09,-0.0061426193854515
2021-02-10,0.03420320342962812
2021-02-11,-0.06446761605839371
2021-02-12,0.008478464657924508
2021-02-13,0.008441745251820123
2021-02-14,-0.033643879906238475
2021-02-15,0.015978235928812496
2021-02-16,-0.0258352607407487
2021-02-17,-0.058214152169521576
2021-02-18,0.009038226589304248
2021-02-19,-0.07828513543693166
2021-02-20,-0.0037751835203801024
2021-02-21,-0.02535215971053203
2021-02-22,0.05966344725525414
2021-02-23,0.10458524450100902
2021-02-24,-0.017881495738120444
2021-02-25,0.053969759252051705
2021-02-26,0.016142075456887308
2021-02-27,0.0032705424799890207
2021-02-28,0.02301047656676125
2021-03-01,-0.09490116032713884
2021-03-02,0.025554925208490772
2021-03-03,-0.043664727693901485
2021-03-04,0.0399061221991278
2021-03-05,-0.007511420176535919
2021-03-06,0.0003050270395783075
2021-03-07,-0.0458396233606819
2021-03-08,-0.020103136515502152
2021-03-09,-0.048156840253235314
2021-03-10,-0.021374179798027783
2021-03-11,-0.031573000390297756
2021-03-12,0.008216872853115568
2021-03-13,-0.06599046126171279
2021-03-14,0.03220259265928875
2021-03-15,0.05895520841682183
2021-03-16,-0.015929471547609108
2021-03-17,-0.03572418708035779
2021-03-18,0.017339151916613386
2021-03-19,-0.008394319050580128
2021-03-20,0.0005658791253751102
2021-03-21,0.013643904139846409
2021-03-22,0.05345688104443306
2021-03-23,-0.0038401154329438564
2021-03-24,0.036551757777657644
2021-03-25,0.020485432915556448
2021-03-26,-0.06428841931989358
2021-03-27,-0.015051908974823298
2021-03-28,0.0004068041327035923
2021-03-29,-0.03165502939331705
2021-03-30,-0.020014609919984168
2021-03-31,-1.935944759335448e-05
2021-04-01,-0.0029992328786879927
2021-04-02,-0.004870090844088338
2021-04-03,0.030439981167968613
2021-04-04,-0.019846643132378484
2021-04-05,-0.005081207326213134
2021-04-06,0.01476389754962159
2021-04-07,0.037528870853164246
2021-04-08,-0.03978767570422682
2021-04-09,0.001354549836114697
2021-04-10,-0.026234198096664975
2021-04-11,-0.006862304387402612
2021-04-12,0.005187618998143358
2021-04-13,-0.05852714345026763
2021-04-14,0.006219938149170958
2021-04-15,-0.003232251116976691
2021-04-16,0.027886621874568536
2021-04-17,0.014542926101405163
2021-04-18,0.07647243109811933
2021-04-19,0.008788979117796622
2021-04-20,-0.013347500558966063
2021-04-21,0.04651974554182734
2021-04-22,0.040581883746807136
2021-04-23,0.013001302685204313
2021-04-24,0.020620437180110716
2021-04-25,0.02113272327896639
2021-04-26,-0.09747970680195452
2021-04-27,-0.01854831914865377
2021-04-28,0.0037942553737364284
2021-04-29,0.023429673825133245
2021-04-30,-0.07541518772096198
2021-05-01,-0.0013475723603123622
2021-05-02,0.020916047590224387
2021-05-03,-0.010001102205402288
2021-05-04,0.06999363622377694
2021-05-05,-0.07389708647447689
2021-05-06,0.018055093557641698
2021-05-07,-0.016877096781434925
2021-05-08,-0.024921619702789645
2021-05-09,0.009765628034028508
2021-05-10,0.041595541159714526
2021-05-11,-0.015009957344289306
2021-05-12,0.142967146773037
2021-05-13,-0.011442928110092723
2021-05-14,-0.003300186759766157
2021-05-15,0.06459870319528387
2021-05-16,0.006525257090234029
2021-05-17,0.0648839844864655
2021-05-18,0.014531934084628221
2021-05-19,0.14810707635188664
2021-05-20,-0.0972750161239599
2021-05-21,0.08913981683679192
2021-05-22,-0.0061982374372439785
2021-05-23,0.07654564579833298
2021-05-24,-0.10722243682664231
2021-05-25,0.007878782581024249
2021-05-26,-0.022961565812768543
2021-05-27,0.02205718107153495
2021-05-28,0.07393611150144239
2021-05-29,0.030765691542153008
2021-05-30,-0.030219944078986264
2021-05-31,-0.04533591723246496
2021-06-01,0.01750785357311659
2021-06-02,-0.02397778870231388
2021-06-03,-0.042556616951370016
2021-06-04,0.06084038726712561
2021-06-05,0.03706474257477647
2021-06-06,-0.008693599850188834
2021-06-07,0.06633285563534304
2021-06-08,0.002627775063457771
2021-06-09,-0.10947410238213756
2021-06-10,0.017354742993128305
2021-06-11,-0.017067578415986145
2021-06-12,0.048904195040405544
2021-06-13,-0.09505680129465752
2021-06-14,-0.02825878796632069
2021-06-15,-0.004658453327527578
2021-06-16,0.052307031596144006
2021-06-17,0.007684760787668957
2021-06-18,0.06140159139173661
2021-06-19,0.004800219817294286
2021-06-20,-0.0023116253137915738
2021-06-21,0.119521795848678
2021-06-22,-0.025833047609393114
2021-06-23,-0.03676667515561315
2021-06-24,-0.027475699857643344
2021-06-25,0.09130465397426267
2021-06-26,-0.01718823840092292
2021-06-27,-0.0737472744793095
2021-06-28,0.006233262455755746
2021-06-29,-0.040785121124139886
2021-06-30,0.02332520296585249
2021-07-01,0.04281824560087459
2021-07-02,-0.00963202091343982
2021-07-03,-0.022504948021345134
2021-07-04,-0.017703918010918158
2021-07-05,0.04467475626166748
2021-07-06,-0.014392210079461632
2021-07-07,0.011157826650301255
2021-07-08,0.029311778537964177
2021-07-09,-0.02761736344787324
2021-07-10,0.0082442012335933
2021-07-11,-0.021242252673874872
2021-07-12,0.032180926347831006
2021-07-13,0.013782086425800635
2021-07-14,-0.0036725998364308425
2021-07-15,0.032249468356842406
2021-07-16,0.01136653085848622
2021-07-17,-0.003543169217346287
2021-07-18,-0.008329203113175575
2021-07-19,0.031272502988710885
2021-07-20,0.033338555734212405
2021-07-21,-0.07443417235693212
2021-07-22,-0.006283788882169604
2021-07-23,-0.038503942271904575
2021-07-24,-0.020948244356669858
2021-07-25,-0.030378619797658737
2021-07-26,-0.05469542869161192
2021-07-27,-0.0539428534880362
2021-07-28,-0.01483512651645551
2021-07-29,-0.00031287370059631146
2021-07-30,-0.0541722306526184
2021-07-31,0.014532545375150554
2021-08-01,0.04047804375571393
2021-08-02,0.01952524946480863
2021-08-03,0.0271224912051319
2021-08-04,-0.04094316463847637
2021-08-05,-0.027838357371246687
2021-08-06,-0.04653814062641624
2021-08-07,-0.03981881145877593
2021-08-08,0.017151523902089738
2021-08-09,-0.056962712090068326
2021-08-10,0.01697414139260822
2021-08-11,-0.0001887605723412682
2021-08-12,0.025891753544200504
2021-08-13,-0.07300947971891747
2021-08-14,0.014677743757973101
2021-08-15,0.0010609584864258955
2021-08-16,0.02240830692116523
2021-08-17,0.02886919903458737
2021-08-18,-0.002364966650012081
2021-08-19,-0.04188585333234935
2021-08-20,-0.05459790698385328
2021-08-21,0.008828701235467067
2021-08-22,-0.008473475397263706
2021-08-23,-0.0045413466832814305
2021-08-24,0.03784489433094968
2021-08-25,-0.02596012195042943
2021-08-26,0.0421022974523753
2021-08-27,-0.04409943030226678
2021-08-28,0.0031903644385737097
2021-08-29,0.0014850847584068098
2021-08-30,0.03702463994727715
2021-08-31,-0.002371071858731938
2021-09-01,-0.03500565378801719
2021-09-02,-0.00979272478817146
2021-09-03,-0.014044128006187486
2021-09-04,0.0016154849967335088
2021-09-05,-0.035575435016673145
2021-09-06,-0.0168631403802205
2021-09-07,0.11723249529729855
2021-09-08,0.015494793572991005
2021-09-09,-0.006488390533953229
2021-09-10,0.03303518664446581
2021-09-11,-0.0070499394103558715
2021-09-12,-0.01888655452823882
2021-09-13,0.024174296052118335
2021-09-14,-0.046272006777909304
2021-09-15,-0.022754601314508963
2021-09-16,0.0081907394359386
2021-09-17,0.010854079709278335
2021-09-18,-0.02116012615402399
2021-09-19,0.021314594702563614
2021-09-20,0.09810793836995628
2021-09-21,0.051488267863326775
2021-09-22,-0.06839960199678301
2021-09-23,-0.02985630902322461
2021-09-24,0.04686219528987527
2021-09-25,0.002878952738409655
2021-09-26,-0.011450682044497961
2021-09-27,0.022771582829569807
2021-09-28,0.028852332947741827
2021-09-29,-0.012828924814572349
2021-09-30,-0.05218276011816411
2021-10-01,-0.09420841893127979
2021-10-02,0.008462113921141138
2021-10-03,-0.010185835179136425
2021-10-04,-0.018763728593427256
2021-10-05,-0.047747610534684515
2021-10-06,-0.07201410137731079
2021-10-07,0.028498794333346032
2021-10-08,-0.0030037607441677503
2021-10-09,-0.01836679291081593
2021-10-10,0.003583836316874845
2021-10-11,-0.04834896270757248
2021-10-12,0.02543576350608531
2021-10-13,-0.023978814816483514
2021-10-14,0.0013872457018979745
2021-10-15,-0.0718874583745788
2021-10-16,0.011458884632588321
2021-10-17,-0.010803865067540788
2021-10-18,-0.007646292349290159
2021-10-19,-0.03541344366049976
2021-10-20,-0.026577834542035658
2021-10-21,0.059027668390729156
2021-10-22,0.02470225108270476
2021-10-23,-0.011489604888576206
2021-10-24,0.007566491344887265
2021-10-25,-0.03402727333400422
2021-10-26,0.04337718610106227
2021-10-27,0.03166384386368273
2021-10-28,-0.03593449158802419
2021-10-29,-0.026144375505153635
2021-10-30,0.0054647503804892625
2021-10-31,0.009250698649359285
2021-11-01,0.005142950065019365
2021-11-02,-0.0357758773484733
2021-11-03,0.004062805617150114
2021-11-04,0.02439903425460908
2021-11-05,0.005328129187967981
2021-11-06,-0.006551908440948538
2021-11-07,-0.028827681539784322
2021-11-08,-0.06480556096155835
2021-11-09,0.008845099182201409
2021-11-10,0.02995816542044536
2021-11-11,0.0006967481072823624
2021-11-12,0.012300437518712916
2021-11-13,-0.00487596370827555
2021-11-14,-0.015351084638069591
2021-11-15,0.029592905846716044
2021-11-16,0.05492245425158357
2021-11-17,-0.00343096492223367
2021-11-18,0.058423750403308876
2021-11-19,-0.02046697304630566
2021-11-20,-0.02678245961804076
2021-11-21,0.016326255638854346
2021-11-22,0.042454514477448545
2021-11-23,-0.022481248103212805
2021-11-24,0.02263871996463873
2021-11-25,-0.01751183816078035
2021-11-26,0.06687380102128215
2021-11-27,-0.02298046960742265
2021-11-28,-0.043435386277887976
2021-11-29,-0.009701684218223901
2021-11-30,0.013955922421075117
2021-12-01,-0.003928780734843055
2021-12-02,0.013227302108743101
2021-12-03,0.05233158566534184
2021-12-04,0.08560843085516442
2021-12-05,-0.003411696472447897
2021-12-06,-0.024288526851428814
2021-12-07,-0.002319467736866812
2021-12-08,0.0038592862213869153
2021-12-09,0.057721555808476536
2021-12-10,0.009035819421615396
2021-12-11,-0.04388024071672512
2021-12-12,-0.014796607838164322
2021-12-13,0.06944137030817533
2021-12-14,0.002674827620426481
2021-12-15,-0.04783877809998121
2021-12-16,0.025504064198459072
2021-12-17,0.031180093256039692
2021-12-18,-0.01389869565630835
2021-12-19,0.0030305301841360094
2021-12-20,-0.003702680378992096
2021-12-21,-0.042928792887466996
2021-12-22,0.006315834406489169
2021-12-23,-0.043381939329586325
2021-12-24,-0.0007412156675569818
2021-12-25,0.0077497271989944395
2021-12-26,-0.007500204929835927
2021-12-27,0.003333620966693561
2021-12-28,0.062151426511976506
2021-12-29,0.024336011956341844
2021-12-30,-0.01566773871313257
2021-12-31,0.018649172756865187
2022-01-01,-0.02937373314776973
2022-01-02,0.007189054400021723
2022-01-03,0.018914636695763702
2022-01-04,0.012138934663861074
2022-01-05,0.05206628845481275
2022-01-06,0.009410297303589778
2022-01-07,0.037847988650375176
2022-01-08,-0.004227048332596754
2022-01-09,-0.004247935206112907
2022-01-10,0.002157811766201214
2022-01-11,-0.021633410637439378
2022-01-12,-0.027993907251911834
2022-01-13,0.03137582795207003
2022-01-14,-0.011859664695822615
2022-01-15,-0.0018011556222094572
2022-01-16,0.0014722123644015362
2022-01-17,0.02022757169904886
2022-01-18,-0.002956109256612036
2022-01-19,0.01500991044287061
2022-01-20,0.02581674309560386
2022-01-21,0.10960468291543993
2022-01-22,0.039930188839646726
2022-01-23,-0.034966573781181565
2022-01-24,-0.010352967106698903
2022-01-25,-0.008142486826951165
2022-01-26,0.0027608244495656064
2022-01-27,-0.007733837890785913
2022-01-28,-0.017247505090414967
2022-01-29,-0.00932135173920975
2022-01-30,0.005800446457155093
2022-01-31,-0.014804408066392667
2022-02-01,-0.006737318502634114
2022-02-02,0.04731073995912287
2022-02-03,-0.005441215831991581
2022-02-04,-0.11062688345744714
2022-02-05,0.0014398234837348135
2022-02-06,-0.02316687651757865
2022-02-07,-0.033111582709537346
2022-02-08,-0.006324808965338507
2022-02-09,-0.00498211368199733
2022-02-10,0.01760339378138894
2022-02-11,0.026921126055171853
2022-02-12,0.00386212183286643
2022-02-13,0.001112080209543203
2022-02-14,-0.009185768314632001
2022-02-15,-0.045630604487240684
2022-02-16,0.01385529504989858
2022-02-17,0.08108233071910446
2022-02-18,0.012586526423760572
2022-02-19,-0.002275138191892225
2022-02-20,0.043054421746525254
2022-02-21,0.03592381094835431
2022-02-22,-0.03213453434150656
2022-02-23,0.026183634615420347
2022-02-24,-0.027399579951549815
2022-02-25,-0.022738450595305906
2022-02-26,0.0027852723260769346
2022-02-27,0.036334517924426976
2022-02-28,-0.13576425730332167
2022-03-01,-0.026533380332524757
2022-03-02,0.009753715935407227
2022-03-03,0.03409447865241336
2022-03-04,0.0812852755652355
2022-03-05,-0.0066969062286334315
2022-03-06,0.025202937052357023
2022-03-07,0.0093603152707349
2022-03-08,-0.01758473821596099
2022-03-09,-0.08046083301385845
2022-03-10,0.06254685680053026
2022-03-11,0.016425482290646415
2022-03-12,-0.002806706804667275
2022-03-13,0.027475269974984843
2022-03-14,-0.04689129940953424
2022-03-15,0.00830247189817811
2022-03-16,-0.044865467674200424
2022-03-17,0.004690916877794194
2022-03-18,-0.020538517974936225
2022-03-19,-0.009274687432012266
2022-03-20,0.022600322885966202
2022-03-21,0.004125761887466681
2022-03-22,-0.03070379130997368
2022-03-23,-0.012531246090632069
2022-03-24,-0.024593725965785046
2022-03-25,-0.008782716407665668
2022-03-26,-0.0034237154855725296
2022-03-27,-0.050813175792382204
2022-03-28,-0.0065464127633699815
2022-03-29,-0.00714059973919024
2022-03-30,0.0085279952347302
2022-03-31,0.03291800954258311
2022-04-01,-0.016183454010017757
2022-04-02,0.008957035540670266
2022-04-03,-0.012664841243046981
2022-04-04,-0.0036337857461326666
2022-04-05,0.02314486060589607
2022-04-06,0.05294570510057487
2022-04-07,-0.0068529242315328075
2022-04-08,0.028353972258937266
2022-04-09,-0.011625235289932529
2022-04-10,0.013518646577317169
2022-04-11,0.06574699455484899
2022-04-12,-0.015198991801760953
2022-04-13,-0.02557641749549052
2022-04-14,0.030364373354540806
2022-04-15,-0.015355179227128868
2022-04-16,0.0031855728397045674
2022-04-17,0.017657522881942136
2022-04-18,-0.027546268364385663
2022-04-19,-0.016435294339235306
2022-04-20,0.003097867846210707
2022-04-21,0.020684439708319406
2022-04-22,0.019611085251918917
2022-04-23,0.006401619327578674
2022-04-24,0.00044170158334548267
2022-04-25,-0.024749050076096804
2022-04-26,0.05959955698854747
2022-04-27,-0.029052734994520196
2022-04-28,-0.013483906721524785
2022-04-29,0.02970235366082905
2022-04-30,0.023452178557919624
2022-05-01,-0.019800580200401846
2022-05-02,-0.0015645616058173508
2022-05-03,0.02042224184090012
2022-05-04,-0.050312677532991644
2022-05-05,0.08194136472907673
2022-05-06,0.014713780107637159
2022-05-07,0.015067299056939674
2022-05-08,0.04148559878699712
2022-05-09,0.1170549632581505
2022-05-10,-0.023678692386482958
2022-05-11,0.06962706368652095
2022-05-12,-0.0038423156405122537
2022-05-13,-0.008069582993285078
2022-05-14,-0.02755654035085545
2022-05-15,-0.039214229608877514
2022-05-16,0.047163938825930986
2022-05-17,-0.018675310971867837
2022-05-18,0.05768962303395388
2022-05-19,-0.054017472510896065
2022-05-20,0.03742660999960213
2022-05-21,-0.007896156156526583
2022-05-22,-0.02984011653578575
2022-05-23,0.04122961033666706
2022-05-24,-0.01894978176706928
2022-05-25,0.0031485281301596416
2022-05-26,0.010033699544872113
2022-05-27,0.022097889022563728
2022-05-28,-0.006522241153916333
2022-05-29,-0.02166399017895866
2022-05-30,-0.07459222816391974
2022-05-31,-0.0020756074770069063
2022-06-01,0.06474693067083527
2022-06-02,-0.02218263391098452
2022-06-03,0.02536528971019155
2022-06-04,-0.00431741536890466
2022-06-05,-0.002468985857085947
2022-06-06,-0.04779217112896654
2022-06-07,0.006883334658869973
2022-06-08,0.030672946983430784
2022-06-09,0.0033934595457949636
2022-06-10,0.03474221923780006
2022-06-11,0.02517319741030233
2022-06-12,0.05800108151881945
2022-06-13,0.17405255177667042
2022-06-14,0.012556416941057361
2022-06-15,-0.01634917508386348
2022-06-16,0.10211240133010355
2022-06-17,-0.004397810882562394
2022-06-18,0.07366571122488891
2022-06-19,-0.07765301952407
2022-06-20,-0.002248480532576946
2022-06-21,-0.005376928208097346
2022-06-22,0.03556200532463169
2022-06-23,-0.053519949652552336
2022-06-24,-0.006889809613761697
2022-06-25,-0.01266838104662478
2022-06-26,0.02234031636729734
2022-06-27,0.013975180844796839
2022-06-28,0.022179692795419582
2022-06-29,0.00874651225988825
2022-06-30,0.016009711756282033
2022-07-01,0.02639361166796203
2022-07-02,0.0014079558563739067
2022-07-03,-0.0028449039765122944
2022-07-04,-0.04727542718300751
2022-07-05,0.002035878126304793
2022-07-06,-0.017582449257883936
2022-07-07,-0.05165639338861742
2022-07-08,-0.0043132227124235666
2022-07-09,0.0064127411638449485
2022-07-10,0.03447747972502637
2022-07-11,0.04359596339476734
2022-07-12,0.03291562138901987
2022-07-13,-0.044936759944821686
2022-07-14,-0.017549651263241726
2022-07-15,-0.012868197042892807
2022-07-16,-0.016846296291970084
2022-07-17,0.01958489970974724
2022-07-18,-0.07891967823012867
2022-07-19,-0.03940528200341783
2022-07-20,0.006765243636369361
2022-07-21,0.0028926217700481673
2022-07-22,0.019601945764881813
2022-07-23,0.011044710597189035
2022-07-24,-0.006375470790258249
2022-07-25,0.056755659782032404
2022-07-26,0.0057250438268413185
2022-07-27,-0.07659542154936112
2022-07-28,-0.03905783089201425
2022-07-29,0.001647644691440151
2022-07-30,0.006254683466181995
2022-07-31,0.013589886059606543
2022-08-01,0.0009730647082914476
2022-08-02,0.01452024708261338
2022-08-03,0.005744061707541017
2022-08-04,0.009479525568520927
2022-08-05,-0.028675899088160428
2022-08-06,0.014185359813054537
2022-08-07,-0.009303252730044901
2022-08-08,-0.02697154534457858
2022-08-09,0.02747099349637511
2022-08-10,-0.03325679505388167
2022-08-11,-0.00041276206736784357
2022-08-12,-0.018415982056898608
2022-08-13,-0.0008704221288590054
2022-08-14,0.0042973830773317305
2022-08-15,0.00752687118445491
2022-08-16,0.010565706274135412
2022-08-17,0.023181944883864696
2022-08-18,0.005295957030778942
2022-08-19,0.10602664190168617
2022-08-20,-0.013724431302661714
2022-08-21,-0.017239723512555944
2022-08-22,0.006298802571622582
2022-08-23,-0.0060185938546632
2022-08-24,0.00620033327852915
2022-08-25,-0.009577016652955654
2022-08-26,0.06408571655966329
2022-08-27,0.010832449813926528
2022-08-28,0.0214299343072556
2022-08-29,-0.034134991629983055
2022-08-30,0.02500132778356697
2022-08-31,-0.012696624168793951
2022-09-01,-0.0038518173635346637
2022-09-02,0.007849479691159277
2022-09-03,0.006918477935497839
2022-09-04,-0.007766470822269511
2022-09-05,0.008761151996171085
2022-09-06,0.0504480646723607
2022-09-07,-0.02374515374913594
2022-09-08,-0.00204607030353663
2022-09-09,-0.10086009766789074
2022-09-10,-0.01390523841339878
2022-09-11,-0.004083651963045384
2022-09-12,-0.027242163871664303
2022-09-13,0.09728219892342403
2022-09-14,0.0027439686753737906
2022-09-15,0.02703458624126178
2022-09-16,-0.0036162281734326176
2022-09-17,-0.017794492715736767
2022-09-18,0.03581280604750071
2022-09-19,-0.006396912022913548
2022-09-20,0.03400047754708742
2022-09-21,0.018344813515223775
2022-09-22,-0.045641677549128984
2022-09-23,0.00598857629671097
2022-09-24,0.018864440709329067
2022-09-25,0.007149858037088313
2022-09-26,-0.022121968157295297
2022-09-27,0.005850034170169328
2022-09-28,-0.016409099157190264
2022-09-29,-0.007504185755091534
2022-09-30,0.007243323491751529
2022-10-01,0.006178716506548767
2022-10-02,0.013973887936277964
2022-10-03,-0.0299741763073446
2022-10-04,-0.035702295702777984
2022-10-05,0.00869820607502516
2022-10-06,0.010234041758595132
2022-10-07,0.02068782806747579
2022-10-08,0.0066873874171619555
2022-10-09,-0.0015365479891413887
2022-10-10,0.01580535214708789
2022-10-11,0.004716403712704758
2022-10-12,-0.005549896374470987
2022-10-13,-0.011700026522297709
2022-10-14,0.010228526229371489
2022-10-15,0.006170546675591737
2022-10-16,-0.010458171486817167
2022-10-17,-0.014563494131467007
2022-10-18,0.011127327349328565
2022-10-19,0.010130621895940859
2022-10-20,0.004492679159130498
2022-10-21,-0.00621191065339352
2022-10-22,-0.0018613913940529582
2022-10-23,-0.01850815095417208
2022-10-24,0.011381303255268389
2022-10-25,-0.038050125599863024
2022-10-26,-0.033017194358947406
2022-10-27,0.023607984321621485
2022-10-28,-0.015142492579417856
2022-10-29,-0.010775490653264773
2022-10-30,0.008822978719624204
2022-10-31,0.006799218852899474
2022-11-01,0.0005124320157945651
2022-11-02,0.01603042401585493
2022-11-03,-0.002501116490787244
2022-11-04,-0.04533199824767065
2022-11-05,-0.006385182519711849
2022-11-06,0.01687848726805324
2022-11-07,0.015587859865227252
2022-11-08,0.10542864681146098
2022-11-09,0.15488954817014716
2022-11-10,-0.1020374090112842
2022-11-11,0.03191845360130116
2022-11-12,0.013898139747380939
2022-11-13,0.026896704984698754
2022-11-14,-0.016064732404599078
2022-11-15,-0.01590431717951544
2022-11-16,0.012825680370738035
2022-11-17,-0.0010839194206494296
2022-11-18,-0.0006146278457023498
2022-11-19,-0.0008242927596795972
2022-11-20,0.02543603029442077
2022-11-21,0.03145906258707414
2022-11-22,-0.02517471508039186
2022-11-23,-0.025667956985737504
2022-11-24,0.00037586363225689277
2022-11-25,0.004988374895103048
2022-11-26,0.0034899891216231276
2022-11-27,0.0011944668045808346
2022-11-28,0.013918848240971523
2022-11-29,-0.01394046411034608
2022-11-30,-0.043059766583943886
2022-12-01,0.011802068595367332
2022-12-02,-0.007136986045805121
2022-12-03,0.010614234867796273
2022-12-04,-0.01305884246336571
2022-12-05,0.009128269217154126
2022-12-06,-0.006733035250819497
2022-12-07,0.014224977832437721
2022-12-08,-0.022614200081039638
2022-12-09,0.005838370505888547
2022-12-10,0.00025846420531521353
2022-12-11,0.00143319679738864
2022-12-12,-0.0059599279123048595
2022-12-13,-0.03286478873072886
2022-12-14,-0.0019289306421712124
2022-12-15,0.02562838102102438
2022-12-16,0.04218980898149945
2022-12-17,-0.008827572352892032
2022-12-18,0.002212331171359141
2022-12-19,0.01917645189485355
2022-12-20,-0.027988705082472278
2022-12-21,0.005264509420176635
2022-12-22,-0.0007612154110786702
2022-12-23,0.0019858084288219657
2022-12-24,-0.0030199561547248985
2022-12-25,0.0003425096739709631
2022-12-26,-0.004609855984671537
2022-12-27,0.012048246868378581
2022-12-28,0.009895050300250239
2022-12-29,-0.00540864482551941
2022-12-30,0.002391695878759684
2022-12-31,0.003323665649558149
2023-01-01,-0.00467760631157723
2023-01-02,-0.003805700684704715
2023-01-03,0.0005162548994983624
2023-01-04,-0.010934153962035356
2023-01-05,0.0015728177184386805
2023-01-06,-0.006820792235553174
2023-01-07,-0.00018340582830352
2023-01-08,-0.00799308234902105
2023-01-09,-0.006148589187306557
2023-01-10,-0.014418133870887372
2023-01-11,-0.02762115049773119
2023-01-12,-0.05080318049018759
2023-01-13,-0.053649212803668606
2023-01-14,-0.052192440560842025
2023-01-15,0.0045631527773636734
2023-01-16,-0.013737719952276949
2023-01-17,0.00038332437933474676
2023-01-18,0.02259283115330066
2023-01-19,-0.019055334102897954
2023-01-20,-0.0726845526110478
2023-01-21,-0.004447222994453112
2023-01-22,0.002514790230431855
2023-01-23,-0.00937544219856928
2023-01-24,0.013077079200906103
2023-01-25,-0.021043184701323544
2023-01-26,0.003687148593844675
2023-01-27,-0.001993046474165044
2023-01-28,0.002066314313093378
2023-01-29,-0.03177133538504421
2023-01-30,0.040096914665951826
2023-01-31,-0.013012288539514132
2023-02-01,-0.024945734590003956
2023-02-02,0.010674749877368259
2023-02-03,0.000961136247671562
2023-02-04,0.0050223137428644544
2023-02-05,0.016254488231275857
2023-02-06,0.008555376421285297
2023-02-07,-0.02191019571493288
2023-02-08,0.014063722484005989
2023-02-09,0.05007294792111713
2023-02-10,0.0077228177249046275
2023-02-11,-0.010095720621826006
2023-02-12,0.0037871607629455096
2023-02-13,-0.0009128497942385424
2023-02-14,-0.018747466050136215
2023-02-15,-0.08977000786319626
2023-02-16,0.028558101481565734
2023-02-17,-0.03910624942610064
2023-02-18,-0.0030758236488141917
2023-02-19,0.01280971909443967
2023-02-20,-0.02040504474431612
2023-02-21,0.015946381537723795
2023-02-22,0.010180396881003117
2023-02-23,0.010027916762018151
2023-02-24,0.03179206740644356
2023-02-25,0.000981248083164121
2023-02-26,-0.016511545833869257
2023-02-27,0.001628652491694882
2023-02-28,0.016092730875103014
2023-03-01,-0.021336804939163678
2023-03-02,0.007261350209481709
2023-03-03,0.04856242572977136
2023-03-04,0.0004173035221196778
2023-03-05,-0.00366895467532336
2023-03-06,0.0002565841781915384
2023-03-07,0.009406138966041635
2023-03-08,0.022837315061132093
2023-03-09,0.06442451332853331
2023-03-10,0.00866965688311379
2023-03-11,-0.021812221244110887
2023-03-12,-0.07160391184533008
2023-03-13,-0.08778363436848541
2023-03-14,-0.02241616479750579
2023-03-15,0.015069419825617957
2023-03-16,-0.027387721969650478
2023-03-17,-0.09043081735478727
2023-03-18,0.016843655914946763
2023-03-19,-0.03901251239696352
2023-03-20,0.009728058677075274
2023-03-21,-0.014607259457310753
2023-03-22,0.031304934786025286
2023-03-23,-0.03690243092144147
2023-03-24,0.03011973318555565
2023-03-25,-5.171583626720892e-05
2023-03-26,-0.01800847790347154
2023-03-27,0.030997440056033318
2023-03-28,-0.004714100093914092
2023-03-29,-0.03885339931269162
2023-03-30,0.011169598741333131
2023-03-31,-0.015746414888453637
2023-04-01,0.0023712364214005313
2023-04-02,0.007480171844976413
2023-04-03,0.014613274150394037
2023-04-04,-0.01350558587463783
2023-04-05,-0.0003512057047058866
2023-04-06,0.004761257346579407
2023-04-07,0.00422660089629551
2023-04-08,-0.0007851839396583646
2023-04-09,-0.01369069252890777
2023-04-10,-0.045533646757390224
2023-04-11,-0.019439489564332186
2023-04-12,0.0031803678161343176
2023-04-13,-0.008590133768281546
2023-04-14,-0.002845797962018112
2023-04-15,0.0054997371675221595
2023-04-16,0.00010359312238552485
2023-04-17,0.02912872327682135
2023-04-18,-0.03183646099781629
2023-04-19,0.05319953662867234
2023-04-20,0.020211126619281063
2023-04-21,0.034910877271712444
2023-04-22,-0.019624756556398195
2023-04-23,0.008161741227378502
2023-04-24,0.0023965485595713668
2023-04-25,-0.02802320777395386
2023-04-26,-0.004057925868580612
2023-04-27,-0.03631313286229464
2023-04-28,0.004540602889751968
2023-04-29,0.0031328032278842735
2023-04-30,-0.0006944394889976754
2023-05-01,0.041052856211014906
2023-05-02,-0.020749270291120427
2023-05-03,-0.011294600825028724
2023-05-04,0.005482697825375376
2023-05-05,-0.02352452363535224
2023-05-06,0.02155362050914689
2023-05-07,0.015678412319992844
2023-05-08,0.027097480312589104
2023-05-09,0.0012826051136456092
2023-05-10,0.0013393336115541375
2023-05-11,0.0227376278728039
2023-05-12,0.007278017155925187
2023-05-13,0.0007804618022563855
2023-05-14,-0.0054570113859458225
2023-05-15,-0.009683688179724162
2023-05-16,0.005754943306692564
2023-05-17,-0.013305949198470446
2023-05-18,0.020896322938492334
2023-05-19,-0.0021562704301694635
2023-05-20,-0.008865600285434393
2023-05-21,0.01394736681453699
2023-05-22,-0.0036358955711424203
2023-05-23,-0.013848962643426162
2023-05-24,0.03327040018789596
2023-05-25,-0.005354526205137628
2023-05-26,-0.009139332662057487
2023-05-27,-0.00556333034484893
2023-05-28,-0.04430949975360071
2023-05-29,0.012171112107334788
2023-05-30,0.0015702994220325468
2023-05-31,0.017577792723265092
2023-06-01,0.014792581991188054
2023-06-02,-0.01589161106579633
2023-06-03,0.006422915434419119
2023-06-04,-0.0016214839752998166
2023-06-05,0.051410345698891795
2023-06-06,-0.05581511856233619
2023-06-07,0.03332542412080894
2023-06-08,-0.006138366063704449
2023-06-09,0.001050860137740086
2023-06-10,0.024045314677471934
2023-06-11,-0.0034340762243438776
2023-06-12,0.0014531650030546537
2023-06-13,-0.0006263269559741463
2023-06-14,0.031115354032620144
2023-06-15,-0.017819375410116443
2023-06-16,-0.0289427732653721
2023-06-17,-0.0069349007932065195
2023-06-18,0.006602603438313832
2023-06-19,-0.019359247201741925
2023-06-20,-0.05352849528514009
2023-06-21,-0.05827421320682117
2023-06-22,0.0038377235796951737
2023-06-23,-0.02584590576815378
2023-06-24,0.004793067902493928
2023-06-25,0.0022426607224285255
2023-06-26,0.006884835938176551
2023-06-27,-0.013682563415242948
2023-06-28,0.01980891791303767
2023-06-29,-0.011865197537731036
2023-06-30,-0.0010472432791648364
2023-07-01,-0.0036951443630783326
2023-07-02,-0.001002809469143997
2023-07-03,-0.017342426317960315
2023-07-04,0.012234379050443955
2023-07-05,0.008595533521292817
2023-07-06,0.020020299639946313
2023-07-07,-0.01437090998029806
2023-07-08,0.0016401345457067653
2023-07-09,0.004012544787339061
2023-07-10,-0.008029538805166095
2023-07-11,-0.006765948365584515
2023-07-12,0.007516669538967959
2023-07-13,-0.03505911799946575
2023-07-14,0.036955452769762046
2023-07-15,0.0012621409438578614
2023-07-16,0.0015417915284865274
2023-07-17,0.003418965294113633
2023-07-18,0.009643886494910275
2023-07-19,-0.0019193869502834365
2023-07-20,0.004083626307646249
2023-07-21,-0.003910458253167224
2023-07-22,0.004589155219131938
2023-07-23,-0.010449658783391701
2023-07-24,0.030633538164858885
2023-07-25,-0.0017284554802405464
2023-07-26,-0.004355653333464597
2023-07-27,0.004927238584293436
2023-07-28,-0.0037094442045335473
2023-07-29,-0.0012840607690722545
2023-07-30,0.0027837737874393067
2023-07-31,0.0015450628224417467
2023-08-01,-0.01513023382608844
2023-08-02,0.01780750751690934
2023-08-03,-0.0009161807791750279
2023-08-04,0.0035908335462961935
2023-08-05,0.0011000318899209226
2023-08-06,9.347994530765627e-06
2023-08-07,-0.004765273802377892
2023-08-08,-0.01984638697905339
2023-08-09,0.006877101417061734
2023-08-10,0.004471948989328098
2023-08-11,0.0010837469218066252
2023-08-12,-0.0006206039371356436
2023-08-13,0.004533340724443713
2023-08-14,-0.004277614074716283
2023-08-15,0.008129120118753778
2023-08-16,0.016193584838703763
2023-08-17,0.07362412009606191
2023-08-18,0.023334248653811243
2023-08-19,-0.0017891559507894222
2023-08-20,-0.003571869420107809
2023-08-21,0.002501958864606914
2023-08-22,0.0035464695192522202
2023-08-23,-0.015248455549160829
2023-08-24,0.01023956576112509
2023-08-25,0.004393992436939317
2023-08-26,0.0015062619864454853
2023-08-27,-0.003118365040993392
2023-08-28,-0.0006305878251208892
2023-08-29,-0.060249892570851026
2023-08-30,0.015634289371322937
2023-08-31,0.05132914544958933
2023-09-01,0.005054814300673318
2023-09-02,-0.0026349868784771645
2023-09-03,-0.0038877655416867615
2023-09-04,0.006069712504034206
2023-09-05,0.0012573014244295709
2023-09-06,0.001038013801593385
2023-09-07,-0.01873210550195057
2023-09-08,0.012831149860508746
2023-09-09,0.00038518556307899995
2023-09-10,0.0024532679048573473
2023-09-11,0.026261881067480307
2023-09-12,-0.0263051279529175
2023-09-13,-0.015173852958685846
2023-09-14,-0.011800835130971608
2023-09-15,-0.0025972414093191217
2023-09-16,0.0015199103541191222
2023-09-17,0.0012840741866492755
2023-09-18,-0.008260511389751386
2023-09-19,-0.016931102662432373
2023-09-20,0.0029114788993918343
2023-09-21,0.021020467716698094
2023-09-22,-0.0004491505408555205
2023-09-23,6.686902016047694e-06
2023-09-24,0.012210127075315798
2023-09-25,-0.001585160786217759
2023-09-26,0.003093569595525136
2023-09-27,-0.005153782852789497
2023-09-28,-0.02506320623495958
2023-09-29,0.004072674570297436
2023-09-30,-0.002085958120685116
2023-10-01,-0.036976120856382695
2023-10-02,0.01631914578851585
2023-10-03,0.0036683170659445614
2023-10-04,-0.013377719302482879
2023-10-05,0.013890662255842758
2023-10-06,-0.019171883788155934
2023-10-07,-0.0007955652201821253
2023-10-08,0.0012074286830624696
2023-10-09,0.012659387727925962
2023-10-10,0.0070090060125914885
2023-10-11,0.019081220842271783
2023-10-12,0.00434538164717781
2023-10-13,-0.0039380057832304975
2023-10-14,2.4866641728645306e-05
2023-10-15,-0.011030760315870677
2023-10-16,-0.04885439730476576
2023-10-17,0.0036433994327744555
2023-10-18,0.0030807197496875486
2023-10-19,-0.013724231161473081
2023-10-20,-0.03298576898255148
2023-10-21,-0.007901299916077796
2023-10-22,-0.002519829955235934
2023-10-23,-0.09812340552916099
2023-10-24,-0.024342751787773464
2023-10-25,-0.017581001125127033
2023-10-26,0.010083818433932462
2023-10-27,0.007253169256571986
2023-10-28,-0.0052875149613998505
2023-10-29,-0.013082482218137433
2023-10-30,0.001046255776520464
2023-10-31,-0.004782938801692802
2023-11-01,-0.021952875620689455
2023-11-02,0.014181643038139046
2023-11-03,0.005911206955145199
2023-11-04,-0.010022958693683921
2023-11-05,0.0009365213169939803
2023-11-06,0.0003419870125084872
2023-11-07,-0.011526405303600254
2023-11-08,-0.005955525293475274
2023-11-09,-0.02869223982446583
2023-11-10,-0.01677834605033404
2023-11-11,0.004725682318407844
2023-11-12,0.002251742592082081
2023-11-13,0.015013537055029228
2023-11-14,0.02678435783979465
2023-11-15,-0.06384619927627835
2023-11-16,0.046629756190665436
2023-11-17,-0.01214874696667944
2023-11-18,0.000300085015663709
2023-11-19,-0.021653391391504333
2023-11-20,-0.002415334454994771
2023-11-21,0.045392621921948366
2023-11-22,-0.04420138946783627
2023-11-23,0.003819999415433914
2023-11-24,-0.01148288092363248
2023-11-25,-0.002026342935600158
2023-11-26,0.00844024984109134
2023-11-27,0.00602017674392167
2023-11-28,-0.015367313611233842
2023-11-29,-0.0007241750284948421
2023-11-30,0.0038571889984724806
2023-12-01,-0.02555073011462817
2023-12-02,-0.020152443138720524
2023-12-03,-0.012637770520489717
2023-12-04,-0.04885656688656327
2023-12-05,-0.04882523455973004
2023-12-06,0.007610515703398493
2023-12-07,0.010427160036986542
2023-12-08,-0.01998568323480024
2023-12-09,0.010026349184727985
2023-12-10,-0.001227688266422679
2023-12-11,0.05966864669683699
2023-12-12,-0.004991678164292342
2023-12-13,-0.03416274957103686
2023-12-14,-0.003101461159203954
2023-12-15,0.025761678809584642
2023-12-16,-0.007374628549158558
2023-12-17,0.02094342240847231
2023-12-18,-0.029979669511789556
2023-12-19,0.008316570718615267
2023-12-20,-0.032164737244750545
2023-12-21,-0.0049565656400486135
2023-12-22,-0.0029305657871948458
2023-12-23,0.005889392398977758
2023-12-24,0.016677702596480784
2023-12-25,-0.013783631646973108
2023-12-26,0.025374479539831175
2023-12-27,-0.021462391204340153
2023-12-28,0.018938483263033618
2023-12-29,0.01247437935200907
2023-12-30,-0.001364883236683238
2023-12-31,-0.0025653289520551383
2024-01-01,-0.044021664837326654
2024-01-02,-0.01774260401360504
2024-01-03,0.04806495357875531
2024-01-04,-0.030607357718285957
2024-01-05,0.0003900828451526924
2024-01-06,0.00393630412750998
2024-01-07,0.0010484808007761193
2024-01-08,-0.06662426635587364
2024-01-09,0.01784541710643821
2024-01-10,-0.01052203275194838
2024-01-11,0.005574241147522551
2024-01-12,0.07884262883299366
2024-01-13,0.0002517086641866489
2024-01-14,0.024720775355358247
2024-01-15,-0.01697856404641987
2024-01-16,-0.015011364505806485
2024-01-17,0.009599712825861542
2024-01-18,0.03525390600438047
2024-01-19,-0.008599127738074015
2024-01-20,-0.0011329834535463317
2024-01-21,0.002879434924556738
2024-01-22,0.05030891028125471
2024-01-23,-0.008523584257922188
2024-01-24,-0.005793705727985713
2024-01-25,0.003581157289492955
2024-01-26,-0.04607657449481696
2024-01-27,-0.007224112855396914
2024-01-28,0.002007256017307645
2024-01-29,-0.029364415736914624
2024-01-30,0.007783744989935841
2024-01-31,0.008651552809046921
2024-02-01,-0.011514890294239742
2024-02-02,-0.002552374530244358
2024-02-03,0.004493245492150753
2024-02-04,0.009551086228745845
2024-02-05,-0.0017617075316479283
2024-02-06,-0.009936804708699247
2024-02-07,-0.02822864621028068
2024-02-08,-0.021945671282114807
2024-02-09,-0.0399329954084116
2024-02-10,-0.013149960695064189
2024-02-11,-0.010881064258583886
2024-02-12,-0.03388147853165121
2024-02-13,0.004328588760117502
2024-02-14,-0.041046849510408934
2024-02-15,-0.0021560092291083846
2024-02-16,-0.0042584326097615645
2024-02-17,0.00957802949778828
2024-02-18,-0.008855834280713763
2024-02-19,0.006610163694046543
2024-02-20,-0.009719679337319471
2024-02-21,0.00856090431522995
2024-02-22,0.010358547640014263
2024-02-23,0.011231806115512574
2024-02-24,-0.016405594130217752
2024-02-25,-0.0031390133682369275
2024-02-26,-0.052511187656945416
2024-02-27,-0.045936216440473146
2024-02-28,-0.09069529297704289
2024-02-29,0.02112241427001975
2024-03-01,-0.0200954657884248
2024-03-02,0.006600547312091193
2024-03-03,-0.01817220465901261
2024-03-04,-0.0785670808490068
2024-03-05,0.06858298181492034
2024-03-06,-0.03549970020086634
2024-03-07,-0.012308140052515397
2024-03-08,-0.020331312236987975
2024-03-09,-0.002906296632019191
2024-03-10,-0.007575825657206857
2024-03-11,-0.04399229858274628
2024-03-12,0.008949836049347838
2024-03-13,-0.02216689906407544
2024-03-14,0.0233524614583823
2024-03-15,0.028308923292000562
2024-03-16,0.060717725206296765
2024-03-17,-0.046012240704610304
2024-03-18,0.012388507554368627
2024-03-19,0.08712073185700822
2024-03-20,-0.09251085296877404
2024-03-21,0.03631867422621332
2024-03-22,0.02649844665215931
2024-03-23,-0.0044342886654000135
2024-03-24,-0.04832709315067971
2024-03-25,-0.0397250476948794
2024-03-26,-0.0004147786065640333
2024-03-27,0.007637444542951766
2024-03-28,-0.018397189971880865
2024-03-29,0.012118158012204417
2024-03-30,0.0035477570486820652
2024-03-31,-0.023952858696302478
2024-04-01,0.023137002333257977
2024-04-02,0.06299090436988572
2024-04-03,-0.00812374307331999
2024-04-04,-0.03759886271186141
2024-04-05,0.009845630418288566
2024-04-06,-0.015482496362565016
2024-04-07,-0.006747455363626304
2024-04-08,-0.03218579409702191
2024-04-09,0.035413761203788405
2024-04-10,-0.020739301242534747
2024-04-11,0.00749778258451207
2024-04-12,0.041748970181434676
2024-04-13,0.05152204971523435
2024-04-14,-0.02959850149495867
2024-04-15,0.03581099949650861
2024-04-16,-0.0060619201772289105
2024-04-17,0.04053958534994488
2024-04-18,-0.03584120208614769
2024-04-19,-0.005195142876912206
2024-04-20,-0.017865871886504233
2024-04-21,0.0010436624765665994
2024-04-22,-0.029008901759275917
2024-04-23,0.006460398489914604
2024-04-24,0.03260630131627199
2024-04-25,-0.0031812827691917772
2024-04-26,0.011328935219016097
2024-04-27,0.005286917956356649
2024-04-28,0.004835296290154387
2024-04-29,-0.011467091787556437
2024-04-30,0.051494629716542104
2024-05-01,0.040089923480657194
2024-05-02,-0.014814392549697799
2024-05-03,-0.06175720649824811
2024-05-04,-0.015801344389047563
2024-05-05,-0.002183511056964741
2024-05-06,0.013667364763724113
2024-05-07,0.01318192999564668
2024-05-08,0.018569986258493817
2024-05-09,-0.02997730860417905
2024-05-10,0.036456454635488925
2024-05-11,-1.5356866757304103e-05
2024-05-12,-0.01071136415279376
2024-05-13,-0.02337149423787631
2024-05-14,0.021674038111579395
2024-05-15,-0.07380429766149847
2024-05-16,0.015755724397151206
2024-05-17,-0.027522834905047706
2024-05-18,0.001657856805292211
2024-05-19,0.0099451595532183
2024-05-20,-0.07510908882529838
2024-05-21,0.01852885718229531
2024-05-22,0.014565869510184994
2024-05-23,0.017406596587757724
2024-05-24,-0.008743394668047938
2024-05-25,-0.010738658385428567
2024-05-26,0.010855523058038129
2024-05-27,-0.01271054899375939
2024-05-28,0.015953999045957543
2024-05-29,0.010570529093847765
2024-05-30,-0.011577009906272178
2024-05-31,0.012860492770805693
2024-06-01,-0.0031882581048550507
2024-06-02,-0.0006594499605225849
2024-06-03,-0.015425138658129584
2024-06-04,-0.025300225248925362
2024-06-05,-0.007272217816602819
2024-06-06,0.0045918902720176475
2024-06-07,0.020194557079892095
2024-06-08,0.0005310196389050046
2024-06-09,-0.004925659126589219
2024-06-10,0.0019504270460231217
2024-06-11,0.03186737491787959
2024-06-12,-0.013412234174301008
2024-06-13,0.021998155421161833
2024-06-14,0.011227334405387725
2024-06-15,-0.0027216870164859935
2024-06-16,-0.00674619312119944
2024-06-17,0.0022346697987336212
2024-06-18,0.020505771883152002
2024-06-19,0.002773987515326679
2024-06-20,0.002028534277712279
2024-06-21,0.011362664075990998
2024-06-22,-0.002436781820078235
2024-06-23,0.016821441362000096
2024-06-24,0.047042933993412646
2024-06-25,-0.025020978589857558
2024-06-26,0.016203198264060435
2024-06-27,-0.01296454786345771
2024-06-28,0.021073812008611803
2024-06-29,-0.009359920064692571
2024-06-30,-0.028989272731724976
2024-07-01,-0.0027672625269042988
2024-07-02,0.01318017605629068
2024-07-03,0.030363202506616574
2024-07-04,0.05457904895434864
2024-07-05,0.005549607840752044
2024-07-06,-0.028552385625087485
2024-07-07,0.043009217189319104
2024-07-08,-0.015210533790654032
2024-07-09,-0.022737964112148894
2024-07-10,0.0046086733698468725
2024-07-11,0.006909245978268808
2024-07-12,-0.009623984558104185
2024-07-13,-0.022753003242582143
2024-07-14,-0.025927850263005585
2024-07-15,-0.06499862039498035
2024-07-16,-0.0034931297826731934
2024-07-17,0.01514324245482322
2024-07-18,0.0022597141603525025
2024-07-19,-0.041879420109635544
2024-07-20,-0.006774946348331885
2024-07-21,-0.014645375370143716
2024-07-22,0.008387766690112852
2024-07-23,0.024831503546284737
2024-07-24,0.008462196557576013
2024-07-25,-0.006177613679945953
2024-07-26,-0.03193999219319689
2024-07-27,0.001454798896138238
2024-07-28,-0.006504525639670648
2024-07-29,0.021262245664086656
2024-07-30,0.009305346230673276
2024-07-31,0.024183450577486682
2024-08-01,-0.011359846111043197
2024-08-02,0.06221701386487153
2024-08-03,0.012039486792085179
2024-08-04,0.04315788272420938
2024-08-05,0.07363198582120066
2024-08-06,-0.03713846509911699
2024-08-07,0.018131945621423673
2024-08-08,-0.11461585743295792
2024-08-09,0.013541633552667406
2024-08-10,-0.0010785754296191252
2024-08-11,0.03721354652343721
2024-08-12,-0.01075659964060797
2024-08-13,-0.02092453927711503
2024-08-14,0.0313783013916643
2024-08-15,0.02024486209713598
2024-08-16,-0.022911430101342656
2024-08-17,-0.009881840637262366
2024-08-18,0.01687023792647201
2024-08-19,-0.017113663556006083
2024-08-20,0.008112024604757306
2024-08-21,-0.035987487774751865
2024-08-22,0.013052114105543453
2024-08-23,-0.05966667778992524
2024-08-24,-0.0013196308130850045
2024-08-25,-0.0024052261605437084
2024-08-26,0.022842512079134417
2024-08-27,0.05519287756090793
2024-08-28,0.00804021450926693
2024-08-29,-0.006089656742738993
2024-08-30,0.004534788620027655
2024-08-31,0.0025333050495830443
2024-09-01,0.028281771257721453
2024-09-02,-0.030696731082648924
2024-09-03,0.028857442236703133
2024-09-04,-0.009367548966836616
2024-09-05,0.031738730145491646
2024-09-06,0.04017885990554018
2024-09-07,-0.003532917856170691
2024-09-08,-0.012880905395702242
2024-09-09,-0.03894551366544674
2024-09-10,-0.010973955159393974
2024-09-11,0.005314110423381013
2024-09-12,-0.013576697629400721
2024-09-13,-0.0411907229072504
2024-09-14,0.009391286288541528
2024-09-15,0.013798343779418605
2024-09-16,0.016874951656180977
2024-09-17,-0.035717088660707746
2024-09-18,-0.02199433056839477
2024-09-19,-0.020721119053916288
2024-09-20,-0.0040040116474054175
2024-09-21,-0.0031893030164782386
2024-09-22,-0.003996604788029707
2024-09-23,0.005023067643079772
2024-09-24,-0.015234244172186632
2024-09-25,0.01818596455888868
2024-09-26,-0.03176403065562404
2024-09-27,-0.009309629648678252
2024-09-28,-0.0014730503557602514
2024-09-29,0.0038372626776130244
2024-09-30,0.03576247704956806
2024-10-01,0.04015297041725014
2024-10-02,0.0033625289659382266
2024-10-03,-0.0020860853737759526
2024-10-04,-0.021300283559387175
2024-10-05,-0.0003620026165009027
2024-10-06,-0.011672701783517451
2024-10-07,0.00931261159307203
2024-10-08,0.0016835665376192953
2024-10-09,0.025261155468464205
2024-10-10,0.005090366975952731
2024-10-11,-0.03537847936044716
2024-10-12,-0.01190629833225701
2024-10-13,0.005421094129359057
2024-10-14,-0.049580549288290116
2024-10-15,-0.014952642422039789
2024-10-16,-0.008490108547449185
2024-10-17,0.0031535287872272158
2024-10-18,-0.01500489704966544
2024-10-19,0.000819623721527923
2024-10-20,-0.009303330181939204
2024-10-21,0.023963262921302488
2024-10-22,9.56779931777652e-05
2024-10-23,0.013890438213698968
2024-10-24,-0.02569154796745315
2024-10-25,0.02253213347279499
2024-10-26,-0.00557070573324996
2024-10-27,-0.013555484057566741
2024-10-28,-0.028709215102556977
2024-10-29,-0.03944659057776213
2024-10-30,0.00525236341818716
2024-10-31,0.029806220896924952
2024-11-01,0.010490161236778449
2024-11-02,0.00278436278553029
2024-11-03,0.00794258611024876
2024-11-04,0.013615611362265724
2024-11-05,-0.022572112490931908
2024-11-06,-0.08666903126846402
2024-11-07,-0.0035076496874788744
2024-11-08,-0.008404323339316332
2024-11-09,-0.0030444063813357424
2024-11-10,-0.04700704537184314
2024-11-11,-0.09734014312496264
2024-11-12,0.008442066269106777
2024-11-13,-0.02944485048776148
2024-11-14,0.03749692231881138
2024-11-15,-0.04280211829142622
2024-11-16,0.00558881224411838
2024-11-17,0.007900350440318173
2024-11-18,-0.007725465406075372
2024-11-19,-0.019697543183651734
2024-11-20,-0.021381444998432572
2024-11-21,-0.04320463738221239
2024-11-22,-0.004991722095061175
2024-11-23,0.012404002529793906
2024-11-24,-0.0024162403264788948
2024-11-25,0.05140963729329047
2024-11-26,0.012069852534281012
2024-11-27,-0.04232881330495687
2024-11-28,0.003236310003132818
2024-11-29,-0.018736162907207532
2024-11-30,0.010442730465097628
2024-12-01,-0.008576311620290235
2024-12-02,0.014647119798360832
2024-12-03,-0.0014266034685602644
2024-12-04,-0.028408310872006196
2024-12-05,0.022266865312221884
2024-12-06,-0.03386480176780916
2024-12-07,-2.62704848226063e-05
2024-12-08,-0.013051327819741106
2024-12-09,0.03829250346621322
2024-12-10,0.007802793553987951
2024-12-11,-0.04547294957076326
2024-12-12,0.011232138149604486
2024-12-13,-0.014057223472297039
2024-12-14,0.0008508417934171539
2024-12-15,-0.02845237769652882
2024-12-16,-0.016460567443030164
2024-12-17,-0.0010452246330361938
2024-12-18,0.059179154653770175
2024-12-19,0.025825905125142587
2024-12-20,-0.002714273553183173
2024-12-21,0.00544879117211963
2024-12-22,0.022044180382015402
2024-12-23,0.0044121754491209825
2024-12-24,-0.041273994068279446
2024-12-25,-0.006294761562737073
2024-12-26,0.035921593296803764
2024-12-27,0.01716880486495554
2024-12-28,-0.010553910906912645
2024-12-29,0.017316317368601404
2024-12-30,0.00952898919172895
2024-12-31,-0.00844829005287248
2025-01-01,-0.010546386456946345
2025-01-02,-0.02579371069354611
2025-01-03,-0.01251903875349227
2025-01-04,-0.001311953703357832
2025-01-05,-0.0008011590284728617
2025-01-06,-0.03756185651681786
2025-01-07,0.05182428297869528
2025-01-08,0.019578857696565647
2025-01-09,0.027298849179035745
2025-01-10,-0.02369326562915915
2025-01-11,0.0014250624978636736
2025-01-12,0.0008268095689983134
2025-01-13,-0.000297197889065057
2025-01-14,-0.02112109307155958
2025-01-15,-0.04030666140622702
2025-01-16,0.007466135920999606
2025-01-17,-0.046087453886957834
2025-01-18,0.0005167685444558994
2025-01-19,0.032299629277246486
2025-01-20,-0.009128828074566006
2025-01-21,-0.03968183425876291
2025-01-22,0.023768546993042258
2025-01-23,-0.002958402684215798
2025-01-24,-0.00823181116278129
2025-01-25,0.0010006574570037008
2025-01-26,0.019597313563924395
2025-01-27,0.005809577851448121
2025-01-28,0.007425167615395995
2025-01-29,-0.023126120746530303
2025-01-30,-0.009903181107726793
2025-01-31,0.022500491172309005
2025-02-01,0.017227936971828707
2025-02-02,0.029919108206548826
2025-02-03,-0.03733783666464687
2025-02-04,0.03546789334061943
2025-02-05,0.012920048753753386
2025-02-06,0.00022926951799646017
2025-02-07,0.0006649766736617645
2025-02-08,0.00048321269944663663
2025-02-09,-0.00018282093727943363
2025-02-10,-0.009667728227994938
2025-02-11,0.01749792436938306
2025-02-12,-0.022088315919347463
2025-02-13,0.012976316589520155
2025-02-14,-0.009118577917229297
2025-02-15,-0.0007317962415499838
2025-02-16,0.014506383627455663
2025-02-17,0.004184968400662239
2025-02-18,0.0024445399934847232
2025-02-19,-0.01140703518992484
2025-02-20,-0.01742191135803241
2025-02-21,0.02271409470424543
2025-02-22,-0.00469334730219672
2025-02-23,0.0031509830703417255
2025-02-24,0.05175320553649131
2025-02-25,0.029776669354997204
2025-02-26,0.05072808622097089
2025-02-27,-0.00422598066095089
2025-02-28,0.003917962993897036
2025-03-01,-0.019470783362415745
2025-03-02,-0.09121501495686515
2025-03-03,0.09082270482945609
2025-03-04,-0.013348200634372372
2025-03-05,-0.03825541905303624
2025-03-06,0.007329931515325766
2025-03-07,0.0364383782693103
2025-03-08,0.006802656950121629
2025-03-09,0.06663174322153219
2025-03-10,0.026005355987276976
2025-03-11,-0.05367293406512474
2025-03-12,-0.010326959815815329
2025-03-13,0.032233767760911476
2025-03-14,-0.03517658147592443
2025-03-15,-0.00444422215127116
2025-03-16,0.021129378542194648
2025-03-17,-0.017953698574085318
2025-03-18,0.01627415768219446
2025-03-19,-0.048787879453061046
2025-03-20,0.0314259156183106
2025-03-21,0.0014737866362900664
2025-03-22,0.0025108802510379665
2025-03-23,-0.02615878981767563
2025-03-24,-0.016647018673748026
2025-03-25,0.0003110343685901033
2025-03-26,0.006547157036869115
2025-03-27,-0.0031735085032361422
2025-03-28,0.032929565500329085
2025-03-29,0.02103168000812764
2025-03-30,0.0031899515997126566
2025-03-31,-0.002600512811616096
2025-04-01,-0.03124852053156838
2025-04-02,0.03201445832298525
2025-04-03,-0.007453656492041082
2025-04-04,-0.008876865806506007
2025-04-05,0.004051522069073574
2025-04-06,0.06544922522509501
2025-04-07,-0.012967507560798076
2025-04-08,0.03811707626174969
2025-04-09,-0.07938900944238107
2025-04-10,0.0363518545774045
2025-04-11,-0.04636385379527456
2025-04-12,-0.022317029488567466
2025-04-13,0.018963852136872177
2025-04-14,-0.010193602875445013
2025-04-15,0.010384627625774925
2025-04-16,-0.004351453244225117
2025-04-17,-0.010204134780153822
2025-04-18,0.005254861395886236
2025-04-19,-0.007227854353502602
2025-04-20,-0.0013027740444132617
2025-04-21,-0.027155041278542923
2025-04-22,-0.06548491099549585
2025-04-23,-0.0027489316822658697
2025-04-24,-0.0026080137382399186
2025-04-25,-0.008233751969906927
2025-04-26,0.0007770112983303527
2025-04-27,0.009470108357138424
2025-04-28,-0.012969852186459676
2025-04-29,0.0073333094254447225
2025-04-30,0.0008220669855229902
2025-05-01,-0.023965778896188162
2025-05-02,-0.004319853436324106
2025-05-03,0.010562998380901132
2025-05-04,0.016569841900567834
2025-05-05,-0.004570714740087168
2025-05-06,-0.021451265529472022
2025-05-07,-0.002371543824223951
2025-05-08,-0.062026403533745514
2025-05-09,0.002624571996284568
2025-05-10,-0.016618093181868365
2025-05-11,0.005650983970075977
2025-05-12,0.012501714607270616
2025-05-13,-0.013111031807523908
2025-05-14,0.006070027639406428
2025-05-15,-0.0019801487371228356
2025-05-16,0.002464381118651062
2025-05-17,0.0028856472892223486
2025-05-18,-0.031055414958406476
2025-05-19,0.007920998372646527
2025-05-20,-0.011157568710076757
2025-05-21,-0.026675054496876065
2025-05-22,-0.01802796394236439
2025-05-23,0.04006256233899459
2025-05-24,-0.004680702474076876
2025-05-25,-0.011476897551184374
2025-05-26,-0.0037072948540294247
2025-05-27,0.00408109657520394
2025-05-28,0.010999457493792041
2025-05-29,0.020245528009254558
2025-05-30,0.015676574887611795
2025-05-31,-0.006130518270315466
2025-06-01,-0.009643965283822335
2025-06-02,-0.0021692037754339633
2025-06-03,0.004250198055930138
2025-06-04,0.006666084188030525
2025-06-05,0.030597731847037197
2025-06-06,-0.02733035306445883
2025-06-07,-0.011669145986995247
2025-06-08,-0.0016841596083658347
2025-06-09,-0.041659964564867834
2025-06-10,0.00033431842692466013
2025-06-11,0.01434738860972619
2025-06-12,0.02569916684533185
2025-06-13,-0.0015273471943905203
2025-06-14,0.005847555254663668
2025-06-15,-0.0007545779547483326
2025-06-16,-0.011723623976989297
2025-06-17,0.020773336361813687
2025-06-18,-0.0026943395038619066
2025-06-19,0.0018995217392710328
2025-06-20,0.013218729770939191
2025-06-21,0.010237095073649533
2025-06-22,0.012500036871865046
2025-06-23,-0.0444546821160779
2025-06-24,-0.004421629398587352
2025-06-25,-0.012329889288552448
2025-06-26,0.00374445620028651
2025-06-27,-0.00120000602760066
2025-06-28,-0.002231861322037002
2025-06-29,-0.009808164803266642
2025-06-30,0.011602107852204922
2025-07-01,0.013504224993731051
2025-07-02,-0.02946777720135706
2025-07-03,-0.007218611789243165
2025-07-04,0.014825919147368482
2025-07-05,-0.0018203901235928528
2025-07-06,-0.009205212306969758
2025-07-07,0.008570920982479692
2025-07-08,-0.005987787747688724
2025-07-09,-0.021576245274881944
2025-07-10,-0.04101205071842649
2025-07-11,-0.013103070357299034
2025-07-12,0.000696019205401959
2025-07-13,-0.014211873752884076
2025-07-14,-0.00613969178492453
2025-07-15,0.017443885857792257
2025-07-16,-0.008129063950949825
2025-07-17,-0.0046325315439855776
2025-07-18,0.010844225617985717
2025-07-19,0.000536145993420385
2025-07-20,0.005434339336073631
2025-07-21,-0.0011821574696331473
2025-07-22,-0.021529885923986695
2025-07-23,0.010391307548023082
2025-07-24,0.0032638027078905844
2025-07-25,0.0062043007703418435
2025-07-26,-0.002644369296284202
2025-07-27,-0.012646766556765231
2025-07-28,0.012840860304521964
2025-07-29,1.9742703547879838e-05
2025-07-30,0.0007716619716275345
2025-07-31,0.01774942596736902
2025-08-01,0.0212871264623786
2025-08-02,0.0070240041801152295
2025-08-03,-0.014913601071925728
2025-08-04,-0.007450970809323143
2025-08-05,0.008118573366820805
2025-08-06,-0.007737149330479471
2025-08-07,-0.021236359971131914
2025-08-08,0.006902004196733544
2025-08-09,0.0016155749975506003
2025-08-10,-0.02380361527108938
2025-08-11,0.004833792329587668
2025-08-12,-0.012067410412961721
2025-08-13,-0.02604611531030144
2025-08-14,0.04125044324166835
2025-08-15,0.008154397097906272
2025-08-16,-0.000791861061786004
2025-08-17,0.000325941461445338
2025-08-18,0.01027584894774574
2025-08-19,0.029870220205219213
2025-08-20,-0.012712851606869349
2025-08-21,0.016372327846506683
2025-08-22,-0.03886392642477823
2025-08-23,0.012915297318543016
2025-08-24,0.01674535783150271
2025-08-25,0.029826315528831894
2025-08-26,-0.01512512333952803
2025-08-27,0.00520655346926939
2025-08-28,-0.011822640333317674
2025-08-29,0.03742335971466304
2025-08-30,-0.0036574608046354446
2025-08-31,0.005264910692760397
2025-09-01,-0.00932367209897638
2025-09-02,-0.017691382281182146
2025-09-03,-0.004688830576405435
2025-09-04,0.00898746169776838
2025-09-05,0.0006560571512495267
2025-09-06,0.0038599957441809024
2025-09-07,-0.008518160055379413
2025-09-08,-0.008097306013038336
2025-09-09,0.004837916692699648
2025-09-10,-0.02150827089182057
2025-09-11,-0.013529013824572132
2025-09-12,-0.005129680319349263
2025-09-13,0.0013020381457220277
2025-09-14,0.0046927460797969575
2025-09-15,-0.00032244610982561805
2025-09-16,-0.012039614740681204
2025-09-17,0.003211840787451935
2025-09-18,-0.005725006775122414
2025-09-19,0.012441583362179643
2025-09-20,-0.0002860848311332532
2025-09-21,0.0036001483649767967
2025-09-22,0.02243053331974822
2025-09-23,0.006531416615244119
2025-09-24,-0.011663525697123141
2025-09-25,0.038491879643615556
2025-09-26,-0.00606632543055882
2025-09-27,0.00028152733285390487
2025-09-28,-0.022008506441889
2025-09-29,-0.020111147409077906
2025-09-30,0.0030141158842399056
2025-10-01,-0.03947865276779501
2025-10-02,-0.016983874858595087
2025-10-03,-0.013050507216426515
2025-10-04,-0.0012987632223538373
2025-10-05,-0.008848164694084894
2025-10-06,-0.009981752928713129
2025-10-07,0.02681798376519831
2025-10-08,-0.015551259305387295
2025-10-09,0.01346040236705057
2025-10-10,0.07232182184699049
2025-10-11,0.021485160033407134
2025-10-12,-0.038609346343899696
2025-10-13,-0.0008792929662890047
2025-10-14,0.01884916344559421
2025-10-15,0.020862578290898413
2025-10-16,0.02372248478317967
2025-10-17,0.016009839805348834
2025-10-18,-0.006837580349705927
2025-10-19,-0.013605430464268035
2025-10-20,-0.01753449073833947
2025-10-21,0.019282830173496076
2025-10-22,0.007293562270818725
2025-10-23,-0.021870444424777702
2025-10-24,-0.008721714285261932
2025-10-25,-0.005459116892619
2025-10-26,-0.025039267744803344
2025-10-27,0.0030895028553826285
2025-10-28,0.010244824086811922
2025-10-29,0.02601680546576632
2025-10-30,0.01602663895461955
2025-10-31,-0.01148096119628519
2025-11-01,-0.004624825172493095
2025-11-02,-0.005216141233319792
2025-11-03,0.03768718290100999
2025-11-04,0.04764085753760775
2025-11-05,-0.022400061321748738
2025-11-06,0.025251182491850755
2025-11-07,-0.02023892596873405
2025-11-08,0.010603212214200236
2025-11-09,-0.023551839699680072
2025-11-10,-0.01212026933646231
2025-11-11,0.028702546476841843
2025-11-12,0.013039146642676998
2025-11-13,0.019524742976585432
2025-11-14,0.05462287113659148
2025-11-15,-0.01212310649874722
2025-11-16,0.014463938461922525
2025-11-17,0.02236838271634354
2025-11-18,-0.009241173563305538
2025-11-19,0.016082377699808928
2025-11-20,0.05429914313161118
2025-11-21,0.017950490472289502
2025-11-22,0.00521187239368071
2025-11-23,-0.025158586579000386
2025-11-24,-0.016742357810839485
2025-11-25,0.01057647695675446
2025-11-26,-0.03572258791333639
2025-11-27,-0.008437806108495432
2025-11-28,0.004018666774419681
2025-11-29,0.00074277862694653
2025-11-30,0.005047792573132774
2025-12-01,0.04610183805407602
2025-12-02,-0.05662099387030378
2025-12-03,-0.023558262011831657
2025-12-04,0.014931972865932171
2025-12-05,0.030343059975675362
2025-12-06,0.0012916460625568118
2025-12-07,-0.012614572226014349
2025-12-08,-0.002591195979813834
2025-12-09,-0.022381192698197744
2025-12-10,0.007262832846635849
2025-12-11,-0.0053149701081481185
2025-12-12,0.024521421452147512
2025-12-13,-0.0003134187556330964
2025-12-14,0.02379767101791624
2025-12-15,0.020108914713088392
2025-12-16,-0.016345736935078115
2025-12-17,0.019544833040854463
2025-12-18,0.007939728497768105
2025-12-19,-0.030433154968407768
2025-12-20,-0.002727355122150639
2025-12-21,-0.0031390280669266876
2025-12-22,0.0014875849588890807
2025-12-23,0.012234274952953525
2025-12-24,-0.002262076104062497
2025-12-25,0.0043148578556266
2025-12-26,-0.0007641682813230021
2025-12-27,-0.00571921956587603
2025-12-28,-0.0003835125589097617
2025-12-29,0.007974888882579774
2025-12-30,-0.01471809780879094
2025-12-31,0.010473099349299821
2026-01-01,-0.013880733660550057
2026-01-02,-0.013574570130194885
2026-01-03,-0.007294409627148249
2026-01-04,-0.008903689947606831
2026-01-05,-0.02665149838136465
2026-01-06,0.00163660971149983
2026-01-07,0.026168967250151644
2026-01-08,0.003081466892755565
2026-01-09,0.005662930149506993
2026-01-10,0.0013980466595052143
2026-01-11,-0.004865110901100388
2026-01-12,-0.004016380962680633
2026-01-13,-0.044280285031478225
2026-01-14,-0.016723797821879046
2026-01-15,0.014320038274756287
2026-01-16,0.00027287855188963723
2026-01-17,0.004461072057980408
2026-01-18,0.015529993658124637
2026-01-19,0.011610285761608208
2026-01-20,0.046924255054821146
2026-01-21,-0.011999327760148783
2026-01-22,-0.0009560777691027553
2026-01-23,-0.00046290133092210693
2026-01-24,0.004402117623558332
2026-01-25,0.028900838361794735
2026-01-26,-0.01938894055131375
2026-01-27,-0.00942027656458104
2026-01-28,-0.0009198645005418251
2026-01-29,0.053227949504083015
2026-01-30,0.005132847429550004
2026-01-31,0.06770691927198588
2026-02-01,0.021166842147211495
2026-02-02,-0.022026908157821636
2026-02-03,0.03960046937497693
2026-02-04,0.035170615941758965
2026-02-05,0.1523344080304475
2026-02-06,-0.118003181433477
2026-02-07,0.018213402812750957
2026-02-08,-0.01408523588474713
2026-02-09,0.0020507154219692207
2026-02-10,0.01910323758989731
2026-02-11,0.026543221212374526
2026-02-12,0.01156236827483507
2026-02-13,-0.03903376935715579
2026-02-14,-0.013125933067848304
2026-02-15,0.014138040068878806
2026-02-16,-0.0007987824782500607
2026-02-17,0.019788873300286218
2026-02-18,0.015963632260214883
2026-02-19,-0.007980125994704771
2026-02-20,-0.015528995656632263
2026-02-21,2.4354972344490844e-05
2026-02-22,0.005076923598302017
2026-02-23,0.04601267313564273
2026-02-24,0.00834051043874472
2026-02-25,-0.05878816281087323
2026-02-26,0.007478610812400483
2026-02-27,0.023580345399758597
2026-02-28,-0.016768637200983847
2026-03-01,0.018952127255243773
2026-03-02,-0.04517399874225875
2026-03-03,0.007035921401254354
2026-03-04,-0.06267011054362281
2026-03-05,0.026047184090688055
2026-03-06,0.03892676222985379
2026-03-07,0.012760002816373808
2026-03-08,0.019556151272463178
2026-03-09,-0.036210883133673905
2026-03-10,-0.022043063053682945
2026-03-11,-0.003967140831024369
2026-03-12,-0.004102088510358853
2026-03-13,-0.006712861238543366
2026-03-14,-0.0034653905327112298
2026-03-15,-0.021879197879022205
2026-03-16,-0.028056806108927662
2026-03-17,0.012617278563279094
2026-03-18,0.03688417423341742
2026-03-19,0.01888416104762736
2026-03-20,-0.008684431647448684
2026-03-21,0.026016105631017767
2026-03-22,0.012688120086084904
2026-03-23,-0.04425119303469704
2026-03-24,0.005613991531695598
2026-03-25,-0.011168924480813245
2026-03-26,0.03595291880741613
2026-03-27,0.03631346968520713
2026-03-28,0.0002816215791388498
2026-03-29,0.005515409833700628
2026-03-30,-0.011105181731209317
2026-03-31,-0.022856210162579323
2026-04-01,0.002270644254019965
2026-04-02,0.017634149228875802
2026-04-03,-0.0006356502125007872
2026-04-04,-0.005355544495529739
2026-04-05,-0.024824828794848448
2026-04-06,0.0017711667933321205
2026-04-07,-0.043769250088650125
2026-04-08,0.011426386592901714
2026-04-09,-0.00902047398791368
2026-04-10,-0.01673607145352826
2026-04-11,-0.0010302658186926742
2026-04-12,0.03200195641601119
2026-04-13,-0.05139225778223328
2026-04-14,0.004076670658997154
2026-04-15,-0.00836950468372944
2026-04-16,-0.004628724487070657
2026-04-17,-0.025937296578403095
2026-04-18,0.018327445076503752
2026-04-19,0.025002336494923415
2026-04-20,-0.02693259727225901
2026-04-21,-0.006309747501944813
2026-04-22,-0.02394495237334366
2026-04-23,-0.0008417038623198857
2026-04-24,0.010449855400701123
2026-04-25,-0.0020210985800430967
2026-04-26,-0.01338122502813899
2026-04-27,0.016547994707933746
2026-04-28,0.013218654490737211
2026-04-29,0.0075534590417408835
2026-04-30,-0.006946186875134918
2026-05-01,-0.02427150989403538
2026-05-02,-0.006098736514783506
2026-05-03,0.0015143369624661424
2026-05-04,-0.01628767686490818
2026-05-05,-0.013675043806522565
2026-05-06,-0.006165248057273942
2026-05-07,0.017561908350902416
2026-05-08,-0.0022069548930199264
2026-05-09,-0.005938447031188693
2026-05-10,-0.018115146956791082
2026-05-11,0.005011785219488408
2026-05-12,0.015422747705667463
2026-05-13,0.015028018231235505
2026-05-14,-0.022132143698821827
2026-05-15,0.02480277513696735
2026-05-16,0.011886390842574117
2026-05-17,0.009026576797854137
2026-05-18,0.006155853649121142
2026-05-19,0.002644879999712329
2026-05-20,-0.009167734783614812
2026-05-21,-0.0010503232153248991
2026-05-22,0.026806340702622146
2026-05-23,-0.015577503022418468
2026-05-24,-0.004005847400396048
2026-05-25,-0.003874018128693613
2026-05-26,0.018996541405031864
2026-05-27,0.019725310724108713
2026-05-28,0.010929802661887332
2026-05-29,0.0022330998228095003
2026-05-30,-0.005197039654902875
2026-05-31,0.002377562514476544
2026-06-01,0.031195386303294676
2026-06-02,0.06691384852525814
2026-06-03,0.041152222290191665
2026-06-04,0.003329681149437111
2026-06-05,0.046172542625212365
2026-06-06,0.0009073630482773938
2026-06-07,-0.0382314561194156
2026-06-08,0.0023577871851843952
2026-06-09,0.023199274916972237
2026-06-10,0.00316008608540611
2026-06-11,-0.03378866852406486
2026-06-12,0.0002809578486747506
2026-06-13,-0.01372472245570358
2026-06-14,-0.019812484755317328
2026-06-15,-0.0087743291428838
2026-06-16,0.010446052081715382
2026-06-17,0.01818545153086442
2026-06-18,0.023909926459543353
2026-06-19,-0.0101927013006599
2026-06-20,-0.01093823779640829
2026-06-21,0.01572292530514671
2026-06-22,-0.011236353824842346
2026-06-23,0.02028318896027214
2026-06-24,0.027057191162537193
2026-06-25,0.021099038116469408
2026-06-26,-0.004923319948585001
2026-06-27,0.0012726617424323222
2026-06-28,0.006825999440473744
2026-06-29,-0.010128530183576383
2026-06-30,0.026615830286262104
2026-07-01,-0.024374798891813786
2026-07-02,-0.024390944088390595
2026-07-03,-0.01707535974546987
2026-07-04,-0.00866191238397133
2026-07-05,-0.007258275090508953
2026-07-06,-0.007011517689840301
2026-07-07,0.01096103180817717
2026-07-08,0.016563965519348627
2026-07-09,-0.014915682336986301
2026-07-10,-0.01467180052315595
2026-07-11,0.005082718606355573
2026-07-12,0.0006868690961942699
2026-07-13,0.024114338771437895
2026-07-14,-0.04272810304426096
2026-07-15,0.0037594109647903352
2026-07-16,0.014367279855176223
2026-07-17,-0.0017257545646935989
2026-07-18,-0.01394223164475083
2026-07-19,0.0016340878484766735
2026-07-20,-0.008300835886390828
2026-07-21,-0.019359107363714313
2026-07-22,0.006098209978869258
2026-07-23,0.016104346952909084
2026-07-24,0.014655553654227636
2026-07-25,-0.0033224217714330475
2026-07-26,-0.015865685940396487
2026-07-27,0.025033652988595313
2026-07-28,-0.0022957554728576246
2026-07-29,-0.0005760654802496461
2026-07-30,-0.01270511594195683
2026-07-31,0.02997835702863742
2026-08-01,0.0008031049841085494
2026-08-02,-0.011385569767075112
2026-08-03,0.0003324575530272348
2026-08-04,-0.00933302539348361
2026-08-05,-0.008418741360802475
2026-08-06,0.0052054707838791285
2026-08-07,-0.00957212039536744
2026-08-08,-0.00037748764335751974
2026-08-09,0.0009217877722439945
2026-08-10,0.014513048045569134
2026-08-11,0.00562851025881392
2026-08-12,0.0023542560615523694
2026-08-13,4.127906065128786e-06
2026-08-14,0.006750867021094253
2026-08-15,-0.0007734380660748331
2026-08-16,0.003268647386863184
2026-08-17,-0.026510137670231988
2026-08-18,-0.002700847372800676
2026-08-19,-0.0684938460027011
2026-08-20,-0.05295120538976306
2026-08-21,-0.07008881775516321
2026-08-22,0.016108760387506423
2026-08-23,-0.008678138825315892
2026-08-25,-0.03132695135299726
